fid,id,left,top,right,bottom,row_index,col_index,Mahalle_Name_Turkish,Mahalle_Name_English,population_mahalle,poi_atm,poi_bank,poi_hospital,poi_school,poi_university,poi_post_office,poi_transport,poi_bus_stop,lon,lat,is_forbidden,nearby_locker_count,existing_locker_count,grid_count_by_mahalle,population_candidate,poi_score,demand_final
1,4074,675024.784158359,4538169.65412214,675124.784158359,4538069.65412214,41,56,19 Mayıs Mahallesi,19 MAYIS,31864,0,9,1,1,0,0,0,3,29.0808713052026,40.9754740305799,0,0,0,139,220,0.1583737817702994,237.42111599473293
2,4147,675124.784158359,4538069.65412214,675224.784158359,4537969.65412214,42,57,19 Mayıs Mahallesi,19 MAYIS,31864,0,7,1,2,0,0,0,4,29.0820308017219,40.9745523440589,0,0,0,139,267,0.1643014930481656,288.9342493219301
3,4146,675124.784158359,4538169.65412214,675224.784158359,4538069.65412214,41,57,19 Mayıs Mahallesi,19 MAYIS,31864,0,7,1,5,0,0,0,4,29.0820591175625,40.9754525758892,0,0,0,139,197,0.1789181740531609,214.6234401442364
4,4145,675124.784158359,4538269.65412214,675224.784158359,4538169.65412214,40,57,19 Mayıs Mahallesi,19 MAYIS,31864,0,5,1,6,0,0,0,2,29.0820874346852,40.9763528075623,0,0,0,139,133,0.171379302336543,144.3967236053801
5,4216,675224.784158359,4538369.65412214,675324.784158359,4538269.65412214,39,58,19 Mayıs Mahallesi,19 MAYIS,31864,0,0,1,5,0,0,0,4,29.0833035964213,40.977231570805,0,0,0,139,258,0.1351865231725383,275.4390614892574
6,4217,675224.784158359,4538269.65412214,675324.784158359,4538169.65412214,40,58,19 Mayıs Mahallesi,19 MAYIS,31864,0,2,1,5,0,0,0,3,29.0832752618893,40.9763313399659,0,0,0,139,262,0.1562205487296436,282.46489188358333
7,4218,675224.784158359,4538169.65412214,675324.784158359,4538069.65412214,41,58,19 Mayıs Mahallesi,19 MAYIS,31864,0,6,1,5,0,0,0,4,29.0832469286402,40.9754311089696,0,0,0,139,261,0.1761099449556785,283.982347816716
8,4219,675224.784158359,4538069.65412214,675324.784158359,4537969.65412214,42,58,19 Mayıs Mahallesi,19 MAYIS,31864,0,6,1,4,0,0,0,2,29.0832185966739,40.9745308778161,0,0,0,139,272,0.1675258358286558,294.7835136726972
9,4220,675224.784158359,4537969.65412214,675324.784158359,4537869.65412214,43,58,19 Mayıs Mahallesi,19 MAYIS,31864,0,7,1,3,0,0,0,2,29.0831902659905,40.9736306465054,0,0,0,139,279,0.1656285446566238,302.105181979599
10,4221,675224.784158359,4537869.65412214,675324.784158359,4537769.65412214,44,58,19 Mayıs Mahallesi,19 MAYIS,31864,1,6,1,2,0,0,0,2,29.0831619365898,40.9727304150375,0,0,0,139,272,0.1725946155734734,295.4728677179924
11,4226,675224.784158359,4537369.65412214,675324.784158359,4537269.65412214,49,58,19 Mayıs Mahallesi,19 MAYIS,31864,0,1,0,1,0,0,0,2,29.0830203088248,40.9682292553402,0,0,0,139,290,0.0393867775861625,295.7110827499936
12,4227,675224.784158359,4537269.65412214,675324.784158359,4537169.65412214,50,58,19 Mayıs Mahallesi,19 MAYIS,31864,0,1,0,1,0,0,0,1,29.082991987119,40.9673290229292,0,0,0,139,278,0.0356248889926384,282.9518595699768
13,4287,675324.784158359,4538469.65412214,675424.784158359,4538369.65412214,38,59,19 Mayıs Mahallesi,19 MAYIS,31864,0,0,0,3,0,0,0,5,29.0845197904124,40.9781103203069,0,0,0,139,264,0.0458572326583859,270.053154710907
14,4288,675324.784158359,4538369.65412214,675424.784158359,4538269.65412214,39,59,19 Mayıs Mahallesi,19 MAYIS,31864,0,0,1,4,0,0,0,5,29.0844914384696,40.9772100903022,0,0,0,139,264,0.1330334050729512,281.5604094696296
15,4289,675324.784158359,4538269.65412214,675424.784158359,4538169.65412214,40,59,19 Mayıs Mahallesi,19 MAYIS,31864,0,0,1,5,0,0,0,4,29.0844630878105,40.9763098601404,0,0,0,139,164,0.1351865231725383,175.08529490014814
16,4290,675324.784158359,4538169.65412214,675424.784158359,4538069.65412214,41,59,19 Mayıs Mahallesi,19 MAYIS,31864,0,3,1,6,0,0,0,3,29.084434738435,40.9754096298213,0,0,0,139,264,0.1655212794838567,285.84880889186906
17,4291,675324.784158359,4538069.65412214,675424.784158359,4537969.65412214,42,59,19 Mayıs Mahallesi,19 MAYIS,31864,0,6,1,4,0,0,0,2,29.0844063903432,40.9745093993449,0,0,0,139,256,0.1675258358286558,277.443306986068
18,4292,675324.784158359,4537969.65412214,675424.784158359,4537869.65412214,43,59,19 Mayıs Mahallesi,19 MAYIS,31864,1,6,1,2,0,0,0,2,29.0843780435349,40.9736091687114,0,0,0,139,272,0.1725946155734734,295.4728677179924
19,4293,675324.784158359,4537869.65412214,675424.784158359,4537769.65412214,44,59,19 Mayıs Mahallesi,19 MAYIS,31864,1,5,1,3,0,0,0,2,29.08434969801,40.9727089379206,0,0,0,139,279,0.1754192237294159,303.4709817102536
20,4294,675324.784158359,4537769.65412214,675424.784158359,4537669.65412214,45,59,19 Mayıs Mahallesi,19 MAYIS,31864,1,5,0,4,0,0,0,5,29.0843213537686,40.9718087069727,0,0,0,139,279,0.1040850828813151,293.51986906194344
21,4295,675324.784158359,4537669.65412214,675424.784158359,4537569.65412214,46,59,19 Mayıs Mahallesi,19 MAYIS,31864,1,1,0,3,0,0,0,5,29.0842930108104,40.9709084758675,0,0,0,139,275,0.0762752203649953,285.48784280018685
22,4296,675324.784158359,4537569.65412214,675424.784158359,4537469.65412214,47,59,19 Mayıs Mahallesi,19 MAYIS,31864,1,1,0,2,0,0,0,3,29.0842646691355,40.9700082446052,0,0,0,139,262,0.0664468610394014,270.7045387961616
23,4297,675324.784158359,4537469.65412214,675424.784158359,4537369.65412214,48,59,19 Mayıs Mahallesi,19 MAYIS,31864,1,3,0,1,0,0,0,2,29.0842363287438,40.9691080131856,0,0,0,139,292,0.0698047652927719,302.19149573274467
24,4298,675324.784158359,4537369.65412214,675424.784158359,4537269.65412214,49,59,19 Mayıs Mahallesi,19 MAYIS,31864,0,3,0,1,0,0,1,2,29.0842079896353,40.9682077816088,0,0,0,139,279,0.1066349442171367,293.8755747182906
25,4299,675324.784158359,4537269.65412214,675424.784158359,4537169.65412214,50,59,19 Mayıs Mahallesi,19 MAYIS,31864,0,4,0,1,0,0,1,4,29.0841796518098,40.9673075498748,0,0,0,139,290,0.1160671790255076,306.82974095869866
26,4360,675424.784158359,4538369.65412214,675524.784158359,4538269.65412214,39,60,19 Mayıs Mahallesi,19 MAYIS,31864,0,0,0,3,0,0,0,5,29.0856792792341,40.9771885975699,0,0,0,139,268,0.0458572326583859,274.1448691762237
27,4361,675424.784158359,4538269.65412214,675524.784158359,4538169.65412214,40,60,19 Mayıs Mahallesi,19 MAYIS,31864,0,0,2,4,0,0,0,4,29.085650912448,40.9762883680857,0,0,0,139,259,0.1795840720840008,282.2561373348781
28,4362,675424.784158359,4538169.65412214,675524.784158359,4538069.65412214,41,60,19 Mayıs Mahallesi,19 MAYIS,31864,0,0,2,5,0,0,0,2,29.0856225469463,40.9753881384441,0,0,0,139,264,0.1786893429638002,287.5869932712217
29,4363,675424.784158359,4538069.65412214,675524.784158359,4537969.65412214,42,60,19 Mayıs Mahallesi,19 MAYIS,31864,0,1,2,3,0,0,0,1,29.0855941827289,40.9744879086454,0,0,0,139,268,0.1809544610575582,292.2478977817128
30,4364,675424.784158359,4537969.65412214,675524.784158359,4537869.65412214,43,60,19 Mayıs Mahallesi,19 MAYIS,31864,0,2,1,3,0,0,0,3,29.0855658197958,40.9735876786894,0,0,0,139,270,0.1476703384567181,289.9354956916569
31,4365,675424.784158359,4537869.65412214,675524.784158359,4537769.65412214,44,60,19 Mayıs Mahallesi,19 MAYIS,31864,1,3,1,3,0,0,0,3,29.0855374581469,40.9726874485762,0,0,0,139,281,0.1695612008767296,304.8233487231805
32,4366,675424.784158359,4537769.65412214,675524.784158359,4537669.65412214,45,60,19 Mayıs Mahallesi,19 MAYIS,31864,1,1,0,2,0,0,0,4,29.0855090977821,40.9717872183057,0,0,0,139,278,0.0685171777291015,287.5238877043451
33,4367,675424.784158359,4537669.65412214,675524.784158359,4537569.65412214,46,60,19 Mayıs Mahallesi,19 MAYIS,31864,1,1,0,3,0,0,0,3,29.0854807387013,40.9708869878781,0,0,0,139,278,0.0725133317714712,288.07935311623453
34,4368,675424.784158359,4537569.65412214,675524.784158359,4537469.65412214,47,60,19 Mayıs Mahallesi,19 MAYIS,31864,1,3,0,2,0,0,0,3,29.0854523809046,40.9699867572932,0,0,0,139,289,0.0810240779996089,300.70797927094355
35,4369,675424.784158359,4537469.65412214,675524.784158359,4537369.65412214,48,60,19 Mayıs Mahallesi,19 MAYIS,31864,1,3,0,1,0,0,1,4,29.0854240243917,40.969086526551,0,0,0,139,259,0.1272151340871501,275.474359864286
36,4370,675424.784158359,4537369.65412214,675524.784158359,4537269.65412214,49,60,19 Mayıs Mahallesi,19 MAYIS,31864,0,5,0,1,0,0,1,5,29.0853956691627,40.9681862956517,0,0,0,139,286,0.1215930605311701,303.3878076559573
37,4371,675424.784158359,4537269.65412214,675524.784158359,4537169.65412214,50,60,19 Mayıs Mahallesi,19 MAYIS,31864,0,5,0,0,0,0,1,5,29.0853673152175,40.9672860645951,0,0,0,139,287,0.1069763795261748,302.3511104620061
38,4372,675424.784158359,4537169.65412214,675524.784158359,4537069.65412214,51,60,19 Mayıs Mahallesi,19 MAYIS,31864,0,5,0,1,0,0,1,3,29.085338962556,40.9663858333813,0,0,0,139,265,0.1178311719376461,280.6126302817381
39,4429,675524.784158359,4538669.65412214,675624.784158359,4538569.65412214,36,61,19 Mayıs Mahallesi,19 MAYIS,31864,0,8,0,0,0,1,0,7,29.0869522751645,40.9798677780835,0,0,0,139,236,0.1360836438040815,252.0578699688816
40,4430,675524.784158359,4538569.65412214,675624.784158359,4538469.65412214,37,61,19 Mayıs Mahallesi,19 MAYIS,31864,0,7,0,1,0,0,0,7,29.0869238883958,40.978967549749,0,0,0,139,225,0.0776413049679247,233.7346468088916
41,4431,675524.784158359,4538469.65412214,675624.784158359,4538369.65412214,38,61,19 Mayıs Mahallesi,19 MAYIS,31864,0,3,0,3,0,0,0,5,29.0868955029123,40.9780673212572,0,0,0,139,270,0.075011666578801,280.12657498813815
42,4432,675524.784158359,4538369.65412214,675624.784158359,4538269.65412214,39,61,19 Mayıs Mahallesi,19 MAYIS,31864,0,1,1,3,0,0,0,6,29.0868671187142,40.9771670926082,0,0,0,139,259,0.1443353054298287,277.69142205316285
43,4433,675524.784158359,4538269.65412214,675624.784158359,4538169.65412214,40,61,19 Mayıs Mahallesi,19 MAYIS,31864,0,0,1,4,0,0,0,4,29.0868387358012,40.9762668638019,0,0,0,139,216,0.1313418331691273,230.18491798226572
44,4434,675524.784158359,4538169.65412214,675624.784158359,4538069.65412214,41,61,19 Mayıs Mahallesi,19 MAYIS,31864,0,0,2,4,0,0,0,4,29.0868103541733,40.9753666348383,0,0,0,139,99,0.1795840720840008,107.88941156815804
45,4435,675524.784158359,4538069.65412214,675624.784158359,4537969.65412214,42,61,19 Mayıs Mahallesi,19 MAYIS,31864,0,0,2,2,0,0,0,3,29.0867819738304,40.9744664057175,0,0,0,139,58,0.1667417643927164,62.83551116738877
46,4436,675524.784158359,4537969.65412214,675624.784158359,4537869.65412214,43,61,19 Mayıs Mahallesi,19 MAYIS,31864,0,0,2,3,0,0,0,2,29.0867535947726,40.9735661764394,0,0,0,139,100,0.1701391326908747,108.50695663454373
47,4437,675524.784158359,4537869.65412214,675624.784158359,4537769.65412214,44,61,19 Mayıs Mahallesi,19 MAYIS,31864,1,0,0,3,0,0,0,2,29.0867252169996,40.9726659470041,0,0,0,139,278,0.0552670123773521,285.682114720452
48,4438,675524.784158359,4537769.65412214,675624.784158359,4537669.65412214,45,61,19 Mayıs Mahallesi,19 MAYIS,31864,1,1,0,2,0,0,0,3,29.0866968405116,40.9717657174116,0,0,0,139,282,0.0664468610394014,291.3690074065556
49,4439,675524.784158359,4537669.65412214,675624.784158359,4537569.65412214,46,61,19 Mayıs Mahallesi,19 MAYIS,31864,1,1,0,2,0,0,0,4,29.0866684653083,40.9708654876618,0,0,0,139,282,0.0685171777291015,291.66092205980334
50,4440,675524.784158359,4537569.65412214,675624.784158359,4537469.65412214,47,61,19 Mayıs Mahallesi,19 MAYIS,31864,1,2,0,2,0,0,0,5,29.0866400913897,40.9699652577548,0,0,0,139,289,0.0787358749195233,300.37733392587114
51,4441,675524.784158359,4537469.65412214,675624.784158359,4537369.65412214,48,61,19 Mayıs Mahallesi,19 MAYIS,31864,0,3,0,2,0,0,1,5,29.0866117187557,40.9690650276905,0,0,0,139,293,0.1216161455174978,310.81676531831346
52,4442,675524.784158359,4537369.65412214,675624.784158359,4537269.65412214,49,61,19 Mayıs Mahallesi,19 MAYIS,31864,0,5,0,0,0,0,1,6,29.0865833474064,40.968164797469,0,0,0,139,284,0.1084065831923592,299.393734813315
53,4443,675524.784158359,4537269.65412214,675624.784158359,4537169.65412214,50,61,19 Mayıs Mahallesi,19 MAYIS,31864,0,5,0,0,0,0,1,4,29.0865549773415,40.9672645670902,0,0,0,139,216,0.1052848076223508,227.3707592232139
54,4444,675524.784158359,4537169.65412214,675624.784158359,4537069.65412214,51,61,19 Mayıs Mahallesi,19 MAYIS,31864,0,6,0,0,0,0,1,3,29.0865266085612,40.9663643365542,0,0,0,139,217,0.106456353508778,228.5505143557024
55,4515,675624.784158359,4537269.65412214,675724.784158359,4537169.65412214,50,62,19 Mayıs Mahallesi,19 MAYIS,31864,0,6,0,0,0,0,1,4,29.0877426381811,40.9672430573601,0,0,0,139,278,0.1085266701984781,293.08520715758846
56,4514,675624.784158359,4537369.65412214,675724.784158359,4537269.65412214,49,62,19 Mayıs Mahallesi,19 MAYIS,31864,0,5,0,0,0,0,1,4,29.0877710243655,40.9681432870606,0,0,0,139,287,0.1052848076223508,302.1083698938074
57,4513,675624.784158359,4537469.65412214,675724.784158359,4537369.65412214,48,62,19 Mayıs Mahallesi,19 MAYIS,31864,0,3,0,1,0,0,1,5,29.0877994118352,40.9690435166039,0,0,0,139,297,0.1130659352445723,313.7902913838189
58,4512,675624.784158359,4537569.65412214,675724.784158359,4537469.65412214,47,62,19 Mayıs Mahallesi,19 MAYIS,31864,0,2,0,1,0,0,0,5,29.0878278005901,40.96994374599,0,0,0,139,286,0.054344893900196,293.771319827728
59,4511,675624.784158359,4537669.65412214,675724.784158359,4537569.65412214,46,62,19 Mayıs Mahallesi,19 MAYIS,31864,0,0,0,2,0,0,0,4,29.0878561906305,40.9708439752188,0,0,0,139,293,0.0380991900224921,298.5815313382951
60,4510,675624.784158359,4537769.65412214,675724.784158359,4537669.65412214,45,62,19 Mayıs Mahallesi,19 MAYIS,31864,0,0,0,2,0,0,0,3,29.0878845819562,40.9717442042903,0,0,0,139,293,0.036028873332792,298.2782299432541
61,4509,675624.784158359,4537869.65412214,675724.784158359,4537769.65412214,44,62,19 Mayıs Mahallesi,19 MAYIS,31864,0,0,1,2,0,0,0,2,29.0879129745675,40.9726444332046,0,0,0,139,279,0.1158304230439313,295.1583440146284
62,4508,675624.784158359,4537969.65412214,675724.784158359,4537869.65412214,43,62,19 Mayıs Mahallesi,19 MAYIS,31864,0,0,1,2,0,0,0,3,29.0879413684644,40.9735446619616,0,0,0,139,138,0.1184995254778429,146.17646725797115
63,4585,675724.784158359,4537469.65412214,675824.784158359,4537369.65412214,48,63,19 Mayıs Mahallesi,19 MAYIS,31864,0,2,0,0,0,0,0,3,29.0889871036293,40.9690219932914,0,1,0,139,286,0.0359663243016766,291.1431843751397
64,4584,675724.784158359,4537569.65412214,675824.784158359,4537469.65412214,47,63,19 Mayıs Mahallesi,19 MAYIS,31864,0,0,0,1,0,0,0,3,29.0890155085052,40.9699222219989,0,1,0,139,298,0.0274786630598665,302.0943207959201
65,4583,675724.784158359,4537669.65412214,675824.784158359,4537569.65412214,46,63,19 Mayıs Mahallesi,19 MAYIS,31864,0,0,0,1,0,0,0,4,29.0890439146672,40.9708224505491,0,1,0,139,287,0.0295489797495666,291.2402785940628
66,4582,675724.784158359,4537769.65412214,675824.784158359,4537669.65412214,45,63,19 Mayıs Mahallesi,19 MAYIS,31864,0,0,0,2,0,0,0,4,29.0890723221154,40.9717226789419,0,0,0,139,287,0.0380991900224921,292.46723376822763
67,4581,675724.784158359,4537869.65412214,675824.784158359,4537769.65412214,44,63,19 Mayıs Mahallesi,19 MAYIS,31864,0,0,1,3,0,0,0,3,29.0891007308499,40.9726229071775,0,0,0,139,219,0.1245659962099127,232.63997658498545
68,4580,675724.784158359,4537969.65412214,675824.784158359,4537869.65412214,43,63,19 Mayıs Mahallesi,19 MAYIS,31864,0,0,1,3,0,0,0,4,29.0891291408706,40.9735231352559,0,0,0,139,120,0.1266363128996128,127.59817877397676
69,4655,675824.784158359,4537669.65412214,675924.784158359,4537569.65412214,46,64,19 Mayıs Mahallesi,19 MAYIS,31864,0,0,0,1,0,0,0,4,29.0902316374178,40.9708009136526,0,1,0,139,286,0.0295489797495666,290.225504104188
70,4654,675824.784158359,4537769.65412214,675924.784158359,4537669.65412214,45,64,19 Mayıs Mahallesi,19 MAYIS,31864,0,0,0,1,0,0,0,4,29.0902600609884,40.9717011413665,0,1,0,139,286,0.0295489797495666,290.225504104188
71,4653,675824.784158359,4537869.65412214,675924.784158359,4537769.65412214,44,64,19 Mayıs Mahallesi,19 MAYIS,31864,0,0,0,1,0,0,0,3,29.0902884858459,40.972601368923,0,0,0,139,220,0.0274786630598665,223.0226529365853
72,4652,675824.784158359,4537969.65412214,675924.784158359,4537869.65412214,43,64,19 Mayıs Mahallesi,19 MAYIS,31864,0,0,1,1,0,0,0,6,29.0903169119904,40.9735015963223,0,0,0,139,155,0.1151414074646258,163.9234590785085
73,4579,675724.784158359,4538069.65412214,675824.784158359,4537969.65412214,42,63,19 Mayıs Mahallesi,19 MAYIS,31864,0,0,1,1,0,0,0,5,29.0891575521777,40.9744233631769,0,0,0,139,44,0.1137112037984415,46.50164648356572
74,4507,675624.784158359,4538069.65412214,675724.784158359,4537969.65412214,42,62,19 Mayıs Mahallesi,19 MAYIS,31864,0,0,1,2,0,0,0,3,29.0879697636469,40.9744448905613,0,0,0,139,33,0.1184995254778429,34.95524217038441
75,4651,675824.784158359,4538069.65412214,675924.784158359,4537969.65412214,42,64,19 Mayıs Mahallesi,19 MAYIS,31864,0,0,1,1,0,0,0,7,29.0903453394221,40.9744018235642,0,0,0,139,156,0.116380306232353,165.07766388612356
76,4650,675824.784158359,4538169.65412214,675924.784158359,4538069.65412214,41,64,19 Mayıs Mahallesi,19 MAYIS,31864,0,0,2,1,0,0,0,6,29.0903737681409,40.9753020506489,0,0,0,139,97,0.1633836463794994,104.92410684940572
77,4578,675724.784158359,4538169.65412214,675824.784158359,4538069.65412214,41,63,19 Mayıs Mahallesi,19 MAYIS,31864,0,0,1,1,0,0,0,5,29.0891859647713,40.9753235909406,0,0,0,139,38,0.1137112037984415,40.16051287217039
78,4506,675624.784158359,4538169.65412214,675724.784158359,4538069.65412214,41,62,19 Mayıs Mahallesi,19 MAYIS,31864,0,0,1,1,0,0,0,5,29.0879981601152,40.9753451190038,0,0,0,139,30,0.1137112037984415,31.705668056976624
79,4649,675824.784158359,4538269.65412214,675924.784158359,4538169.65412214,40,64,19 Mayıs Mahallesi,19 MAYIS,31864,1,1,2,1,0,0,0,4,29.090402198147,40.9762022775762,0,0,0,139,191,0.1906798585161004,209.2099264882876
80,4577,675724.784158359,4538269.65412214,675824.784158359,4538169.65412214,40,63,19 Mayıs Mahallesi,19 MAYIS,31864,0,0,1,1,0,0,0,5,29.0892143786514,40.9762238185471,0,0,0,139,130,0.1137112037984415,137.3912282468987
81,4505,675624.784158359,4538269.65412214,675724.784158359,4538169.65412214,40,62,19 Mayıs Mahallesi,19 MAYIS,31864,0,0,1,0,0,0,0,4,29.0880265578692,40.976245347289,0,0,0,139,92,0.0974029508896221,96.48053574092263
82,4576,675724.784158359,4538369.65412214,675824.784158359,4538269.65412214,39,63,19 Mayıs Mahallesi,19 MAYIS,31864,0,3,1,0,0,0,0,6,29.089242793818,40.9771240459963,0,0,0,139,261,0.1296791603800456,277.923130429596
83,4648,675824.784158359,4538369.65412214,675924.784158359,4538269.65412214,39,64,19 Mayıs Mahallesi,19 MAYIS,31864,4,2,2,1,0,0,0,6,29.0904306294404,40.9771025043463,0,0,0,139,270,0.2232691192670451,300.1413311010511
84,4504,675624.784158359,4538369.65412214,675724.784158359,4538269.65412214,39,62,19 Mayıs Mahallesi,19 MAYIS,31864,0,3,1,0,0,0,0,5,29.088054956909,40.9771455754169,0,0,0,139,253,0.1282489567138612,269.2234930243034
85,4575,675724.784158359,4538469.65412214,675824.784158359,4538369.65412214,38,63,19 Mayıs Mahallesi,19 MAYIS,31864,0,4,0,0,0,0,0,6,29.0892712102713,40.9780242732882,0,0,0,139,268,0.0519013239197541,274.95477740524706
86,4503,675624.784158359,4538469.65412214,675724.784158359,4538369.65412214,38,62,19 Mayıs Mahallesi,19 MAYIS,31864,0,4,0,0,0,0,0,6,29.0880833572348,40.9780458033876,0,0,0,139,281,0.0519013239197541,288.29213601072547
87,4647,675824.784158359,4538469.65412214,675924.784158359,4538369.65412214,38,64,19 Mayıs Mahallesi,19 MAYIS,31864,8,3,1,1,0,0,0,5,29.0904590620211,40.978002730959,0,0,0,139,261,0.1930796929499918,286.1968999299739
88,4574,675724.784158359,4538569.65412214,675824.784158359,4538469.65412214,37,63,19 Mayıs Mahallesi,19 MAYIS,31864,0,6,0,1,0,1,0,5,29.0892996280113,40.9789245004228,0,0,0,139,262,0.1427459596646947,280.69972071607503
89,4502,675624.784158359,4538569.65412214,675724.784158359,4538469.65412214,37,62,19 Mayıs Mahallesi,19 MAYIS,31864,0,4,0,0,0,1,0,7,29.0881117588465,40.978946031201,0,0,0,139,278,0.1237222089156452,295.19738703927464
90,4646,675824.784158359,4538569.65412214,675924.784158359,4538469.65412214,37,64,19 Mayıs Mahallesi,19 MAYIS,31864,7,6,0,1,0,1,0,5,29.0904874958893,40.9789029574144,0,0,0,139,220,0.1902682719039002,240.92950990942904
91,4501,675624.784158359,4538669.65412214,675724.784158359,4538569.65412214,36,62,19 Mayıs Mahallesi,19 MAYIS,31864,0,8,0,0,0,1,0,6,29.0881401617443,40.9798462588571,0,0,0,139,264,0.1348447450363543,281.79950634479883
92,4573,675724.784158359,4538669.65412214,675824.784158359,4538569.65412214,36,63,19 Mayıs Mahallesi,19 MAYIS,31864,0,6,0,1,0,1,0,5,29.089328047038,40.9798247274001,0,0,0,139,262,0.1427459596646947,280.69972071607503
93,4645,675824.784158359,4538669.65412214,675924.784158359,4538569.65412214,36,64,19 Mayıs Mahallesi,19 MAYIS,31864,0,6,0,1,0,1,0,4,29.0905159310449,40.9798031837125,0,0,0,139,267,0.1410543877608707,285.83076076607625
94,4500,675624.784158359,4538769.65412214,675724.784158359,4538669.65412214,35,62,19 Mayıs Mahallesi,19 MAYIS,31864,0,10,0,1,0,1,0,5,29.0881685659282,40.9807464863559,0,0,0,139,219,0.1522514231454323,235.67153083442483
95,4572,675724.784158359,4538769.65412214,675824.784158359,4538669.65412214,35,63,19 Mayıs Mahallesi,19 MAYIS,31864,0,7,0,0,0,1,0,5,29.0893564673516,40.9807249542201,0,0,0,139,201,0.1309375077571818,214.1592195295968
96,4644,675824.784158359,4538769.65412214,675924.784158359,4538669.65412214,35,64,19 Mayıs Mahallesi,19 MAYIS,31864,0,6,1,1,0,1,0,5,29.0905443674882,40.9807034098533,0,0,0,139,219,0.2252166118097456,243.66121899316715
97,4725,675924.784158359,4537869.65412214,676024.784158359,4537769.65412214,44,65,19 Mayıs Mahallesi,19 MAYIS,31864,0,0,0,1,0,0,0,5,29.0914762395549,40.9725798184412,0,0,0,139,286,0.0312405516533906,290.4673988864348
98,4724,675924.784158359,4537969.65412214,676024.784158359,4537869.65412214,43,65,19 Mayıs Mahallesi,19 MAYIS,31864,0,0,1,1,0,0,0,5,29.0915046818232,40.973480045161,0,0,0,139,281,0.1137112037984415,296.97642413368106
99,4723,675924.784158359,4538069.65412214,676024.784158359,4537969.65412214,42,65,19 Mayıs Mahallesi,19 MAYIS,31864,0,0,2,2,0,0,0,7,29.0915331253793,40.9743802717234,0,0,0,139,278,0.1731727554201521,302.0710130034012
100,4722,675924.784158359,4538169.65412214,676024.784158359,4538069.65412214,41,65,19 Mayıs Mahallesi,19 MAYIS,31864,1,0,2,2,0,0,0,5,29.0915615702233,40.9752804981286,0,0,0,139,264,0.1863444237326423,288.5974639327088
101,4721,675924.784158359,4538269.65412214,676024.784158359,4538169.65412214,40,65,19 Mayıs Mahallesi,19 MAYIS,31864,8,0,2,2,0,0,0,5,29.0915900163553,40.9761807243764,0,0,0,139,222,0.2207177082173757,246.49966561212872
102,4720,675924.784158359,4538369.65412214,676024.784158359,4538269.65412214,39,65,19 Mayıs Mahallesi,19 MAYIS,31864,8,2,1,3,0,0,0,7,29.0916184637753,40.9770809504669,0,0,0,139,214,0.2043153847152889,235.861746164536
103,4719,675924.784158359,4538469.65412214,676024.784158359,4538369.65412214,38,65,19 Mayıs Mahallesi,19 MAYIS,31864,8,2,1,1,0,0,0,5,29.0916469124835,40.9779811764001,0,0,0,139,264,0.1870296012763821,288.6879073684824
104,4718,675924.784158359,4538569.65412214,676024.784158359,4538469.65412214,37,65,19 Mayıs Mahallesi,19 MAYIS,31864,8,4,1,1,0,1,0,5,29.0916753624797,40.978881402176,0,0,0,139,258,0.268354494862915,292.61772983731606
105,4717,675924.784158359,4538669.65412214,676024.784158359,4538569.65412214,36,65,19 Mayıs Mahallesi,19 MAYIS,31864,7,4,0,1,0,1,0,5,29.0917038137642,40.9797816277945,0,0,0,139,258,0.1831920997259345,281.6317808646456
106,4716,675924.784158359,4538769.65412214,676024.784158359,4538669.65412214,35,65,19 Mayıs Mahallesi,19 MAYIS,31864,0,4,1,1,0,1,0,5,29.091732266337,40.9806818532557,0,0,0,139,208,0.2181404396317798,230.68660572170512
107,4795,676024.784158359,4538069.65412214,676124.784158359,4537969.65412214,42,66,19 Mayıs Mahallesi,19 MAYIS,31864,0,0,1,2,0,0,0,4,29.0927209100486,40.9743587076545,0,0,0,139,279,0.120569842167543,295.81949298237225
108,4794,676024.784158359,4538169.65412214,676124.784158359,4538069.65412214,41,66,19 Mayıs Mahallesi,19 MAYIS,31864,1,0,1,2,0,0,0,3,29.0927493710178,40.9752589333798,0,0,0,139,253,0.1343402962242448,269.99404747236696
109,4793,676024.784158359,4538269.65412214,676124.784158359,4538169.65412214,40,66,19 Mayıs Mahallesi,19 MAYIS,31864,8,0,1,2,0,0,0,6,29.0927778332756,40.9761591589477,0,0,0,139,220,0.1739056729686866,239.12962402655552
110,4792,676024.784158359,4538369.65412214,676124.784158359,4538269.65412214,39,66,19 Mayıs Mahallesi,19 MAYIS,31864,8,1,1,2,0,0,0,4,29.0928062968222,40.9770593843583,0,0,0,139,211,0.1853611143588857,230.55559756486244
111,4791,676024.784158359,4538469.65412214,676124.784158359,4538369.65412214,38,66,19 Mayıs Mahallesi,19 MAYIS,31864,8,2,1,2,0,0,0,3,29.0928347616576,40.9779596096115,0,0,0,139,226,0.1918179229557835,247.6754252940036
112,4790,676024.784158359,4538569.65412214,676124.784158359,4538469.65412214,37,66,19 Mayıs Mahallesi,19 MAYIS,31864,8,2,1,1,0,0,0,5,29.092863227782,40.9788598347074,0,0,0,139,251,0.1870296012763821,274.4722149601859
113,4789,676024.784158359,4538669.65412214,676124.784158359,4538569.65412214,36,66,19 Mayıs Mahallesi,19 MAYIS,31864,8,4,0,1,0,1,0,6,29.0928916951953,40.979760059646,0,0,0,139,253,0.1873140463840485,276.6952268675821
114,4788,676024.784158359,4538769.65412214,676124.784158359,4538669.65412214,35,66,19 Mayıs Mahallesi,19 MAYIS,31864,6,3,1,1,0,1,0,5,29.0929201638976,40.9806602844272,0,0,0,139,99,0.2579182896711178,111.76695533872034
115,4860,676124.784158359,4538769.65412214,676224.784158359,4538669.65412214,35,67,19 Mayıs Mahallesi,19 MAYIS,31864,7,2,1,1,0,0,0,2,29.094108060169,40.9806387033679,0,0,0,139,63,0.1779068672570168,68.60406631859604
116,4861,676124.784158359,4538669.65412214,676224.784158359,4538569.65412214,36,67,19 Mayıs Mahallesi,19 MAYIS,31864,7,0,0,1,0,0,0,2,29.0940795753373,40.9797384792671,0,0,0,139,250,0.0723318728651605,259.0414841081451
117,4862,676124.784158359,4538569.65412214,676224.784158359,4538469.65412214,37,67,19 Mayıs Mahallesi,19 MAYIS,31864,8,1,1,1,0,0,0,3,29.0940510917953,40.9788382550089,0,0,0,139,265,0.1747405873962602,288.1531278300045
118,4863,676124.784158359,4538469.65412214,676224.784158359,4538369.65412214,38,67,19 Mayıs Mahallesi,19 MAYIS,31864,8,1,1,2,0,0,0,1,29.094022609543,40.9779380305933,0,0,0,139,211,0.17685980664175,229.65870960070464
119,4864,676124.784158359,4538369.65412214,676224.784158359,4538269.65412214,39,67,19 Mayıs Mahallesi,19 MAYIS,31864,8,2,1,2,0,0,0,3,29.0939941285803,40.9770378060204,0,0,0,139,156,0.1918179229557835,170.96179799055113
120,4865,676124.784158359,4538269.65412214,676224.784158359,4538169.65412214,40,67,19 Mayıs Mahallesi,19 MAYIS,31864,8,2,1,2,0,0,0,4,29.0939656489071,40.9761375812901,0,0,0,139,145,0.1938882396454836,159.05689737429756
121,4866,676124.784158359,4538169.65412214,676224.784158359,4538069.65412214,41,67,19 Mayıs Mahallesi,19 MAYIS,31864,1,0,1,3,0,0,0,3,29.0939371705235,40.9752373564024,0,0,0,139,259,0.1404067669563146,277.18267632084275
122,4867,676124.784158359,4538069.65412214,676224.784158359,4537969.65412214,42,67,19 Mayıs Mahallesi,19 MAYIS,31864,1,0,1,3,0,0,0,5,29.0939086934293,40.9743371313574,0,0,0,139,275,0.1441686555498386,294.8231901381028
123,4939,676224.784158359,4538069.65412214,676324.784158359,4537969.65412214,42,68,19 Mayıs Mahallesi,19 MAYIS,31864,1,2,0,2,0,0,0,5,29.0950964755206,40.9743155428323,0,0,0,139,268,0.0787358749195233,278.55060723921616
124,4938,676224.784158359,4538169.65412214,676324.784158359,4538069.65412214,41,68,19 Mayıs Mahallesi,19 MAYIS,31864,5,4,1,2,0,0,0,4,29.0951249687398,40.9752157671967,0,0,0,139,267,0.1953648901346869,293.0812128329807
125,5009,676324.784158359,4538269.65412214,676424.784158359,4538169.65412214,40,69,19 Mayıs Mahallesi,19 MAYIS,31864,5,4,1,2,0,0,0,2,29.096341276301,40.9760943892884,0,0,0,139,264,0.1906254710110752,289.16256217346194
126,4937,676224.784158359,4538269.65412214,676324.784158359,4538169.65412214,40,68,19 Mayıs Mahallesi,19 MAYIS,31864,8,4,1,2,0,0,0,4,29.0951534632492,40.9761159914037,0,0,0,139,245,0.2046311470038526,270.06731550797195
127,5008,676324.784158359,4538369.65412214,676424.784158359,4538269.65412214,39,69,19 Mayıs Mahallesi,19 MAYIS,31864,12,4,1,1,0,0,0,3,29.096369788227,40.976994612657,0,0,0,139,251,0.2024143820460447,276.4030049467786
128,4936,676224.784158359,4538369.65412214,676324.784158359,4538269.65412214,39,68,19 Mayıs Mahallesi,19 MAYIS,31864,8,2,1,1,0,0,0,1,29.0951819590488,40.9770162154533,0,0,0,139,245,0.1768367216554224,266.66249840278925
129,5079,676424.784158359,4538469.65412214,676524.784158359,4538369.65412214,38,70,19 Mayıs Mahallesi,19 MAYIS,31864,2,2,0,0,0,0,0,0,29.0972947225967,40.977804681163,0,0,0,139,139,0.0482113698623729,142.35069020543492
130,5007,676324.784158359,4538469.65412214,676424.784158359,4538369.65412214,38,69,19 Mayıs Mahallesi,19 MAYIS,31864,8,2,0,0,0,0,0,1,29.096398301444,40.9778948358681,0,0,0,139,222,0.0797493885053762,230.8521821240968
131,4935,676224.784158359,4538469.65412214,676324.784158359,4538369.65412214,38,68,19 Mayıs Mahallesi,19 MAYIS,31864,8,2,1,2,0,0,0,2,29.0952104561386,40.9779164393455,0,0,0,139,244,0.1891488205218719,267.0761561036684
132,5078,676424.784158359,4538569.65412214,676524.784158359,4538469.65412214,37,70,19 Mayıs Mahallesi,19 MAYIS,31864,7,2,0,0,0,0,0,1,29.097107691514,40.9784844148779,1,0,0,139,139,0.0770576455134465,144.35550636318453
133,5006,676324.784158359,4538569.65412214,676424.784158359,4538469.65412214,37,69,19 Mayıs Mahallesi,19 MAYIS,31864,7,2,0,0,0,0,0,2,29.0963874087051,40.9787716370626,0,0,0,139,136,0.0808195341069706,141.495728319274
134,4934,676224.784158359,4538569.65412214,676324.784158359,4538469.65412214,37,68,19 Mayıs Mahallesi,19 MAYIS,31864,8,1,1,1,0,0,0,2,29.0952389545189,40.9788166630804,0,0,0,139,244,0.1720714849623486,264.9927211654066
135,5005,676324.784158359,4538669.65412214,676424.784158359,4538569.65412214,36,69,19 Mayıs Mahallesi,19 MAYIS,31864,7,1,0,1,0,0,0,2,29.0961450010518,40.9795918726833,0,0,0,139,92,0.086909089825368,95.99781813196692
136,4933,676224.784158359,4538669.65412214,676324.784158359,4538569.65412214,36,68,19 Mayıs Mahallesi,19 MAYIS,31864,7,0,0,1,0,0,0,2,29.0952674541895,40.9797168866578,0,0,0,139,197,0.0723318728651605,204.12468947721837
137,5004,676324.784158359,4538769.65412214,676424.784158359,4538669.65412214,35,69,19 Mayıs Mahallesi,19 MAYIS,31864,5,0,0,1,0,0,0,1,29.0959128008746,40.9801915273051,1,0,0,139,97,0.0619954703944004,100.00678031412842
138,4932,676224.784158359,4538769.65412214,676324.784158359,4538669.65412214,35,68,19 Mayıs Mahallesi,19 MAYIS,31864,3,0,0,1,0,0,0,1,29.0951564155646,40.9805422410298,0,0,0,139,97,0.0527292135252346,99.55736685597388
139,4931,676224.784158359,4538869.65412214,676324.784158359,4538769.65412214,34,68,19 Mayıs Mahallesi,19 MAYIS,31864,0,0,1,1,0,0,0,1,29.0948520640567,40.9812072236111,1,0,0,139,63,0.1035183241774818,66.26082721159068
140,3288,673924.784158359,4537569.65412214,674024.784158359,4537469.65412214,47,45,Erenköy Mahallesi,ERENKOY,34438,0,2,0,0,0,1,0,1,29.0676365699654,40.9703077831793,0,0,0,137,232,0.1001173195024049,243.61360906227895
141,3287,673924.784158359,4537669.65412214,674024.784158359,4537569.65412214,46,45,Erenköy Mahallesi,ERENKOY,34438,0,0,0,0,0,0,0,0,29.0676646859269,40.9712080238859,0,0,0,137,248,0.0,248.0
142,3361,674024.784158359,4537469.65412214,674124.784158359,4537369.65412214,48,46,Erenköy Mahallesi,ERENKOY,34438,1,3,0,0,0,1,0,3,29.0687961688221,40.9693862268495,0,0,0,137,228,0.128439172949852,242.64206571628316
143,3360,674024.784158359,4537569.65412214,674124.784158359,4537469.65412214,47,46,Erenköy Mahallesi,ERENKOY,34438,0,0,0,0,0,1,0,2,29.0688242996328,40.970286467041,0,0,0,137,240,0.0807748658491235,249.6929839018948
144,3359,674024.784158359,4537669.65412214,674124.784158359,4537569.65412214,46,46,Erenköy Mahallesi,ERENKOY,34438,0,0,0,0,0,0,0,0,29.0688524317172,40.9711867070755,0,0,0,137,247,0.0,247.0
145,3358,674024.784158359,4537769.65412214,674124.784158359,4537669.65412214,45,46,Erenköy Mahallesi,ERENKOY,34438,0,0,0,0,0,0,0,0,29.0688805650753,40.972086946953,0,0,0,137,255,0.0,255.0
146,3430,674124.784158359,4537769.65412214,674224.784158359,4537669.65412214,45,47,Erenköy Mahallesi,ERENKOY,34438,0,0,0,0,0,0,0,0,29.0700683257152,40.9720656172428,0,0,0,137,255,0.0,255.0
147,3429,674124.784158359,4537869.65412214,674224.784158359,4537769.65412214,44,47,Erenköy Mahallesi,ERENKOY,34438,0,0,0,0,0,0,0,0,29.0700964764715,40.9729658562908,0,0,0,137,250,0.0,250.0
148,3428,674124.784158359,4537969.65412214,674224.784158359,4537869.65412214,43,47,Erenköy Mahallesi,ERENKOY,34438,0,0,0,0,0,0,0,0,29.0701246285023,40.9738660951819,0,0,0,137,260,0.0,260.0
149,3431,674124.784158359,4537669.65412214,674224.784158359,4537569.65412214,46,47,Erenköy Mahallesi,ERENKOY,34438,0,0,0,0,0,0,0,2,29.0700401762336,40.9711653780377,0,0,0,137,248,0.0101928796209596,249.263917072999
150,3432,674124.784158359,4537569.65412214,674224.784158359,4537469.65412214,47,47,Erenköy Mahallesi,ERENKOY,34438,0,0,0,0,0,0,0,2,29.0700120280265,40.9702651386757,0,0,0,137,240,0.0101928796209596,241.2231455545152
151,3433,674124.784158359,4537469.65412214,674224.784158359,4537369.65412214,48,47,Erenköy Mahallesi,ERENKOY,34438,1,1,0,0,0,1,0,4,29.0699838810938,40.9693648991567,0,0,0,137,226,0.1159322726793446,239.100346812766
152,3498,674224.784158359,4538169.65412214,674324.784158359,4538069.65412214,41,48,Erenköy Mahallesi,ERENKOY,34438,0,0,0,3,0,0,0,0,29.0713687602545,40.9756452278634,0,0,0,137,232,0.0292333620099906,235.3910699931589
153,3499,674224.784158359,4538069.65412214,674324.784158359,4537969.65412214,42,48,Erenköy Mahallesi,ERENKOY,34438,0,0,0,2,0,0,0,0,29.0713405895478,40.9747449899593,0,0,0,137,266,0.0231668912779208,269.08119653996346
154,3500,674224.784158359,4537969.65412214,674324.784158359,4537869.65412214,43,48,Erenköy Mahallesi,ERENKOY,34438,2,0,0,0,0,1,0,1,29.0713124201166,40.9738447518982,0,0,0,137,276,0.1021200048711671,290.09256067222105
155,3501,674224.784158359,4537869.65412214,674324.784158359,4537769.65412214,44,48,Erenköy Mahallesi,ERENKOY,34438,2,0,0,0,0,1,0,2,29.0712842519609,40.97294451368,0,0,0,137,260,0.1058818934646911,273.7646461504099
156,3502,674224.784158359,4537769.65412214,674324.784158359,4537669.65412214,45,48,Erenköy Mahallesi,ERENKOY,34438,2,0,0,0,0,0,0,2,29.0712560850806,40.9720442753049,0,0,0,137,256,0.0352999072365272,260.5183881262755
157,3503,674224.784158359,4537669.65412214,674324.784158359,4537569.65412214,46,48,Erenköy Mahallesi,ERENKOY,34438,2,0,0,0,0,0,0,4,29.0712279194755,40.9711440367727,0,0,0,137,248,0.0400393263601389,252.96487646865725
158,3504,674224.784158359,4537569.65412214,674324.784158359,4537469.65412214,47,48,Erenköy Mahallesi,ERENKOY,34438,0,0,0,0,0,0,0,4,29.0711997551457,40.9702437980835,0,0,0,137,236,0.0149322987445713,237.7620112518594
159,3505,674224.784158359,4537469.65412214,674324.784158359,4537369.65412214,48,48,Erenköy Mahallesi,ERENKOY,34438,1,1,0,0,0,0,0,4,29.0711715920911,40.9693435592374,0,0,0,137,226,0.0453502864511807,231.1245823689834
160,3506,674224.784158359,4537369.65412214,674324.784158359,4537269.65412214,49,48,Erenköy Mahallesi,ERENKOY,34438,8,1,0,0,0,0,0,5,29.0711434303116,40.9684433202342,0,0,0,137,229,0.081415142839738,238.32203385515
161,3568,674324.784158359,4538369.65412214,674424.784158359,4538269.65412214,39,49,Erenköy Mahallesi,ERENKOY,34438,0,0,0,3,0,0,0,0,29.0726129603399,40.9774243449952,0,0,0,137,237,0.0292333620099906,240.46415339818387
162,3569,674324.784158359,4538269.65412214,674424.784158359,4538169.65412214,40,49,Erenköy Mahallesi,ERENKOY,34438,0,2,0,2,0,0,0,1,29.0725847709543,40.9765241080785,0,0,0,137,56,0.0527022245521618,57.47566228746053
163,3570,674324.784158359,4538169.65412214,674424.784158359,4538069.65412214,41,49,Erenköy Mahallesi,ERENKOY,34438,0,2,0,2,0,0,0,2,29.0725565828451,40.9756238710047,0,0,0,137,244,0.0564641131456858,250.88862180377367
164,3571,674324.784158359,4538069.65412214,674424.784158359,4537969.65412214,42,49,Erenköy Mahallesi,ERENKOY,34438,2,1,0,2,0,1,0,2,29.0725283960122,40.9747236337739,0,0,0,137,269,0.1436260017028195,288.3176972290292
165,3572,674324.784158359,4537969.65412214,674424.784158359,4537869.65412214,43,49,Erenköy Mahallesi,ERENKOY,34438,2,1,0,0,0,1,0,4,29.0725002104555,40.9738233963861,0,0,0,137,276,0.1251985295485103,293.27739707769445
166,3573,674324.784158359,4537869.65412214,674424.784158359,4537769.65412214,44,49,Erenköy Mahallesi,ERENKOY,34438,2,0,0,0,0,1,0,2,29.072472026175,40.9729231588412,0,0,0,137,261,0.1058818934646911,274.8175870971422
167,3574,674324.784158359,4537769.65412214,674424.784158359,4537669.65412214,45,49,Erenköy Mahallesi,ERENKOY,34438,2,0,0,0,0,1,0,2,29.0724438431706,40.9720229211393,0,0,0,137,253,0.1058818934646911,266.39405952328343
168,3575,674324.784158359,4537669.65412214,674424.784158359,4537569.65412214,46,49,Erenköy Mahallesi,ERENKOY,34438,2,0,0,0,0,1,0,4,29.0724156614422,40.9711226832804,0,0,0,137,181,0.1106213125883028,191.0112287892414
169,3576,674324.784158359,4537569.65412214,674424.784158359,4537469.65412214,47,49,Erenköy Mahallesi,ERENKOY,34438,2,0,0,0,0,0,0,4,29.0723874809898,40.9702224452645,0,0,0,137,229,0.0400393263601389,233.58450286823592
170,3577,674324.784158359,4537469.65412214,674424.784158359,4537369.65412214,48,49,Erenköy Mahallesi,ERENKOY,34438,1,1,0,0,0,0,0,4,29.0723593018133,40.9693222070915,0,0,0,137,228,0.0453502864511807,233.1699326554346
171,3578,674324.784158359,4537369.65412214,674424.784158359,4537269.65412214,49,49,Erenköy Mahallesi,ERENKOY,34438,1,1,0,0,0,0,0,4,29.0723311239127,40.9684219687616,0,0,0,137,228,0.0453502864511807,233.1699326554346
172,3638,674424.784158359,4538569.65412214,674524.784158359,4538469.65412214,37,50,Erenköy Mahallesi,ERENKOY,34438,0,2,0,3,0,0,0,3,29.0738572287669,40.9792034465746,0,0,0,137,261,0.0651996863116672,269.5085590636726
173,3639,674424.784158359,4538469.65412214,674524.784158359,4538369.65412214,38,50,Erenköy Mahallesi,ERENKOY,34438,0,3,0,3,0,0,0,5,29.0738290206992,40.9783032106458,0,0,0,137,261,0.075011666578801,270.78902248853353
174,3640,674424.784158359,4538369.65412214,674524.784158359,4538269.65412214,39,50,Erenköy Mahallesi,ERENKOY,34438,0,1,0,2,0,0,0,2,29.0738008139089,40.9774029745598,0,0,0,137,253,0.047936987859088,259.0640289641746
175,3641,674424.784158359,4538269.65412214,674524.784158359,4538169.65412214,40,50,Erenköy Mahallesi,ERENKOY,34438,0,2,0,3,0,0,0,4,29.0737726083956,40.9765027383169,0,0,0,137,244,0.0672700030013673,252.2069403661668
176,3642,674424.784158359,4538169.65412214,674524.784158359,4538069.65412214,41,50,Erenköy Mahallesi,ERENKOY,34438,0,2,0,4,0,1,0,3,29.0737444041595,40.9756025019168,0,0,0,137,272,0.1404871928093456,291.106258222071
177,3643,674424.784158359,4538069.65412214,674524.784158359,4537969.65412214,42,50,Erenköy Mahallesi,ERENKOY,34438,2,2,0,4,0,1,0,3,29.0737162012004,40.9747022653597,0,0,0,137,271,0.1655942204249132,293.4380168675757
178,3644,674424.784158359,4537969.65412214,674524.784158359,4537869.65412214,43,50,Erenköy Mahallesi,ERENKOY,34438,2,1,1,2,0,1,0,4,29.0736879995182,40.9738020286456,0,0,0,137,268,0.230836072971482,298.9320337781786
179,3645,674424.784158359,4537869.65412214,674524.784158359,4537769.65412214,44,50,Erenköy Mahallesi,ERENKOY,34438,2,2,1,0,0,1,1,4,29.073659799113,40.9729017917744,0,0,0,137,261,0.2688672566509257,296.0871769929458
180,3646,674424.784158359,4537769.65412214,674524.784158359,4537669.65412214,45,50,Erenköy Mahallesi,ERENKOY,34438,2,1,1,0,0,1,1,2,29.0736315999846,40.9720015547462,0,0,0,137,236,0.2556007122407162,266.1608840444045
181,3647,674424.784158359,4537669.65412214,674524.784158359,4537569.65412214,46,50,Erenköy Mahallesi,ERENKOY,34438,2,1,1,0,0,1,1,4,29.0736034021329,40.971101317561,0,0,0,137,207,0.2603401313643278,233.9452035962079
182,3648,674424.784158359,4537569.65412214,674524.784158359,4537469.65412214,47,50,Erenköy Mahallesi,ERENKOY,34438,2,0,0,0,0,0,1,4,29.073575205558,40.9702010802187,0,0,0,137,178,0.0927102760309055,186.2512145667506
183,3649,674424.784158359,4537469.65412214,674524.784158359,4537369.65412214,48,50,Erenköy Mahallesi,ERENKOY,34438,0,0,0,0,0,0,0,4,29.0735470102597,40.9693008427193,0,0,0,137,245,0.0149322987445713,246.82920659621
184,3650,674424.784158359,4537369.65412214,674524.784158359,4537269.65412214,49,50,Erenköy Mahallesi,ERENKOY,34438,1,1,0,0,0,0,0,3,29.0735188162379,40.9684006050629,0,0,0,137,224,0.0432799697614806,228.84735661328585
185,3651,674424.784158359,4537269.65412214,674524.784158359,4537169.65412214,50,50,Erenköy Mahallesi,ERENKOY,34438,1,2,0,1,0,0,0,4,29.0734906234927,40.9675003672495,0,0,0,137,224,0.0684940927427738,231.67133838719064
186,3709,674524.784158359,4538669.65412214,674624.784158359,4538569.65412214,36,51,Erenköy Mahallesi,ERENKOY,34438,0,3,0,1,0,0,0,4,29.0750733387907,40.9800822976587,0,0,0,137,242,0.0587034136699817,249.1031130540678
187,3710,674524.784158359,4538569.65412214,674624.784158359,4538469.65412214,37,51,Erenköy Mahallesi,ERENKOY,34438,0,4,0,1,0,0,0,5,29.075045113316,40.9791820625611,0,0,0,137,255,0.065087801258565,263.29869466046705
188,3711,674524.784158359,4538469.65412214,674624.784158359,4538369.65412214,38,51,Erenköy Mahallesi,ERENKOY,34438,0,4,0,2,0,0,0,6,29.0750168891193,40.9782818273064,0,0,0,137,255,0.0750682151976749,264.5711974377035
189,3712,674524.784158359,4538369.65412214,674624.784158359,4538269.65412214,39,51,Erenköy Mahallesi,ERENKOY,34438,0,3,0,4,0,0,0,6,29.0749886662006,40.9773815918946,0,0,0,137,261,0.0811473905144998,271.58973446214225
190,3713,674524.784158359,4538269.65412214,674624.784158359,4538169.65412214,40,51,Erenköy Mahallesi,ERENKOY,34438,0,2,0,5,0,0,0,5,29.0749604445598,40.9764813563258,0,0,0,137,263,0.0775117851781168,273.19279975092235
191,3714,674524.784158359,4538169.65412214,674624.784158359,4538069.65412214,41,51,Erenköy Mahallesi,ERENKOY,34438,0,2,0,4,0,1,0,5,29.0749322241968,40.9755811205999,0,0,0,137,272,0.1442490814028697,291.61787507079026
192,3715,674524.784158359,4538069.65412214,674624.784158359,4537969.65412214,42,51,Erenköy Mahallesi,ERENKOY,34438,2,2,0,4,0,1,0,4,29.0749040051116,40.9746808847169,0,0,0,137,269,0.1676645371146133,291.55088024191554
193,3716,674524.784158359,4537969.65412214,674624.784158359,4537869.65412214,43,51,Erenköy Mahallesi,ERENKOY,34438,2,3,1,3,0,1,1,5,29.0748757873041,40.9737806486768,0,0,0,137,255,0.3058422822383501,293.99489098538965
194,3717,674524.784158359,4537869.65412214,674624.784158359,4537769.65412214,44,51,Erenköy Mahallesi,ERENKOY,34438,2,2,1,2,0,1,1,4,29.0748475707742,40.9728804124797,0,0,0,137,250,0.2920341479288465,286.50426849110585
195,3718,674524.784158359,4537769.65412214,674624.784158359,4537669.65412214,45,51,Erenköy Mahallesi,ERENKOY,34438,2,1,1,0,0,1,1,2,29.0748193555218,40.9719801761255,0,0,0,137,244,0.2556007122407162,275.1832868933674
196,3719,674524.784158359,4537669.65412214,674624.784158359,4537569.65412214,46,51,Erenköy Mahallesi,ERENKOY,34438,2,1,1,0,0,1,1,2,29.074791141547,40.9710799396143,0,0,0,137,236,0.2556007122407162,266.1608840444045
197,3720,674524.784158359,4537569.65412214,674624.784158359,4537469.65412214,47,51,Erenköy Mahallesi,ERENKOY,34438,2,1,1,0,0,0,1,4,29.0747629288495,40.970179702946,0,0,0,137,207,0.1897581451361639,226.63996802159292
198,3721,674524.784158359,4537469.65412214,674624.784158359,4537369.65412214,48,51,Erenköy Mahallesi,ERENKOY,34438,0,0,0,0,0,0,0,3,29.0747347174295,40.9692794661206,0,0,0,137,250,0.0128619820548712,251.6077477568589
199,3722,674524.784158359,4537369.65412214,674624.784158359,4537269.65412214,49,51,Erenköy Mahallesi,ERENKOY,34438,0,0,0,0,0,0,0,2,29.0747065072867,40.9683792291382,0,0,0,137,224,0.0101928796209596,225.14160251754748
200,3723,674524.784158359,4537269.65412214,674624.784158359,4537169.65412214,50,51,Erenköy Mahallesi,ERENKOY,34438,0,0,0,1,0,0,0,1,29.0746782984212,40.9674789919987,0,0,0,137,231,0.0210476720324309,233.43100611974577
201,3724,674524.784158359,4537169.65412214,674624.784158359,4537069.65412214,51,51,Erenköy Mahallesi,ERENKOY,34438,4,2,0,1,0,0,0,1,29.0746500908328,40.9665787547022,0,0,0,137,231,0.0809331449199766,240.3477782382573
202,3781,674624.784158359,4538669.65412214,674724.784158359,4538569.65412214,36,52,Erenköy Mahallesi,ERENKOY,34438,0,5,0,2,0,0,0,5,29.0762612381915,40.98006090074,0,0,0,137,149,0.077472321133329,154.77168792443302
203,3782,674624.784158359,4538569.65412214,674724.784158359,4538469.65412214,37,52,Erenköy Mahallesi,ERENKOY,34438,0,6,0,1,0,0,0,6,29.0762329965871,40.9791606663169,0,0,0,137,237,0.0735941771027152,245.72090998667173
204,3783,674624.784158359,4538469.65412214,674724.784158359,4538369.65412214,38,52,Erenköy Mahallesi,ERENKOY,34438,0,9,0,1,0,0,0,7,29.0762047562615,40.9782604317368,0,0,0,137,237,0.0823341206526841,246.75659329734307
205,3784,674624.784158359,4538369.65412214,674724.784158359,4538269.65412214,39,52,Erenköy Mahallesi,ERENKOY,34438,0,8,0,4,0,0,0,6,29.0761765172145,40.9773601969996,0,0,0,137,261,0.0982016410876955,273.81531416194423
206,3785,674624.784158359,4538269.65412214,674724.784158359,4538169.65412214,40,52,Erenköy Mahallesi,ERENKOY,34438,0,9,0,4,0,0,0,7,29.0761482794462,40.9764599621052,0,0,0,137,271,0.1016563219271939,284.7744316211348
207,3786,674624.784158359,4538169.65412214,674724.784158359,4538069.65412214,41,52,Erenköy Mahallesi,ERENKOY,34438,0,4,0,4,0,1,0,5,29.0761200429564,40.9755597270538,0,0,0,137,135,0.1549919887612387,145.46195924138362
208,3787,674624.784158359,4538069.65412214,674724.784158359,4537969.65412214,42,52,Erenköy Mahallesi,ERENKOY,34438,0,3,1,3,0,1,0,5,29.0760918077451,40.9746594918453,0,0,0,137,271,0.2280643049520158,301.90271332099815
209,3788,674624.784158359,4537969.65412214,674724.784158359,4537869.65412214,43,52,Erenköy Mahallesi,ERENKOY,34438,2,3,1,3,0,1,1,5,29.0760635738123,40.9737592564798,0,0,0,137,232,0.3058422822383501,267.47770473964863
210,3789,674624.784158359,4537869.65412214,674724.784158359,4537769.65412214,44,52,Erenköy Mahallesi,ERENKOY,34438,2,2,1,3,0,1,1,4,29.0760353411578,40.9728590209571,0,0,0,137,276,0.2981006186609163,317.1378853752065
211,3790,674624.784158359,4537769.65412214,674724.784158359,4537669.65412214,45,52,Erenköy Mahallesi,ERENKOY,34438,2,1,1,1,0,1,1,2,29.0760071097815,40.9719587852773,0,0,0,137,245,0.2702173932457116,278.1016306725997
212,3791,674624.784158359,4537669.65412214,674724.784158359,4537569.65412214,46,52,Erenköy Mahallesi,ERENKOY,34438,2,1,1,0,0,1,1,2,29.0759788796835,40.9710585494405,0,0,0,137,228,0.2556007122407162,257.13848119544167
213,3792,674624.784158359,4537569.65412214,674724.784158359,4537469.65412214,47,52,Erenköy Mahallesi,ERENKOY,34438,1,1,1,0,0,0,1,2,29.0759506508637,40.9701583134466,0,0,0,137,245,0.1757524691433865,266.5296774700648
214,3793,674624.784158359,4537469.65412214,674724.784158359,4537369.65412214,48,52,Erenköy Mahallesi,ERENKOY,34438,0,0,0,0,0,0,1,0,29.0759224233219,40.9692580772956,0,0,0,137,247,0.0526709496707666,253.50486228433965
215,3794,674624.784158359,4537369.65412214,674724.784158359,4537269.65412214,49,52,Erenköy Mahallesi,ERENKOY,34438,0,0,0,0,0,0,0,0,29.0758941970582,40.9683578409876,0,0,0,137,244,0.0,244.0
216,3795,674624.784158359,4537269.65412214,674724.784158359,4537169.65412214,50,52,Erenköy Mahallesi,ERENKOY,34438,0,0,0,1,0,0,0,0,29.0758659720725,40.9674576045224,0,0,0,137,244,0.0146166810049953,245.78323508260945
217,3796,674624.784158359,4537169.65412214,674724.784158359,4537069.65412214,51,52,Erenköy Mahallesi,ERENKOY,34438,0,0,0,1,0,0,0,0,29.0758377483646,40.9665573679002,0,0,0,137,244,0.0146166810049953,245.78323508260945
218,3869,674724.784158359,4537069.65412214,674824.784158359,4536969.65412214,52,53,Erenköy Mahallesi,ERENKOY,34438,0,1,0,1,0,0,0,0,29.0769971660698,40.9656357327684,0,0,0,137,237,0.0291938979652028,240.45947690887652
219,3868,674724.784158359,4537169.65412214,674824.784158359,4537069.65412214,51,53,Erenköy Mahallesi,ERENKOY,34438,0,0,0,1,0,0,0,0,29.0770254046186,40.966535968873,0,0,0,137,245,0.0146166810049953,246.79054342311196
220,3867,674724.784158359,4537269.65412214,674824.784158359,4537169.65412214,50,53,Erenköy Mahallesi,ERENKOY,34438,0,0,0,1,0,0,0,0,29.0770536444459,40.9674362048206,0,0,0,137,245,0.0146166810049953,246.79054342311196
221,3866,674724.784158359,4537369.65412214,674824.784158359,4537269.65412214,49,53,Erenköy Mahallesi,ERENKOY,34438,0,0,0,0,0,0,0,0,29.0770818855518,40.968336440611,0,0,0,137,247,0.0,247.0
222,3865,674724.784158359,4537469.65412214,674824.784158359,4537369.65412214,48,53,Erenköy Mahallesi,ERENKOY,34438,0,0,0,0,0,0,1,0,29.0771101279364,40.9692366762443,0,0,0,137,248,0.0526709496707666,254.53119775917503
223,3864,674724.784158359,4537569.65412214,674824.784158359,4537469.65412214,47,53,Erenköy Mahallesi,ERENKOY,34438,0,1,1,1,0,0,1,0,29.0771383715998,40.9701369117205,0,0,0,137,260,0.1643354997810203,281.3636149715327
224,3863,674724.784158359,4537669.65412214,674824.784158359,4537569.65412214,46,53,Erenköy Mahallesi,ERENKOY,34438,0,1,1,1,0,0,1,0,29.077166616542,40.9710371470396,0,0,0,137,240,0.1643354997810203,259.7202599737225
225,3862,674724.784158359,4537769.65412214,674824.784158359,4537669.65412214,45,53,Erenköy Mahallesi,ERENKOY,34438,2,1,1,2,0,1,1,1,29.077194862763,40.9719373822017,0,0,0,137,260,0.2750057149251129,295.7507429402647
226,3861,674724.784158359,4537869.65412214,674824.784158359,4537769.65412214,44,53,Erenköy Mahallesi,ERENKOY,34438,2,2,1,3,0,1,1,2,29.0772231102631,40.9728376172066,0,0,0,137,272,0.2933611995373048,311.89712313707344
227,3860,674724.784158359,4537969.65412214,674824.784158359,4537869.65412214,43,53,Erenköy Mahallesi,ERENKOY,34438,0,2,1,3,0,1,1,5,29.0772513590421,40.9737378520544,0,0,0,137,274,0.2746851629491728,311.63186732403665
228,3859,674724.784158359,4538069.65412214,674824.784158359,4537969.65412214,42,53,Erenköy Mahallesi,ERENKOY,34438,0,5,1,3,0,1,0,7,29.0772796091002,40.9746380867452,0,0,0,137,231,0.2392605326725252,258.6345915236767
229,3858,674724.784158359,4538169.65412214,674824.784158359,4538069.65412214,41,53,Erenköy Mahallesi,ERENKOY,34438,0,7,0,3,0,0,0,8,29.0773078604375,40.9755383212788,0,0,0,137,269,0.0933507721325326,281.55567885182563
230,3857,674724.784158359,4538269.65412214,674824.784158359,4538169.65412214,40,53,Erenköy Mahallesi,ERENKOY,34438,0,9,0,3,0,0,0,9,29.077336113054,40.9764385556553,0,0,0,137,272,0.0990211183473795,285.4668720952436
231,3856,674724.784158359,4538369.65412214,674824.784158359,4538269.65412214,39,53,Erenköy Mahallesi,ERENKOY,34438,0,8,0,2,0,0,0,7,29.0773643669498,40.9773387898747,0,0,0,137,239,0.0886685488538384,249.5958915880337
232,3855,674724.784158359,4538469.65412214,674824.784158359,4538369.65412214,38,53,Erenköy Mahallesi,ERENKOY,34438,0,9,0,1,0,0,0,8,29.0773926221249,40.978239023937,0,0,0,137,212,0.0834269068122966,220.84325212210345
233,3854,674724.784158359,4538569.65412214,674824.784158359,4538469.65412214,37,53,Erenköy Mahallesi,ERENKOY,34438,0,9,0,2,0,0,0,7,29.0774208785794,40.9791392578422,0,0,0,137,212,0.0908843309256096,221.63373907811464
234,3940,674824.784158359,4537169.65412214,674924.784158359,4537069.65412214,51,54,Erenköy Mahallesi,ERENKOY,34438,0,0,0,0,0,0,0,0,29.078213059594,40.9665145576207,0,0,0,137,250,0.0,250.0
235,3939,674824.784158359,4537269.65412214,674924.784158359,4537169.65412214,50,54,Erenköy Mahallesi,ERENKOY,34438,0,0,0,0,0,0,0,0,29.0782413155407,40.9674147928932,0,0,0,137,250,0.0,250.0
236,3938,674824.784158359,4537369.65412214,674924.784158359,4537269.65412214,49,54,Erenköy Mahallesi,ERENKOY,34438,0,0,0,0,0,0,0,0,29.0782695727667,40.9683150280085,0,0,0,137,248,0.0,248.0
237,3937,674824.784158359,4537469.65412214,674924.784158359,4537369.65412214,48,54,Erenköy Mahallesi,ERENKOY,34438,0,0,0,1,0,0,0,0,29.0782978312721,40.9692152629667,0,0,0,137,256,0.0146166810049953,257.8709351686394
238,3936,674824.784158359,4537569.65412214,674924.784158359,4537469.65412214,47,54,Erenköy Mahallesi,ERENKOY,34438,0,1,1,1,0,0,1,0,29.078326091057,40.9701154977678,0,0,0,137,268,0.1643354997810203,290.02095697065675
239,3935,674824.784158359,4537669.65412214,674924.784158359,4537569.65412214,46,54,Erenköy Mahallesi,ERENKOY,34438,0,1,1,1,0,0,1,0,29.0783543521215,40.9710157324117,0,0,0,137,271,0.1643354997810203,293.26746022032825
240,3934,674824.784158359,4537769.65412214,674924.784158359,4537669.65412214,45,54,Erenköy Mahallesi,ERENKOY,34438,0,1,1,1,0,0,1,0,29.0783826144656,40.9719159668985,0,0,0,137,279,0.1643354997810203,301.9248022194524
241,3933,674824.784158359,4537869.65412214,674924.784158359,4537769.65412214,44,54,Erenköy Mahallesi,ERENKOY,34438,0,2,1,3,0,0,1,0,29.0784108780894,40.9728162012283,0,0,0,137,288,0.1874793060726135,314.9970200744564
242,3932,674824.784158359,4537969.65412214,674924.784158359,4537869.65412214,43,54,Erenköy Mahallesi,ERENKOY,34438,0,5,1,3,0,0,1,5,29.0784391429929,40.9737164354009,0,0,0,137,287,0.2186803936812164,318.38063649325454
243,3931,674824.784158359,4538069.65412214,674924.784158359,4537969.65412214,42,54,Erenköy Mahallesi,ERENKOY,34438,0,7,0,3,0,0,0,6,29.0784674091762,40.9746166694164,0,0,0,137,272,0.0910190872051929,284.3785958599062
244,3930,674824.784158359,4538169.65412214,674924.784158359,4538069.65412214,41,54,Erenköy Mahallesi,ERENKOY,34438,0,10,0,3,0,0,0,8,29.0784956766394,40.9755169032748,0,0,0,137,231,0.1000480065157878,242.55554475257352
245,3929,674824.784158359,4538269.65412214,674924.784158359,4538169.65412214,40,54,Erenköy Mahallesi,ERENKOY,34438,0,10,0,4,0,0,0,7,29.0785239453825,40.976417136976,0,0,0,137,279,0.1036607406256897,293.4606733172837
246,3928,674824.784158359,4538369.65412214,674924.784158359,4538269.65412214,39,54,Erenköy Mahallesi,ERENKOY,34438,0,9,0,2,0,0,0,7,29.0785522154057,40.9773173705201,0,0,0,137,255,0.0908843309256096,266.5877521930152
247,4011,674924.784158359,4537269.65412214,675024.784158359,4537169.65412214,50,55,Erenköy Mahallesi,ERENKOY,34438,0,0,0,0,0,0,0,0,29.0794289853561,40.9673933687403,0,0,0,137,263,0.0,263.0
248,4010,674924.784158359,4537369.65412214,675024.784158359,4537269.65412214,49,55,Erenköy Mahallesi,ERENKOY,34438,0,0,0,1,0,0,0,0,29.0794572587021,40.9682936031801,0,0,0,137,269,0.0146166810049953,270.96594359517184
249,4009,674924.784158359,4537469.65412214,675024.784158359,4537369.65412214,48,55,Erenköy Mahallesi,ERENKOY,34438,0,0,0,1,0,0,0,0,29.0794855333283,40.9691938374628,0,0,0,137,271,0.0146166810049953,272.98056027617685
250,4008,674924.784158359,4537569.65412214,675024.784158359,4537469.65412214,47,55,Erenköy Mahallesi,ERENKOY,34438,0,0,0,1,0,0,0,0,29.0795138092347,40.9700940715883,0,0,0,137,272,0.0146166810049953,273.9878686166793
251,4007,674924.784158359,4537669.65412214,675024.784158359,4537569.65412214,46,55,Erenköy Mahallesi,ERENKOY,34438,0,1,1,1,0,0,1,0,29.0795420864214,40.9709943055568,0,0,0,137,282,0.1643354997810203,305.17130546912387
252,4006,674924.784158359,4537769.65412214,675024.784158359,4537669.65412214,45,55,Erenköy Mahallesi,ERENKOY,34438,0,4,1,1,0,0,1,1,29.0795703648885,40.971894539368,0,0,0,137,280,0.1900365234534229,306.6051132834792
253,4005,674924.784158359,4537869.65412214,675024.784158359,4537769.65412214,44,55,Erenköy Mahallesi,ERENKOY,34438,0,7,1,2,0,0,0,2,29.0795986446359,40.9727947730222,0,0,0,137,280,0.159562073924554,302.3386903494375
254,4004,674924.784158359,4537969.65412214,675024.784158359,4537869.65412214,43,55,Erenköy Mahallesi,ERENKOY,34438,0,8,0,2,0,0,0,4,29.0796269256638,40.9736950065192,0,0,0,137,280,0.0843078745161029,291.80310243225443
255,4003,674924.784158359,4538069.65412214,675024.784158359,4537969.65412214,42,55,Erenköy Mahallesi,ERENKOY,34438,0,9,0,4,0,0,0,4,29.0796552079723,40.9745952398591,0,0,0,137,276,0.0972956475894583,289.42679936734527
256,4002,674924.784158359,4538169.65412214,675024.784158359,4538069.65412214,41,55,Erenköy Mahallesi,ERENKOY,34438,0,8,0,4,0,0,0,4,29.0796834915613,40.9754954730418,0,0,0,137,264,0.0950798655176871,276.5505422483347
257,4083,675024.784158359,4537269.65412214,675124.784158359,4537169.65412214,50,56,Erenköy Mahallesi,ERENKOY,34438,0,0,0,0,0,0,0,0,29.0806166538915,40.967371932362,0,0,0,137,266,0.0,266.0
258,4082,675024.784158359,4537369.65412214,675124.784158359,4537269.65412214,49,56,Erenköy Mahallesi,ERENKOY,34438,0,0,0,2,0,0,0,0,29.0806449433575,40.9682721661259,0,0,0,137,268,0.0231668912779208,271.1043634312414
259,4081,675024.784158359,4537469.65412214,675124.784158359,4537369.65412214,48,56,Erenköy Mahallesi,ERENKOY,34438,0,0,0,2,0,0,0,0,29.0806732341044,40.9691723997327,0,0,0,137,274,0.0231668912779208,277.1738641050751
260,4080,675024.784158359,4537569.65412214,675124.784158359,4537469.65412214,47,56,Erenköy Mahallesi,ERENKOY,34438,1,1,0,2,0,0,0,0,29.0807015261322,40.9700726331823,0,0,0,137,268,0.0535848789845301,275.18037378392705
261,4079,675024.784158359,4537669.65412214,675124.784158359,4537569.65412214,46,56,Erenköy Mahallesi,ERENKOY,34438,1,4,0,2,0,0,0,2,29.080729819441,40.9709728664748,0,0,0,137,276,0.0830477912504567,287.46059519256306
262,4078,675024.784158359,4537769.65412214,675124.784158359,4537669.65412214,45,56,Erenköy Mahallesi,ERENKOY,34438,1,5,0,1,0,0,0,2,29.0807581140309,40.9718730996101,0,0,0,137,280,0.0783318905793697,290.96646468111174
263,4077,675024.784158359,4537869.65412214,675124.784158359,4537769.65412214,44,56,Erenköy Mahallesi,ERENKOY,34438,0,7,0,1,0,0,0,2,29.080786409902,40.9727733325883,0,0,0,137,280,0.0685412115065776,289.5957696109209
264,4076,675024.784158359,4537969.65412214,675124.784158359,4537869.65412214,43,56,Erenköy Mahallesi,ERENKOY,34438,0,7,1,1,0,0,0,4,29.0808147070542,40.9736735654093,0,0,0,137,274,0.1557512827752401,295.3379257402079
265,4075,675024.784158359,4538069.65412214,675124.784158359,4537969.65412214,42,56,Erenköy Mahallesi,ERENKOY,34438,0,7,1,2,0,0,0,4,29.0808430054877,40.9745737980732,0,0,0,137,266,0.1643014930481656,287.852098575406
266,4154,675124.784158359,4537369.65412214,675224.784158359,4537269.65412214,49,57,Erenköy Mahallesi,ERENKOY,34438,0,0,0,1,0,0,0,2,29.0818326267319,40.968250716846,0,0,0,137,282,0.024809560625955,285.4981480482596
267,4153,675124.784158359,4537469.65412214,675224.784158359,4537369.65412214,48,57,Erenköy Mahallesi,ERENKOY,34438,1,1,0,2,0,0,0,2,29.0818609335994,40.9691509497764,0,0,0,137,285,0.0637777586054898,294.08833060128234
268,4152,675124.784158359,4537569.65412214,675224.784158359,4537469.65412214,47,57,Erenköy Mahallesi,ERENKOY,34438,1,1,0,2,0,0,0,2,29.0818892417486,40.9700511825498,0,0,0,137,293,0.0637777586054898,302.34344163570427
269,4151,675124.784158359,4537669.65412214,675224.784158359,4537569.65412214,46,57,Erenköy Mahallesi,ERENKOY,34438,1,5,0,2,0,0,0,4,29.0819175511795,40.9709514151659,0,0,0,137,290,0.0916215199759069,303.2851203965065
270,4150,675124.784158359,4537769.65412214,675224.784158359,4537669.65412214,45,57,Erenköy Mahallesi,ERENKOY,34438,1,5,0,2,0,0,0,2,29.0819458618922,40.9718516476249,0,0,0,137,285,0.0868821008522952,297.38069937145207
271,4149,675124.784158359,4537869.65412214,675224.784158359,4537769.65412214,44,57,Erenköy Mahallesi,ERENKOY,34438,1,7,1,2,0,0,0,2,29.0819741738868,40.9727518799268,0,0,0,137,285,0.1754028446709558,309.9949053656112
272,4148,675124.784158359,4537969.65412214,675224.784158359,4537869.65412214,43,57,Erenköy Mahallesi,ERENKOY,34438,0,7,1,2,0,0,0,3,29.0820024871633,40.9736521120714,0,0,0,137,282,0.1622311763584655,304.87459586654364
273,4222,675224.784158359,4537769.65412214,675324.784158359,4537669.65412214,45,58,Erenköy Mahallesi,ERENKOY,34438,1,5,0,3,0,0,0,4,29.0831336084717,40.9718301834124,0,0,0,137,279,0.0976879907079767,292.62747470376274
274,4223,675224.784158359,4537669.65412214,675324.784158359,4537569.65412214,46,58,Erenköy Mahallesi,ERENKOY,34438,1,4,0,2,0,0,0,4,29.0831052816362,40.9709299516302,0,0,0,137,295,0.0877872103740684,307.9486135301751
275,4224,675224.784158359,4537569.65412214,675324.784158359,4537469.65412214,47,58,Erenköy Mahallesi,ERENKOY,34438,1,1,0,2,0,0,0,2,29.0830769560833,40.9700297196907,0,0,0,137,296,0.0637777586054898,305.43910827361253
276,4225,675224.784158359,4537469.65412214,675324.784158359,4537369.65412214,48,58,Erenköy Mahallesi,ERENKOY,34438,1,1,0,2,0,0,0,2,29.0830486318128,40.9691294875941,0,0,0,137,300,0.0637777586054898,309.5666637908235
277,950,670724.784158359,4540969.65412214,670824.784158359,4540869.65412214,13,13,Koşuyolu Mahallesi,KOSUYOLU,6660,7,0,1,1,0,0,1,4,29.0305676538377,41.0015922641569,0,3,0,82,83,0.2122128938045896,91.80683509289048
278,878,670624.784158359,4540969.65412214,670724.784158359,4540869.65412214,13,12,Koşuyolu Mahallesi,KOSUYOLU,6660,6,0,0,1,0,0,1,3,29.0293793338888,41.0016131992139,0,3,0,82,82,0.1246202784547305,87.10943141664396
279,949,670724.784158359,4541069.65412214,670824.784158359,4540969.65412214,12,13,Koşuyolu Mahallesi,KOSUYOLU,6660,7,0,1,1,0,0,1,3,29.0305952963619,41.002492520849,0,2,0,82,94,0.2101425771148895,103.8767011243998
280,877,670624.784158359,4541069.65412214,670724.784158359,4540969.65412214,12,12,Koşuyolu Mahallesi,KOSUYOLU,6660,3,0,1,1,0,0,1,3,29.0294069602633,41.002513456566,0,1,0,82,81,0.1943018063684877,88.86922315792376
281,1021,670824.784158359,4541069.65412214,670924.784158359,4540969.65412214,12,14,Koşuyolu Mahallesi,KOSUYOLU,6660,6,0,1,1,0,0,1,5,29.0317836312086,41.0024715728903,0,2,0,82,80,0.2108528191933054,88.43411276773222
282,804,670524.784158359,4541169.65412214,670624.784158359,4541069.65412214,11,11,Koşuyolu Mahallesi,KOSUYOLU,6660,1,0,1,1,0,0,0,1,29.028279485269,41.0034558833109,0,1,0,82,63,0.1193590949238836,66.75981149010234
283,732,670424.784158359,4541169.65412214,670524.784158359,4541069.65412214,11,10,Koşuyolu Mahallesi,KOSUYOLU,6660,0,0,0,1,0,0,0,1,29.0275801876272,41.003696251006,1,1,0,82,63,0.0210476720324309,63.66300166902157
284,731,670424.784158359,4541269.65412214,670524.784158359,4541169.65412214,10,10,Koşuyolu Mahallesi,KOSUYOLU,6660,0,0,0,1,0,0,0,1,29.0275762632328,41.0041160179949,1,1,0,82,63,0.0210476720324309,63.66300166902157
285,803,670524.784158359,4541269.65412214,670624.784158359,4541169.65412214,10,11,Koşuyolu Mahallesi,KOSUYOLU,6660,1,0,1,1,0,0,0,1,29.0283013540324,41.0043137554151,0,1,0,82,63,0.1193590949238836,66.75981149010234
286,1019,670824.784158359,4541269.65412214,670924.784158359,4541169.65412214,10,14,Koşuyolu Mahallesi,KOSUYOLU,6660,1,0,2,1,0,0,0,6,29.0318389523145,41.0042720844845,0,1,0,82,64,0.1792244171259012,69.73518134802885
287,875,670624.784158359,4541269.65412214,670724.784158359,4541169.65412214,10,12,Koşuyolu Mahallesi,KOSUYOLU,6660,1,0,1,1,0,0,0,1,29.0294622167659,41.004313970801,0,1,0,82,79,0.1193590949238836,83.7146842494934
288,947,670724.784158359,4541269.65412214,670824.784158359,4541169.65412214,10,13,Koşuyolu Mahallesi,KOSUYOLU,6660,1,0,1,1,0,0,0,6,29.0306505851662,41.0042930337639,0,1,1,82,62,0.1309821782110277,66.06044752454186
289,1091,670924.784158359,4541269.65412214,671024.784158359,4541169.65412214,10,15,Koşuyolu Mahallesi,KOSUYOLU,6660,1,1,2,0,0,0,0,6,29.03302731821,41.0042511229626,0,1,0,82,60,0.1791849530811134,65.3755485924334
290,1163,671024.784158359,4541269.65412214,671124.784158359,4541169.65412214,10,16,Koşuyolu Mahallesi,KOSUYOLU,6660,1,1,2,0,0,0,0,7,29.0342156828519,41.0042301491984,0,0,0,82,46,0.1804238518488406,50.14974859252333
291,802,670524.784158359,4541369.65412214,670624.784158359,4541269.65412214,9,11,Koşuyolu Mahallesi,KOSUYOLU,6660,1,0,1,1,0,0,0,0,29.0286658459053,41.0049172215861,1,1,0,82,65,0.112928103896448,68.67016337663456
292,874,670624.784158359,4541369.65412214,670724.784158359,4541269.65412214,9,12,Koşuyolu Mahallesi,KOSUYOLU,6660,1,0,1,1,0,0,0,2,29.0295113838899,41.0052004017038,0,1,0,82,7,0.1231209835174077,7.4309234423109265
293,1162,671024.784158359,4541369.65412214,671124.784158359,4541269.65412214,9,16,Koşuyolu Mahallesi,KOSUYOLU,6660,1,1,2,0,0,0,0,7,29.0342433775876,41.0051304034388,0,0,0,82,82,0.1804238518488406,89.39737792580246
294,946,670724.784158359,4541369.65412214,670824.784158359,4541269.65412214,9,13,Koşuyolu Mahallesi,KOSUYOLU,6660,1,0,2,1,0,0,0,4,29.0306782314464,41.0051932899868,0,1,0,82,65,0.1761026415558929,70.72333585056653
295,1090,670924.784158359,4541369.65412214,671024.784158359,4541269.65412214,9,15,Koşuyolu Mahallesi,KOSUYOLU,6660,1,1,2,0,0,0,0,7,29.0330549967939,41.0051513778642,0,1,0,82,88,0.1804238518488406,95.938649481349
296,1018,670824.784158359,4541369.65412214,670924.784158359,4541269.65412214,9,14,Koşuyolu Mahallesi,KOSUYOLU,6660,1,1,2,0,0,0,0,4,29.0318666147466,41.0051723400469,0,1,0,82,72,0.1760631775111051,78.33827439039977
297,1234,671124.784158359,4541369.65412214,671224.784158359,4541269.65412214,9,17,Koşuyolu Mahallesi,KOSUYOLU,6660,0,1,1,0,0,0,0,9,29.035431757127,41.0051094167707,0,1,0,82,78,0.1184111588772653,82.61803519621334
298,873,670624.784158359,4541469.65412214,670724.784158359,4541369.65412214,8,12,Koşuyolu Mahallesi,KOSUYOLU,6660,1,0,1,0,0,0,0,2,29.0297162388801,41.0059887384222,0,1,0,82,4,0.1085043025124124,4.217008605024825
299,945,670724.784158359,4541469.65412214,670824.784158359,4541369.65412214,8,13,Koşuyolu Mahallesi,KOSUYOLU,6660,1,1,1,0,0,0,0,2,29.0307157795126,41.0060851410604,0,1,0,82,34,0.1230815194726199,36.09238583103454
300,1233,671124.784158359,4541469.65412214,671224.784158359,4541369.65412214,8,17,Koşuyolu Mahallesi,KOSUYOLU,6660,0,1,1,0,0,2,0,6,29.0354594692694,41.0060096701931,0,1,0,82,45,0.2269717448178949,50.10686425840264
301,1017,670824.784158359,4541469.65412214,670924.784158359,4541369.65412214,8,14,Koşuyolu Mahallesi,KOSUYOLU,6660,1,1,2,0,0,0,0,6,29.0318942784315,41.0060725954528,0,1,0,82,60,0.1791849530811134,65.3755485924334
302,1089,670924.784158359,4541469.65412214,671024.784158359,4541369.65412214,8,15,Koşuyolu Mahallesi,KOSUYOLU,6660,1,1,2,0,0,0,0,6,29.0330826766314,41.0060516326093,0,0,0,82,79,0.1791849530811134,86.07780564670398
303,1161,671024.784158359,4541469.65412214,671124.784158359,4541369.65412214,8,16,Koşuyolu Mahallesi,KOSUYOLU,6660,0,1,1,0,0,0,0,6,29.0342710735776,41.0060306575228,0,0,0,82,92,0.115101943419838,97.29468939731254
304,944,670724.784158359,4541569.65412214,670824.784158359,4541469.65412214,7,13,Koşuyolu Mahallesi,KOSUYOLU,6660,0,1,1,0,0,0,0,2,29.0309798341981,41.0067741434143,0,0,0,82,45,0.107240748726218,47.412916846339904
305,1092,670924.784158359,4541169.65412214,671024.784158359,4541069.65412214,11,15,Koşuyolu Mahallesi,KOSUYOLU,6660,1,0,2,0,0,0,0,6,29.0329996408796,41.0033508679046,0,1,0,82,59,0.1646077361209059,63.85592821556672
306,876,670624.784158359,4541169.65412214,670724.784158359,4541069.65412214,11,12,Koşuyolu Mahallesi,KOSUYOLU,6660,1,0,1,1,0,0,0,2,29.029434587889,41.0034137137617,0,1,0,82,81,0.1231209835174077,85.986399832455
307,948,670724.784158359,4541169.65412214,670824.784158359,4541069.65412214,11,13,Koşuyolu Mahallesi,KOSUYOLU,6660,1,0,1,1,0,0,0,3,29.0306229401381,41.0033927773847,0,1,0,82,94,0.1257900859513193,99.912134039712
308,1020,670824.784158359,4541169.65412214,670924.784158359,4541069.65412214,11,14,Koşuyolu Mahallesi,KOSUYOLU,6660,1,0,2,1,0,0,0,7,29.0318112911352,41.0033718287656,0,1,0,82,80,0.1804633158936284,87.21853263574515
309,1016,670824.784158359,4541569.65412214,670924.784158359,4541469.65412214,7,14,Koşuyolu Mahallesi,KOSUYOLU,6660,0,1,1,0,0,0,0,4,29.0319377525005,41.0069598082291,0,0,0,82,53,0.1119801678498297,55.96747444802048
310,1015,670824.784158359,4541669.65412214,670924.784158359,4541569.65412214,6,14,Koşuyolu Mahallesi,KOSUYOLU,6660,0,1,0,0,0,0,0,4,29.0322555163876,41.0076059886899,1,0,0,82,108,0.0295095157047788,109.59351384805808
311,1088,670924.784158359,4541569.65412214,671024.784158359,4541469.65412214,7,15,Koşuyolu Mahallesi,KOSUYOLU,6660,0,1,1,0,0,0,0,6,29.0331103577225,41.006951887198,0,0,0,82,103,0.115101943419838,108.92775008612163
312,1087,670924.784158359,4541669.65412214,671024.784158359,4541569.65412214,6,15,Koşuyolu Mahallesi,KOSUYOLU,6660,0,1,0,0,0,0,0,4,29.0331682011327,41.0078287231423,0,0,0,82,108,0.0295095157047788,109.59351384805808
313,1086,670924.784158359,4541769.65412214,671024.784158359,4541669.65412214,5,15,Koşuyolu Mahallesi,KOSUYOLU,6660,0,1,0,1,0,2,0,2,29.0334935849156,41.0085860051959,0,0,0,82,108,0.1512565789842194,116.16785526514784
314,1160,671024.784158359,4541569.65412214,671124.784158359,4541469.65412214,7,16,Koşuyolu Mahallesi,KOSUYOLU,6660,0,1,1,0,0,2,0,6,29.0342987708219,41.0069309114502,0,0,0,82,103,0.2269717448178949,114.6890448581216
315,1159,671024.784158359,4541669.65412214,671124.784158359,4541569.65412214,6,16,Koşuyolu Mahallesi,KOSUYOLU,6660,0,1,0,1,0,2,0,6,29.0343264693207,41.0078311652211,0,0,0,82,108,0.1591177736778394,116.59235977860332
316,1158,671024.784158359,4541769.65412214,671124.784158359,4541669.65412214,5,16,Koşuyolu Mahallesi,KOSUYOLU,6660,0,1,0,1,0,2,0,4,29.0343542557659,41.0087313503755,0,0,0,82,105,0.155995998107831,113.18978990066113
317,1232,671124.784158359,4541569.65412214,671224.784158359,4541469.65412214,7,17,Koşuyolu Mahallesi,KOSUYOLU,6660,0,1,1,0,0,2,0,5,29.0354871826669,41.0069099234589,0,1,0,82,55,0.2255415411517106,61.20239238167205
318,1231,671124.784158359,4541669.65412214,671224.784158359,4541569.65412214,6,17,Koşuyolu Mahallesi,KOSUYOLU,6660,0,1,0,2,0,2,0,4,29.0355148973196,41.0078101765682,0,0,0,82,82,0.1645462083807565,88.74639454361103
319,1230,671124.784158359,4541769.65412214,671224.784158359,4541669.65412214,5,17,Koşuyolu Mahallesi,KOSUYOLU,6660,0,1,0,2,0,2,0,4,29.0355426132275,41.008710429521,0,0,0,82,102,0.1645462083807565,110.3918566274186
320,1304,671224.784158359,4541569.65412214,671324.784158359,4541469.65412214,7,18,Koşuyolu Mahallesi,KOSUYOLU,6660,0,1,0,1,0,2,0,4,29.0366755932568,41.0068889232242,0,1,0,82,78,0.155995998107831,84.0838439262054
321,1302,671224.784158359,4541769.65412214,671324.784158359,4541669.65412214,5,18,Koşuyolu Mahallesi,KOSUYOLU,6660,0,1,0,2,0,2,0,4,29.0367310561257,41.0086894279622,0,0,0,82,79,0.1645462083807565,85.49957523103988
322,1303,671224.784158359,4541669.65412214,671324.784158359,4541569.65412214,6,18,Koşuyolu Mahallesi,KOSUYOLU,6660,0,1,0,2,0,2,0,4,29.0367033240633,41.0077891756714,0,1,0,82,77,0.1645462083807565,83.33502902265913
323,1376,671324.784158359,4541569.65412214,671424.784158359,4541469.65412214,7,19,Koşuyolu Mahallesi,KOSUYOLU,6660,0,0,0,1,0,2,0,4,29.0378640025907,41.006867910746,0,1,0,82,83,0.1414187811476235,88.86887941762639
324,1375,671324.784158359,4541669.65412214,671424.784158359,4541569.65412214,6,19,Koşuyolu Mahallesi,KOSUYOLU,6660,0,0,0,2,0,2,0,4,29.0378917495509,41.0077681625309,0,1,0,82,82,0.149968991420549,88.14872864824251
325,1374,671324.784158359,4541769.65412214,671424.784158359,4541669.65412214,5,19,Koşuyolu Mahallesi,KOSUYOLU,6660,0,1,0,2,0,2,0,4,29.0379194977679,41.0086684141593,0,0,0,82,83,0.1645462083807565,89.82866764780141
326,1446,671424.784158359,4541769.65412214,671524.784158359,4541669.65412214,5,20,Koşuyolu Mahallesi,KOSUYOLU,6660,0,1,0,2,0,2,0,3,29.0391079381533,41.0086473881122,0,0,0,82,79,0.1624758916910564,85.41779772179672
327,1448,671424.784158359,4541569.65412214,671524.784158359,4541469.65412214,7,20,Koşuyolu Mahallesi,KOSUYOLU,6660,0,0,0,1,0,2,0,0,29.039052410668,41.0068468860245,0,1,0,82,89,0.1264864824030522,94.6286484669358
328,1447,671424.784158359,4541669.65412214,671524.784158359,4541569.65412214,6,20,Koşuyolu Mahallesi,KOSUYOLU,6660,0,0,0,1,0,2,0,2,29.0390801737819,41.0077471371466,0,1,0,82,91,0.1366793620240118,97.21891097209252
329,1520,671524.784158359,4541569.65412214,671624.784158359,4541469.65412214,7,21,Koşuyolu Mahallesi,KOSUYOLU,6660,0,0,2,1,0,0,0,0,29.040240817488,41.0068258490597,0,1,0,82,106,0.1453295720649197,113.70246731944074
330,1519,671524.784158359,4541669.65412214,671624.784158359,4541569.65412214,6,21,Koşuyolu Mahallesi,KOSUYOLU,6660,0,0,2,1,0,0,0,0,29.0402685967555,41.0077260995187,0,1,0,82,96,0.1453295720649197,102.97581945911614
331,1518,671524.784158359,4541769.65412214,671624.784158359,4541669.65412214,5,21,Koşuyolu Mahallesi,KOSUYOLU,6660,0,0,2,1,0,0,0,2,29.0402963772812,41.008626349821,0,0,0,82,83,0.1555224516858794,89.45418174496399
332,1591,671624.784158359,4541669.65412214,671724.784158359,4541569.65412214,6,22,Koşuyolu Mahallesi,KOSUYOLU,6660,0,0,2,1,0,0,0,0,29.0414570184709,41.007705049647,0,0,0,82,103,0.1453295720649197,110.48447296134336
333,1590,671624.784158359,4541769.65412214,671724.784158359,4541669.65412214,5,22,Koşuyolu Mahallesi,KOSUYOLU,6660,0,0,2,0,0,0,0,1,29.0414848151509,41.0086052992858,0,0,0,82,104,0.13714388208736,111.13148186854272
334,1157,671024.784158359,4541869.65412214,671124.784158359,4541769.65412214,4,16,Koşuyolu Mahallesi,KOSUYOLU,6660,0,0,0,2,0,2,0,4,29.0345507846993,41.0095567220143,0,0,0,82,103,0.149968991420549,110.72340305815828
335,1301,671224.784158359,4541869.65412214,671324.784158359,4541769.65412214,4,18,Koşuyolu Mahallesi,KOSUYOLU,6660,0,1,0,2,0,2,0,6,29.0367587894442,41.0095896800965,0,0,0,82,93,0.1676679839507649,100.79656125371058
336,1229,671124.784158359,4541869.65412214,671224.784158359,4541769.65412214,4,17,Koşuyolu Mahallesi,KOSUYOLU,6660,0,1,0,2,0,2,0,5,29.0355703303907,41.0096106823173,0,0,0,82,101,0.1662377802845805,109.39500790437133
337,1373,671324.784158359,4541869.65412214,671424.784158359,4541769.65412214,4,19,Koşuyolu Mahallesi,KOSUYOLU,6660,0,1,0,2,0,2,0,6,29.0379472472416,41.0095686656311,0,0,0,82,90,0.1676679839507649,97.54505927778445
338,1445,671424.784158359,4541869.65412214,671524.784158359,4541769.65412214,4,20,Koşuyolu Mahallesi,KOSUYOLU,6660,0,1,0,2,0,2,0,6,29.0391357037821,41.0095476389212,0,0,0,82,79,0.1676679839507649,85.62288536605521
339,1156,671024.784158359,4541969.65412214,671124.784158359,4541869.65412214,3,16,Koşuyolu Mahallesi,KOSUYOLU,6660,0,1,0,2,0,2,0,3,29.0348435911944,41.0103986022518,1,0,0,82,101,0.1624758916910564,109.20503253039834
340,1372,671324.784158359,4541969.65412214,671424.784158359,4541869.65412214,3,19,Koşuyolu Mahallesi,KOSUYOLU,6660,0,1,0,2,0,2,0,6,29.0379749979721,41.0104689169463,0,0,0,82,86,0.1676679839507649,93.2097233098829
341,1300,671224.784158359,4541969.65412214,671324.784158359,4541869.65412214,3,18,Koşuyolu Mahallesi,KOSUYOLU,6660,0,1,0,2,0,2,0,6,29.0367865240188,41.0104899320742,0,0,0,82,103,0.1676679839507649,111.6349011734644
342,1228,671124.784158359,4541969.65412214,671224.784158359,4541869.65412214,3,17,Koşuyolu Mahallesi,KOSUYOLU,6660,0,1,0,2,0,2,0,5,29.0355980488093,41.010510934957,0,0,0,82,101,0.1662377802845805,109.39500790437133
343,1444,671424.784158359,4541969.65412214,671524.784158359,4541869.65412214,3,20,Koşuyolu Mahallesi,KOSUYOLU,6660,0,1,0,2,0,0,0,6,29.0391634706685,41.0104478895736,0,0,0,82,82,0.055798182552708,84.28772548466102
344,1155,671024.784158359,4542069.65412214,671124.784158359,4541969.65412214,2,16,Koşuyolu Mahallesi,KOSUYOLU,6660,0,1,0,1,0,0,0,4,29.035010660427,41.0109854756949,1,0,0,82,103,0.0441261967097741,105.27249913055336
345,1227,671124.784158359,4542069.65412214,671224.784158359,4541969.65412214,2,17,Koşuyolu Mahallesi,KOSUYOLU,6660,0,1,0,2,0,0,0,5,29.0357431592334,41.0113227231673,0,0,0,82,105,0.0543679788865236,107.85431889154248
346,1443,671424.784158359,4542069.65412214,671524.784158359,4541969.65412214,2,20,Koşuyolu Mahallesi,KOSUYOLU,6660,0,1,0,1,0,0,0,6,29.0391436392204,41.0113016741544,0,0,0,82,83,0.0472479722797825,84.96079084961097
347,1371,671324.784158359,4542069.65412214,671424.784158359,4541969.65412214,2,19,Koşuyolu Mahallesi,KOSUYOLU,6660,0,1,0,2,0,0,0,6,29.0380027499595,41.011369168105,0,0,0,82,81,0.055798182552708,83.25982639338467
348,1299,671224.784158359,4542069.65412214,671324.784158359,4541969.65412214,2,18,Koşuyolu Mahallesi,KOSUYOLU,6660,0,1,0,2,0,0,0,6,29.0368142598495,41.0113901838953,0,0,0,82,100,0.055798182552708,102.7899091276354
349,1226,671124.784158359,4542169.65412214,671224.784158359,4542069.65412214,1,17,Koşuyolu Mahallesi,KOSUYOLU,6660,0,1,0,1,0,0,0,5,29.0361924196963,41.0118663710085,1,0,0,82,105,0.0458177686135981,107.4054328522139
350,1442,671424.784158359,4542169.65412214,671524.784158359,4542069.65412214,1,20,Koşuyolu Mahallesi,KOSUYOLU,6660,0,1,0,1,0,0,0,4,29.0387436840058,41.0118454473807,1,0,0,82,93,0.0441261967097741,95.0518681470045
351,1370,671324.784158359,4542169.65412214,671424.784158359,4542069.65412214,1,19,Koşuyolu Mahallesi,KOSUYOLU,6660,0,1,0,1,0,0,0,5,29.037912330521,41.0119662142321,1,0,0,82,93,0.0458177686135981,95.1305262405323
352,1298,671224.784158359,4542169.65412214,671324.784158359,4542069.65412214,1,18,Koşuyolu Mahallesi,KOSUYOLU,6660,0,1,0,1,0,0,0,5,29.0369875849656,41.0120173972432,0,0,0,82,100,0.0458177686135981,102.2908884306799
353,1515,671524.784158359,4542069.65412214,671624.784158359,4541969.65412214,2,21,Koşuyolu Mahallesi,KOSUYOLU,6660,0,1,0,1,0,0,0,4,29.0400599267284,41.011081178102,1,0,0,82,80,0.0441261967097741,81.76504786839097
354,1516,671524.784158359,4541969.65412214,671624.784158359,4541869.65412214,3,21,Koşuyolu Mahallesi,KOSUYOLU,6660,0,1,0,1,0,0,0,4,29.0403221027547,41.0104063538516,0,0,0,82,80,0.0441261967097741,81.76504786839097
355,1517,671524.784158359,4541869.65412214,671624.784158359,4541769.65412214,4,21,Koşuyolu Mahallesi,KOSUYOLU,6660,0,1,0,1,0,0,0,5,29.0403241590652,41.0095265999668,0,0,0,82,74,0.0458177686135981,75.69525743870312
356,1588,671624.784158359,4541969.65412214,671724.784158359,4541869.65412214,3,22,Koşuyolu Mahallesi,KOSUYOLU,6660,0,1,0,1,0,0,0,3,29.0412825355511,41.0101232815783,1,0,0,82,98,0.0420558800200741,100.06073812098364
357,1589,671624.784158359,4541869.65412214,671724.784158359,4541769.65412214,4,22,Koşuyolu Mahallesi,KOSUYOLU,6660,0,0,1,1,0,0,0,2,29.0415126130899,41.009505548768,0,0,0,82,100,0.1072802127710058,105.3640106385503
358,1305,671224.784158359,4541469.65412214,671324.784158359,4541369.65412214,8,18,Koşuyolu Mahallesi,KOSUYOLU,6660,0,1,1,0,0,2,0,5,29.0366478637062,41.0059886706203,0,1,0,82,84,0.2255415411517106,93.47274472837184
359,1247,671124.784158359,4540069.65412214,671224.784158359,4539969.65412214,22,17,Hasanpaşa Mahallesi,HASANPASA,15918,11,3,1,2,0,2,1,8,29.0350716134606,40.9934061080389,0,1,0,91,192,0.3765070567625009,228.1446774492001
360,1248,671124.784158359,4539969.65412214,671224.784158359,4539869.65412214,23,17,Hasanpaşa Mahallesi,HASANPASA,15918,11,2,1,2,0,2,2,7,29.0350439188829,40.9925058524255,0,1,0,91,122,0.4001747093640485,146.41065727120696
361,1249,671124.784158359,4539869.65412214,671224.784158359,4539769.65412214,24,17,Hasanpaşa Mahallesi,HASANPASA,15918,11,1,1,1,0,3,2,7,29.0350162255592,40.9916055966558,0,1,0,91,151,0.4123915448627961,182.1355616371411
362,1177,671024.784158359,4539869.65412214,671124.784158359,4539769.65412214,24,16,Hasanpaşa Mahallesi,HASANPASA,15918,16,4,1,1,0,2,0,4,29.0338280882186,40.9916265734021,0,1,0,91,227,0.3224852447005317,263.6020752735104
363,1175,671024.784158359,4540069.65412214,671124.784158359,4539969.65412214,22,16,Hasanpaşa Mahallesi,HASANPASA,15918,2,2,1,2,0,2,0,6,29.0338834438363,40.9934270861079,0,1,0,91,184,0.2837727889979812,210.10709658781423
364,1321,671224.784158359,4539869.65412214,671324.784158359,4539769.65412214,24,18,Hasanpaşa Mahallesi,HASANPASA,15918,12,3,1,0,0,2,2,8,29.0362043616459,40.9915846076725,0,1,0,91,86,0.3859799440469315,102.59713759401806
365,1320,671224.784158359,4539969.65412214,671324.784158359,4539869.65412214,23,18,Hasanpaşa Mahallesi,HASANPASA,15918,12,4,1,1,0,2,2,8,29.0362320711109,40.9924848627806,0,1,0,91,75,0.4052894407366861,90.19835402762573
366,1319,671224.784158359,4540069.65412214,671324.784158359,4539969.65412214,22,18,Hasanpaşa Mahallesi,HASANPASA,15918,12,4,1,1,0,2,2,8,29.0362597818308,40.9933851177322,0,1,0,91,185,0.4052894407366861,222.48927326814345
367,1318,671224.784158359,4540169.65412214,671324.784158359,4540069.65412214,21,18,Hasanpaşa Mahallesi,HASANPASA,15918,11,3,1,1,0,2,0,6,29.0362874938056,40.9942853725272,0,0,0,91,247,0.3129542118914691,285.64984516859647
368,1393,671324.784158359,4539869.65412214,671424.784158359,4539769.65412214,24,19,Hasanpaşa Mahallesi,HASANPASA,15918,12,7,0,0,0,3,2,7,29.0373924964777,40.9915636064524,0,0,0,91,117,0.3462878937607466,137.25784178500368
369,1392,671324.784158359,4539969.65412214,671424.784158359,4539869.65412214,23,19,Hasanpaşa Mahallesi,HASANPASA,15918,12,7,0,0,0,3,2,6,29.0374202220841,40.9924638608984,0,1,0,91,184,0.3450489949930194,215.74450753935776
370,1391,671324.784158359,4540069.65412214,671424.784158359,4539969.65412214,22,19,Hasanpaşa Mahallesi,HASANPASA,15918,12,7,0,0,0,2,2,6,29.0374479489461,40.9933641151878,0,0,0,91,162,0.3157548239347484,187.57614073871463
371,1390,671324.784158359,4540169.65412214,671424.784158359,4540069.65412214,21,19,Hasanpaşa Mahallesi,HASANPASA,15918,12,6,0,0,0,2,1,8,29.0374756770637,40.9942643693208,0,0,0,91,200,0.284467749329836,228.4467749329836
372,1389,671324.784158359,4540269.65412214,671424.784158359,4540169.65412214,20,19,Hasanpaşa Mahallesi,HASANPASA,15918,2,6,0,1,0,2,0,8,29.037503406437,40.9951646232972,0,0,0,91,258,0.2129026910436793,285.4644471446346
373,1464,671424.784158359,4539969.65412214,671524.784158359,4539869.65412214,23,20,Hasanpaşa Mahallesi,HASANPASA,15918,12,9,0,0,0,3,2,6,29.0386083718017,40.992442846779,0,0,0,91,128,0.3497418106777787,150.38347588337786
374,1463,671424.784158359,4540069.65412214,671524.784158359,4539969.65412214,22,20,Hasanpaşa Mahallesi,HASANPASA,15918,12,10,0,0,0,3,2,8,29.0386361148056,40.9933431004059,0,0,0,91,205,0.3540779143036143,241.29298621612048
375,1462,671424.784158359,4540169.65412214,671524.784158359,4540069.65412214,21,20,Hasanpaşa Mahallesi,HASANPASA,15918,12,7,0,0,0,3,1,6,29.038663859066,40.9942433538764,0,0,0,91,239,0.3142384645582496,276.55149651471083
376,1461,671424.784158359,4540269.65412214,671524.784158359,4540169.65412214,20,20,Hasanpaşa Mahallesi,HASANPASA,15918,2,6,0,1,0,1,0,5,29.0386916045828,40.9951436071902,0,0,0,91,255,0.1678529872802623,276.4012558782334
377,1460,671424.784158359,4540369.65412214,671524.784158359,4540269.65412214,19,20,Hasanpaşa Mahallesi,HASANPASA,15918,1,5,0,2,0,0,0,6,29.0387193513562,40.9960438603476,0,1,0,91,266,0.0947432955459152,278.6008583076067
378,1458,671424.784158359,4540569.65412214,671524.784158359,4540469.65412214,17,20,Hasanpaşa Mahallesi,HASANPASA,15918,2,3,0,2,0,0,0,6,29.0387748486726,40.9978443661926,0,1,0,91,274,0.0954824271284831,287.0810925166022
379,1536,671524.784158359,4539969.65412214,671624.784158359,4539869.65412214,23,21,Hasanpaşa Mahallesi,HASANPASA,15918,12,8,0,0,0,1,2,6,29.0397965202629,40.9924218204224,0,0,0,91,184,0.2769440423778436,209.47885189876163
380,1535,671524.784158359,4540069.65412214,671624.784158359,4539969.65412214,22,21,Hasanpaşa Mahallesi,HASANPASA,15918,13,10,0,0,0,1,1,6,29.0398242794088,40.9933220733865,0,0,0,91,235,0.2520473319478872,264.61556150387673
381,1534,671524.784158359,4540169.65412214,671624.784158359,4540069.65412214,21,21,Hasanpaşa Mahallesi,HASANPASA,15918,7,6,0,0,0,1,0,4,29.0398520398119,40.994222326194,0,0,0,91,268,0.1739600189950809,291.3106425453409
382,1533,671524.784158359,4540269.65412214,671624.784158359,4540169.65412214,20,21,Hasanpaşa Mahallesi,HASANPASA,15918,1,4,0,0,0,0,0,3,29.0398798014721,40.995122578845,0,0,0,91,268,0.0625500024064475,276.3817003224639
383,1532,671524.784158359,4540369.65412214,671624.784158359,4540269.65412214,19,21,Hasanpaşa Mahallesi,HASANPASA,15918,1,4,1,2,0,0,0,3,29.0399075643896,40.9960228313394,0,0,0,91,268,0.1681875458294192,290.53713114114214
384,1531,671524.784158359,4540469.65412214,671624.784158359,4540369.65412214,18,21,Hasanpaşa Mahallesi,HASANPASA,15918,3,6,1,2,0,0,0,5,29.0399353285644,40.9969230836772,0,1,0,91,266,0.1948663773473109,291.91722818719234
385,1606,671624.784158359,4540169.65412214,671724.784158359,4540069.65412214,21,22,Hasanpaşa Mahallesi,HASANPASA,15918,3,6,0,0,0,1,0,5,29.0410402193006,40.9942012862738,0,0,0,91,234,0.1598108201525031,252.69786595784285
386,1605,671624.784158359,4540269.65412214,671724.784158359,4540169.65412214,20,22,Hasanpaşa Mahallesi,HASANPASA,15918,1,4,1,0,0,0,0,5,29.0410679971041,40.9951015382614,0,0,0,91,226,0.1487825431450224,242.81242737538756
387,1604,671624.784158359,4540369.65412214,671724.784158359,4540269.65412214,19,22,Hasanpaşa Mahallesi,HASANPASA,15918,1,3,1,1,0,0,0,4,29.0410957761657,40.9960017900925,0,0,0,91,226,0.1570148365614344,243.7426765314421
388,1603,671624.784158359,4540469.65412214,671724.784158359,4540369.65412214,18,22,Hasanpaşa Mahallesi,HASANPASA,15918,1,3,1,1,0,0,0,4,29.0411235564852,40.996902041767,0,0,0,91,214,0.1570148365614344,230.8005875120735
389,1602,671624.784158359,4540569.65412214,671724.784158359,4540469.65412214,17,22,Hasanpaşa Mahallesi,HASANPASA,15918,0,1,1,1,0,0,0,1,29.0411513380629,40.9978022932849,0,1,0,91,263,0.1180955411376893,278.52956365960614
390,1674,671724.784158359,4540569.65412214,671824.784158359,4540469.65412214,17,23,Hasanpaşa Mahallesi,HASANPASA,15918,1,0,2,1,0,0,0,1,29.0423395808712,40.997781238472,0,0,0,91,169,0.1676013338387572,183.16231270937496
391,1675,671724.784158359,4540469.65412214,671824.784158359,4540369.65412214,18,23,Hasanpaşa Mahallesi,HASANPASA,15918,1,1,2,3,0,0,0,4,29.042311783148,40.9968809876178,0,0,0,91,117,0.2052965395210957,129.00984756198412
392,1676,671724.784158359,4540369.65412214,671824.784158359,4540269.65412214,19,23,Hasanpaşa Mahallesi,HASANPASA,15918,1,3,2,4,0,0,0,4,29.0422839866837,40.995980736607,0,0,0,91,159,0.2245792767508177,176.85405250169
393,1677,671724.784158359,4540269.65412214,671824.784158359,4540169.65412214,20,23,Hasanpaşa Mahallesi,HASANPASA,15918,1,4,2,2,0,0,0,4,29.0422561914782,40.9950804854397,0,0,0,91,159,0.2185001014339928,176.37075806400244
394,1678,671724.784158359,4540169.65412214,671824.784158359,4540069.65412214,21,23,Hasanpaşa Mahallesi,HASANPASA,15918,1,4,0,1,0,1,0,4,29.0422283975313,40.9941802341157,0,0,0,91,197,0.1498189863293068,211.75717015343676
395,1744,671824.784158359,4540769.65412214,671924.784158359,4540669.65412214,15,24,Hasanpaşa Mahallesi,HASANPASA,15918,0,0,1,2,0,0,0,1,29.0435834539366,40.9995606713299,0,0,0,91,278,0.1120685344504073,293.57752628860663
396,1745,671824.784158359,4540669.65412214,671924.784158359,4540569.65412214,16,24,Hasanpaşa Mahallesi,HASANPASA,15918,0,0,1,1,0,0,0,0,29.0435556375487,40.9986604214531,0,0,0,91,255,0.0970873331500462,267.3786349766309
397,1746,671824.784158359,4540569.65412214,671924.784158359,4540469.65412214,17,24,Hasanpaşa Mahallesi,HASANPASA,15918,0,0,2,4,0,0,0,4,29.0435278224205,40.9977601714197,0,0,0,91,156,0.1795840720840008,170.00755762255207
398,1747,671824.784158359,4540469.65412214,671924.784158359,4540369.65412214,18,24,Hasanpaşa Mahallesi,HASANPASA,15918,1,1,2,5,0,0,0,4,29.043500008552,40.9968599212296,0,0,0,91,127,0.2138467497940212,140.57926861192036
399,1748,671824.784158359,4540369.65412214,671924.784158359,4540269.65412214,19,24,Hasanpaşa Mahallesi,HASANPASA,15918,1,1,2,4,0,0,0,6,29.043472195943,40.995959670883,0,0,0,91,138,0.2131238353606185,152.70554463988267
400,1749,671824.784158359,4540269.65412214,671924.784158359,4540169.65412214,20,24,Hasanpaşa Mahallesi,HASANPASA,15918,1,4,2,3,0,0,0,6,29.0434443845935,40.9950594203797,0,0,0,91,138,0.227688347736071,153.7104959937889
401,1816,671924.784158359,4540769.65412214,672024.784158359,4540669.65412214,15,25,Hasanpaşa Mahallesi,HASANPASA,15918,0,0,1,2,1,0,0,1,29.0447717265191,40.9995395907092,0,0,0,91,271,0.4343665711331113,329.8566703885366
402,1817,671924.784158359,4540669.65412214,672024.784158359,4540569.65412214,16,25,Hasanpaşa Mahallesi,HASANPASA,15918,0,0,2,1,0,0,0,1,29.0447438939845,40.9986393414969,0,0,0,91,258,0.1517605630923553,277.57711263891383
403,1818,671924.784158359,4540569.65412214,672024.784158359,4540469.65412214,17,25,Hasanpaşa Mahallesi,HASANPASA,15918,0,0,2,4,0,0,0,4,29.0447160627103,40.997739092128,0,0,0,91,243,0.1795840720840008,264.8194647582061
404,1819,671924.784158359,4540469.65412214,672024.784158359,4540369.65412214,18,25,Hasanpaşa Mahallesi,HASANPASA,15918,1,0,2,4,0,0,0,4,29.0446882326964,40.9968388426025,0,0,0,91,180,0.1954248428304026,197.58823585473627
405,1820,671924.784158359,4540369.65412214,672024.784158359,4540269.65412214,19,25,Hasanpaşa Mahallesi,HASANPASA,15918,1,0,2,4,0,0,0,4,29.0446604039428,40.9959385929204,0,0,0,91,150,0.1954248428304026,164.6568632122802
406,1821,671924.784158359,4540269.65412214,672024.784158359,4540169.65412214,20,25,Hasanpaşa Mahallesi,HASANPASA,15918,1,0,1,4,0,0,0,6,29.0446325764494,40.9950383430816,0,0,0,91,150,0.1503043794855375,161.27282846141532
407,1886,672024.784158359,4540969.65412214,672124.784158359,4540869.65412214,13,26,Hasanpaşa Mahallesi,HASANPASA,15918,0,0,1,3,1,0,1,1,29.0460156989877,41.0013189944731,0,0,0,91,205,0.4931039915359477,255.54315913243465
408,1887,672024.784158359,4540869.65412214,672124.784158359,4540769.65412214,14,26,Hasanpaşa Mahallesi,HASANPASA,15918,0,0,1,3,1,0,1,1,29.0459878477839,41.0004187462391,0,0,0,91,206,0.4931039915359477,256.7897111282026
409,1888,672024.784158359,4540769.65412214,672124.784158359,4540669.65412214,15,26,Hasanpaşa Mahallesi,HASANPASA,15918,0,0,0,3,1,0,0,1,29.0459599978412,40.9995184978484,0,0,0,91,208,0.3579623897201303,245.2280885308936
410,1889,672024.784158359,4540669.65412214,672124.784158359,4540569.65412214,16,26,Hasanpaşa Mahallesi,HASANPASA,15918,0,0,2,3,1,0,0,3,29.0459321491598,40.9986182493011,0,0,0,91,234,0.4951062718074903,291.92743380147635
411,1890,672024.784158359,4540569.65412214,672124.784158359,4540469.65412214,17,26,Hasanpaşa Mahallesi,HASANPASA,15918,0,0,2,4,0,0,0,5,29.0459043017396,40.9977180005971,0,0,0,91,263,0.1812756439878248,286.8377471843989
412,1891,672024.784158359,4540469.65412214,672124.784158359,4540369.65412214,18,26,Hasanpaşa Mahallesi,HASANPASA,15918,1,0,2,4,0,0,0,7,29.0458764555805,40.9968177517365,0,1,0,91,166,0.1997855171681382,182.58219792495544
413,1892,672024.784158359,4540369.65412214,672124.784158359,4540269.65412214,19,26,Hasanpaşa Mahallesi,HASANPASA,15918,1,0,1,4,0,0,0,7,29.0458486106824,40.9959175027192,0,1,0,91,192,0.1515432782532647,206.54815471231345
414,2175,672424.784158359,4540869.65412214,672524.784158359,4540769.65412214,14,30,Hasanpaşa Mahallesi,HASANPASA,15918,0,0,0,3,1,0,0,3,29.0507214257634,41.0003151876579,0,0,0,91,169,0.3643933807475659,199.7912406731693
415,2103,672324.784158359,4540869.65412214,672424.784158359,4540769.65412214,14,29,Hasanpaşa Mahallesi,HASANPASA,15918,0,0,0,3,1,0,0,3,29.0495527026219,41.0003553922196,0,0,0,91,190,0.3643933807475659,224.6173711710188
416,1959,672124.784158359,4540869.65412214,672224.784158359,4540769.65412214,14,27,Hasanpaşa Mahallesi,HASANPASA,15918,0,0,1,3,1,0,0,1,29.0471761339921,41.0003976404729,0,0,0,91,182,0.4404330418651811,222.0794068097315
417,2031,672224.784158359,4540869.65412214,672324.784158359,4540769.65412214,14,28,Hasanpaşa Mahallesi,HASANPASA,15918,0,0,0,3,1,0,0,3,29.0483644189383,41.0003765224665,0,0,0,91,192,0.3643933807475659,226.98176455176636
418,2174,672424.784158359,4540969.65412214,672524.784158359,4540869.65412214,13,30,Hasanpaşa Mahallesi,HASANPASA,15918,0,0,0,2,1,0,0,2,29.0503548648326,41.0008380801526,1,0,0,91,169,0.3556578075815845,199.0530847406439
419,2102,672324.784158359,4540969.65412214,672424.784158359,4540869.65412214,13,29,Hasanpaşa Mahallesi,HASANPASA,15918,0,0,0,3,1,0,0,2,29.0494747575568,41.0009537746792,0,0,0,91,190,0.3617242783136544,224.3638064397972
420,2030,672224.784158359,4540969.65412214,672324.784158359,4540869.65412214,13,28,Hasanpaşa Mahallesi,HASANPASA,15918,0,0,1,3,1,0,0,1,29.0483421532022,41.0010949742266,0,0,0,91,192,0.4404330418651811,234.2815720190574
421,1958,672124.784158359,4540969.65412214,672224.784158359,4540869.65412214,13,27,Hasanpaşa Mahallesi,HASANPASA,15918,0,0,1,3,1,0,1,1,29.0471615217567,41.00125619006,0,0,0,91,137,0.4931039915359477,170.77762342021242
422,1964,672124.784158359,4540369.65412214,672224.784158359,4540269.65412214,19,27,Hasanpaşa Mahallesi,HASANPASA,15918,1,0,1,4,0,0,0,10,29.0470368161609,40.9958964002796,0,1,0,91,226,0.1544978788704413,243.45826031235987
423,2107,672324.784158359,4540469.65412214,672424.784158359,4540369.65412214,18,29,Hasanpaşa Mahallesi,HASANPASA,15918,1,0,0,1,0,0,0,7,29.0494411166637,40.9967544057055,0,1,0,91,206,0.049750424833704,211.12429375787156
424,2035,672224.784158359,4540469.65412214,672324.784158359,4540369.65412214,18,28,Hasanpaşa Mahallesi,HASANPASA,15918,1,0,1,3,0,0,0,7,29.0482528975648,40.9967755332879,0,1,0,91,156,0.1468377579837502,167.45334512273251
425,1963,672124.784158359,4540469.65412214,672224.784158359,4540369.65412214,18,27,Hasanpaşa Mahallesi,HASANPASA,15918,1,0,1,4,0,0,0,8,29.0470646772035,40.9967966486316,0,1,0,91,159,0.1526360644128772,171.13456712082373
426,2106,672324.784158359,4540569.65412214,672424.784158359,4540469.65412214,17,29,Hasanpaşa Mahallesi,HASANPASA,15918,1,0,0,1,0,0,0,6,29.0494690112582,40.9976546525691,0,1,0,91,164,0.0485115260659768,167.9779451374101
427,2034,672224.784158359,4540569.65412214,672324.784158359,4540469.65412214,17,28,Hasanpaşa Mahallesi,HASANPASA,15918,1,0,0,2,1,0,0,6,29.0482807760143,40.9976757808176,0,1,0,91,218,0.3793597730216063,259.3502152593551
428,1962,672124.784158359,4540569.65412214,672224.784158359,4540469.65412214,17,27,Hasanpaşa Mahallesi,HASANPASA,15918,1,0,1,5,1,0,0,6,29.0470925395079,40.997696896827,0,1,0,91,237,0.4764471061716525,293.4589820813408
429,2178,672424.784158359,4540569.65412214,672524.784158359,4540469.65412214,17,30,Hasanpaşa Mahallesi,HASANPASA,15918,1,0,0,1,0,0,0,7,29.0506572452389,40.9976335120814,0,1,0,91,80,0.049750424833704,81.99001699334816
430,2033,672224.784158359,4540669.65412214,672324.784158359,4540569.65412214,16,28,Hasanpaşa Mahallesi,HASANPASA,15918,1,0,0,3,1,0,0,3,29.0483086557264,40.9985760281906,0,1,0,91,200,0.3802341514939678,238.0234151493968
431,1961,672124.784158359,4540669.65412214,672224.784158359,4540569.65412214,16,27,Hasanpaşa Mahallesi,HASANPASA,15918,0,0,0,4,1,0,0,4,29.0471204030741,40.9985971448656,0,0,0,91,154,0.3711692177067804,182.5800297634221
432,2105,672324.784158359,4540669.65412214,672424.784158359,4540569.65412214,16,29,Hasanpaşa Mahallesi,HASANPASA,15918,1,0,0,2,1,0,0,3,29.0494969071161,40.998554899276,0,1,0,91,182,0.3741676807618979,216.0492589493327
433,2177,672424.784158359,4540669.65412214,672524.784158359,4540569.65412214,16,30,Hasanpaşa Mahallesi,HASANPASA,15918,0,0,0,1,0,0,0,4,29.0506851572424,40.9985337581219,0,0,0,91,112,0.0295489797495666,113.65474286597572
434,2104,672324.784158359,4540769.65412214,672424.784158359,4540669.65412214,15,29,Hasanpaşa Mahallesi,HASANPASA,15918,0,0,0,3,1,0,0,4,29.0495248042373,40.9994551458262,0,0,0,91,201,0.366463697437266,237.82960159244524
435,2032,672224.784158359,4540769.65412214,672324.784158359,4540669.65412214,15,28,Hasanpaşa Mahallesi,HASANPASA,15918,0,0,0,3,1,0,0,3,29.048336536701,40.9994762754069,0,0,0,91,206,0.3643933807475659,243.5325182169993
436,1960,672124.784158359,4540769.65412214,672224.784158359,4540669.65412214,15,27,Hasanpaşa Mahallesi,HASANPASA,15918,0,0,0,3,1,0,0,3,29.0471482679021,40.9994973927476,0,0,0,91,133,0.3643933807475659,157.23215981971313
437,2176,672424.784158359,4540769.65412214,672524.784158359,4540669.65412214,15,30,Hasanpaşa Mahallesi,HASANPASA,15918,0,0,0,3,1,0,0,4,29.0507130705101,40.9994340040056,0,0,0,91,156,0.366463697437266,184.5841684001068
438,2249,672524.784158359,4540669.65412214,672624.784158359,4540569.65412214,16,31,Hasanpaşa Mahallesi,HASANPASA,15918,0,0,0,1,0,0,0,4,29.0518734061047,40.9985126047282,0,0,0,91,77,0.0295489797495666,78.1376357203583
439,2248,672524.784158359,4540769.65412214,672624.784158359,4540669.65412214,15,31,Hasanpaşa Mahallesi,HASANPASA,15918,0,0,0,1,0,0,0,3,29.0519013355188,40.9994128499451,0,0,0,91,38,0.0274786630598665,38.52209459813746
440,2247,672524.784158359,4540869.65412214,672624.784158359,4540769.65412214,14,31,Hasanpaşa Mahallesi,HASANPASA,15918,0,0,0,1,0,0,0,2,29.0518668588446,41.000161063713,0,0,0,91,38,0.024809560625955,38.47138165189314
441,2319,672624.784158359,4540869.65412214,672724.784158359,4540769.65412214,14,32,Hasanpaşa Mahallesi,HASANPASA,15918,5,0,0,1,0,0,0,2,29.0529441722126,40.9999817505085,1,0,0,91,31,0.0657573589879244,32.01923906431283
442,2321,672624.784158359,4540669.65412214,672724.784158359,4540569.65412214,16,32,Hasanpaşa Mahallesi,HASANPASA,15918,5,0,0,1,0,0,0,4,29.0530616537022,40.9984914390952,0,1,0,91,90,0.0704967781115361,93.17235501501912
443,2320,672624.784158359,4540769.65412214,672724.784158359,4540669.65412214,15,32,Hasanpaşa Mahallesi,HASANPASA,15918,5,0,0,1,0,0,0,2,29.0530895992626,40.9993916836448,0,0,0,91,31,0.0657573589879244,32.01923906431283
444,2391,672724.784158359,4540869.65412214,672824.784158359,4540769.65412214,14,33,Hasanpaşa Mahallesi,HASANPASA,15918,5,0,0,1,0,0,0,3,29.0537344352611,40.9998423042287,1,0,0,91,33,0.068426461421836,34.12903661346029
445,2392,672724.784158359,4540769.65412214,672824.784158359,4540669.65412214,15,33,Hasanpaşa Mahallesi,HASANPASA,15918,5,0,0,1,0,0,0,3,29.0542243525425,40.9992994712581,0,0,0,91,33,0.068426461421836,34.12903661346029
446,2393,672724.784158359,4540669.65412214,672824.784158359,4540569.65412214,16,33,Hasanpaşa Mahallesi,HASANPASA,15918,6,0,0,1,0,0,0,3,29.0542499000341,40.9984702612227,0,1,0,91,117,0.0719493287839639,121.2090357338619
447,2464,672824.784158359,4540769.65412214,672924.784158359,4540669.65412214,15,34,Hasanpaşa Mahallesi,HASANPASA,15918,5,0,0,1,0,0,0,2,29.0553362819791,40.9990918294729,0,0,0,91,90,0.0657573589879244,92.9590811544566
448,2465,672824.784158359,4540669.65412214,672924.784158359,4540569.65412214,16,34,Hasanpaşa Mahallesi,HASANPASA,15918,6,0,0,1,0,0,0,1,29.0554381450998,40.9984490711109,0,2,0,91,90,0.0655183377565282,92.94832519904378
449,2536,672924.784158359,4540769.65412214,673024.784158359,4540669.65412214,15,35,Hasanpaşa Mahallesi,HASANPASA,15918,6,0,0,1,0,0,0,1,29.0561775152011,40.9989303948554,1,0,0,91,60,0.0655183377565282,61.96555013269585
450,1027,670824.784158359,4540469.65412214,670924.784158359,4540369.65412214,18,14,Acıbadem Mahallesi,ACIBADEM,28600,0,0,2,0,0,0,0,4,29.0316176979525,40.9970700343531,0,1,0,156,165,0.1456451898044957,177.0157281588709
451,1026,670824.784158359,4540569.65412214,670924.784158359,4540469.65412214,17,14,Acıbadem Mahallesi,ACIBADEM,28600,5,0,2,1,0,0,1,4,29.0316453503641,40.9979702911671,0,2,0,156,131,0.2538806188422271,147.62918053416587
452,1025,670824.784158359,4540669.65412214,670924.784158359,4540569.65412214,16,14,Acıbadem Mahallesi,ACIBADEM,28600,6,0,2,1,0,0,1,4,29.0316730040281,40.9988705478247,0,2,0,156,90,0.257403486204355,101.58315687919598
453,1024,670824.784158359,4540769.65412214,670924.784158359,4540669.65412214,15,14,Acıbadem Mahallesi,ACIBADEM,28600,6,0,2,1,0,0,1,5,29.0317006589445,40.9997708043257,0,2,1,156,111,0.259095058108179,125.37977572500394
454,951,670724.784158359,4540869.65412214,670824.784158359,4540769.65412214,14,13,Acıbadem Mahallesi,ACIBADEM,28600,6,0,0,1,0,0,1,4,29.0305400125653,41.0006920073084,0,2,0,156,90,0.1266905951444306,95.70107678149938
455,1023,670824.784158359,4540869.65412214,670924.784158359,4540769.65412214,14,14,Acıbadem Mahallesi,ACIBADEM,28600,6,0,0,1,0,0,1,4,29.0317283151133,41.0006710606704,0,2,1,156,78,0.1266905951444306,82.94093321063279
456,1022,670824.784158359,4540969.65412214,670924.784158359,4540869.65412214,13,14,Acıbadem Mahallesi,ACIBADEM,28600,7,0,1,1,0,0,1,4,29.0317559725347,41.0015713168586,0,3,0,156,108,0.2122128938045896,119.45949626544784
457,1245,671124.784158359,4540269.65412214,671224.784158359,4540169.65412214,20,17,Acıbadem Mahallesi,ACIBADEM,28600,0,3,1,2,0,2,0,6,29.0351270063788,40.995206618796,0,0,0,156,231,0.2647158530560233,261.5746810279707
458,1244,671124.784158359,4540369.65412214,671224.784158359,4540269.65412214,19,17,Acıbadem Mahallesi,ACIBADEM,28600,0,2,2,2,0,1,0,6,29.0351547047194,40.9961068739398,0,0,0,156,224,0.2656201851273941,253.74946073426813
459,1243,671124.784158359,4540469.65412214,671224.784158359,4540369.65412214,18,17,Acıbadem Mahallesi,ACIBADEM,28600,0,0,2,2,0,0,0,7,29.0351824043143,40.9970071289271,0,1,0,156,224,0.1731727554201521,243.39534860705703
460,1242,671124.784158359,4540569.65412214,671224.784158359,4540469.65412214,17,17,Acıbadem Mahallesi,ACIBADEM,28600,2,2,2,2,0,0,0,8,29.0352101051637,40.997907383758,0,1,0,156,200,0.2224769114421375,222.24769114421375
461,1241,671124.784158359,4540669.65412214,671224.784158359,4540569.65412214,16,17,Acıbadem Mahallesi,ACIBADEM,28600,2,3,2,3,0,0,0,7,29.0352378072676,40.9988076384323,0,1,0,156,183,0.2335006876882046,204.3653129234707
462,1240,671124.784158359,4540769.65412214,671224.784158359,4540669.65412214,15,17,Acıbadem Mahallesi,ACIBADEM,28600,3,3,2,5,0,0,0,4,29.0352655106261,40.9997078929502,0,1,0,156,159,0.2442647375006306,178.41904663130012
463,1239,671124.784158359,4540869.65412214,671224.784158359,4540769.65412214,14,17,Acıbadem Mahallesi,ACIBADEM,28600,3,2,0,6,0,0,0,3,29.0352932152393,41.0006081473115,0,0,0,156,129,0.1086820771579998,136.009993976691
464,1238,671124.784158359,4540969.65412214,671224.784158359,4540869.65412214,13,17,Acıbadem Mahallesi,ACIBADEM,28600,0,0,0,6,0,0,0,3,29.0353209211072,41.0015084015164,0,0,0,156,171,0.0538961934183907,175.6081245372724
465,1237,671124.784158359,4541069.65412214,671224.784158359,4540969.65412214,12,17,Acıbadem Mahallesi,ACIBADEM,28600,0,0,0,5,0,0,0,6,29.0353486282298,41.0024086555647,0,0,0,156,171,0.0558376465974958,175.77411878408589
466,1236,671124.784158359,4541169.65412214,671224.784158359,4541069.65412214,11,17,Acıbadem Mahallesi,ACIBADEM,28600,0,0,1,5,0,0,0,6,29.0353763366073,41.0033089094566,0,0,0,156,134,0.1383082987425467,143.2666560157506
467,1235,671124.784158359,4541269.65412214,671224.784158359,4541169.65412214,10,17,Acıbadem Mahallesi,ACIBADEM,28600,0,0,1,2,0,0,0,7,29.0354040462397,41.0042091631919,0,1,0,156,75,0.1249305165052785,79.68489436894795
468,1246,671124.784158359,4540169.65412214,671224.784158359,4540069.65412214,21,17,Acıbadem Mahallesi,ACIBADEM,28600,2,3,1,2,0,2,0,7,29.0350993092926,40.9943063634957,0,1,0,156,228,0.2910617794393181,261.18104285608223
469,1174,671024.784158359,4540169.65412214,671124.784158359,4540069.65412214,21,16,Acıbadem Mahallesi,ACIBADEM,28600,2,2,1,2,0,2,0,5,29.0339111235253,40.9943273422261,0,1,0,156,182,0.2823425853317968,207.6931752651935
470,1173,671024.784158359,4540269.65412214,671124.784158359,4540169.65412214,20,16,Acıbadem Mahallesi,ACIBADEM,28600,1,2,1,2,0,2,0,6,29.0339388044679,40.9952275981878,0,0,0,156,225,0.2745065321288154,255.88198486449173
471,1172,671024.784158359,4540369.65412214,671124.784158359,4540269.65412214,19,16,Acıbadem Mahallesi,ACIBADEM,28600,0,0,2,2,0,0,0,6,29.033966486664,40.996127853993,0,0,0,156,230,0.1719338566524249,249.77239351502888
472,1171,671024.784158359,4540469.65412214,671124.784158359,4540369.65412214,18,16,Acıbadem Mahallesi,ACIBADEM,28600,0,0,2,3,0,0,0,7,29.0339941701139,40.9970281096417,0,0,0,156,230,0.1792392261522219,250.6125110075055
473,1170,671024.784158359,4540569.65412214,671124.784158359,4540469.65412214,17,16,Acıbadem Mahallesi,ACIBADEM,28600,0,0,2,2,0,0,0,6,29.0340218548174,40.997928365134,0,1,0,156,177,0.1719338566524249,192.2161463137396
474,1169,671024.784158359,4540669.65412214,671124.784158359,4540569.65412214,16,16,Acıbadem Mahallesi,ACIBADEM,28600,1,0,2,1,0,0,0,5,29.0340495407747,40.9988286204698,0,2,0,156,173,0.1777942134597168,188.37919946426555
475,1168,671024.784158359,4540769.65412214,671124.784158359,4540669.65412214,15,16,Acıbadem Mahallesi,ACIBADEM,28600,4,0,2,4,0,0,0,3,29.0340772279859,40.9997288756491,0,2,0,156,161,0.214294886035041,178.2507383258208
476,1167,671024.784158359,4540869.65412214,671124.784158359,4540769.65412214,14,16,Acıbadem Mahallesi,ACIBADEM,28600,4,0,1,6,0,0,0,3,29.034104916451,41.0006291306719,0,2,0,156,143,0.1731479762041819,155.380080298599
477,1166,671024.784158359,4540969.65412214,671124.784158359,4540869.65412214,13,16,Acıbadem Mahallesi,ACIBADEM,28600,1,0,0,6,0,0,0,4,29.0341326061701,41.0015293855383,0,2,0,156,114,0.0718072808544926,118.09301500870608
478,1165,671024.784158359,4541069.65412214,671124.784158359,4540969.65412214,12,16,Acıbadem Mahallesi,ACIBADEM,28600,1,0,1,5,0,0,0,5,29.0341602971433,41.0024296402482,0,0,0,156,114,0.1527188658227641,122.70497535189756
479,1164,671024.784158359,4541169.65412214,671124.784158359,4541069.65412214,11,16,Acıbadem Mahallesi,ACIBADEM,28600,1,0,2,5,0,0,0,8,29.0341879893705,41.0033298948015,0,0,0,156,114,0.2047229933311617,125.6692106198762
480,953,670724.784158359,4540669.65412214,670824.784158359,4540569.65412214,16,13,Acıbadem Mahallesi,ACIBADEM,28600,6,0,2,0,0,0,1,4,29.0304847337758,40.998891493142,0,2,0,156,125,0.2427868051993596,140.17417532495998
481,952,670724.784158359,4540769.65412214,670824.784158359,4540669.65412214,15,13,Acıbadem Mahallesi,ACIBADEM,28600,6,0,2,0,0,0,1,4,29.0305123725447,40.9997917503034,0,2,0,156,140,0.2427868051993596,156.99507636395518
482,1592,671624.784158359,4541569.65412214,671724.784158359,4541469.65412214,7,22,Acıbadem Mahallesi,ACIBADEM,28600,0,0,2,1,0,0,0,0,29.0414292230498,41.0068047998516,0,0,0,156,200,0.1453295720649197,214.532957206492
483,1101,670924.784158359,4540269.65412214,671024.784158359,4540169.65412214,20,15,Acıbadem Mahallesi,ACIBADEM,28600,5,0,1,2,0,0,0,3,29.0327506013033,40.9952485653411,0,0,0,156,180,0.1594473238398124,194.35025914558312
484,1100,670924.784158359,4540369.65412214,671024.784158359,4540269.65412214,19,15,Acıbadem Mahallesi,ACIBADEM,28600,1,0,2,1,0,0,0,4,29.032778267355,40.9961488218073,0,0,0,156,225,0.1761026415558929,244.811547175038
485,1099,670924.784158359,4540469.65412214,671024.784158359,4540369.65412214,18,15,Acıbadem Mahallesi,ACIBADEM,28600,0,0,2,2,0,0,0,6,29.0328059346597,40.9970490781171,0,0,0,156,204,0.1719338566524249,221.53725337854732
486,1098,670924.784158359,4540569.65412214,671024.784158359,4540469.65412214,17,15,Acıbadem Mahallesi,ACIBADEM,28600,4,0,2,1,0,0,0,3,29.0328336032173,40.9979493342704,0,2,0,156,155,0.1949726847605312,170.1103830689412
487,1097,670924.784158359,4540669.65412214,671024.784158359,4540569.65412214,16,15,Acıbadem Mahallesi,ACIBADEM,28600,6,0,2,1,0,0,1,4,29.032861273028,40.9988495902673,0,2,0,156,159,0.257403486204355,179.46357715324623
488,1096,670924.784158359,4540769.65412214,671024.784158359,4540669.65412214,15,15,Acıbadem Mahallesi,ACIBADEM,28600,6,0,2,1,0,0,1,5,29.0328889440918,40.9997498461076,0,2,0,156,155,0.259095058108179,175.07986700338387
489,1095,670924.784158359,4540869.65412214,671024.784158359,4540769.65412214,14,15,Acıbadem Mahallesi,ACIBADEM,28600,6,0,2,3,0,0,1,3,29.0329166164088,41.0006501017916,0,2,0,156,101,0.2699498505196502,114.63246745124232
490,1094,670924.784158359,4540969.65412214,671024.784158359,4540869.65412214,13,15,Acıbadem Mahallesi,ACIBADEM,28600,7,0,0,4,0,0,1,4,29.0329442899791,41.001550357319,0,2,0,156,54,0.1490644429340485,58.02473995921931
491,1093,670924.784158359,4541069.65412214,671024.784158359,4540969.65412214,12,15,Acıbadem Mahallesi,ACIBADEM,28600,2,0,1,2,0,0,0,4,29.0329719648026,41.00245061269,0,2,0,156,114,0.1456768697831106,122.30358157763732
492,1660,671724.784158359,4541969.65412214,671824.784158359,4541869.65412214,3,23,Acıbadem Mahallesi,ACIBADEM,28600,0,0,0,0,0,0,0,3,29.0421814475737,41.009954535298,1,0,0,156,192,0.0128619820548712,193.23475027726764
493,1661,671724.784158359,4541869.65412214,671824.784158359,4541769.65412214,4,23,Acıbadem Mahallesi,ACIBADEM,28600,0,0,2,0,0,0,0,2,29.0426786936888,41.0094510500657,0,0,0,156,185,0.140905770680884,198.03378378798175
494,1732,671824.784158359,4541969.65412214,671924.784158359,4541869.65412214,3,24,Acıbadem Mahallesi,ACIBADEM,28600,0,0,0,0,0,0,0,3,29.0444884150593,41.0099070918279,1,0,0,156,200,0.0128619820548712,201.28619820548712
495,1733,671824.784158359,4541869.65412214,671924.784158359,4541769.65412214,4,24,Acıbadem Mahallesi,ACIBADEM,28600,0,0,2,0,0,0,0,5,29.0439104088151,41.0093877489712,0,0,0,156,182,0.1473367617083197,195.4076453154571
496,1804,671924.784158359,4541969.65412214,672024.784158359,4541869.65412214,3,25,Acıbadem Mahallesi,ACIBADEM,28600,0,0,0,0,0,0,0,4,29.0446866662982,41.0099302313609,1,0,0,156,200,0.0149322987445713,201.4932298744571
497,1805,671924.784158359,4541869.65412214,672024.784158359,4541769.65412214,4,25,Acıbadem Mahallesi,ACIBADEM,28600,0,0,1,0,0,0,0,5,29.0450312859118,41.0093954076294,0,0,0,156,200,0.0990945227934461,209.90945227934463
498,1876,672024.784158359,4541969.65412214,672124.784158359,4541869.65412214,3,26,Acıbadem Mahallesi,ACIBADEM,28600,0,0,0,0,0,0,0,5,29.046714497745,41.0099265842687,1,0,0,156,198,0.0166238706483953,199.64576319419112
499,1877,672024.784158359,4541869.65412214,672124.784158359,4541769.65412214,4,26,Acıbadem Mahallesi,ACIBADEM,28600,0,0,0,0,0,0,0,5,29.0463091778552,41.0093790869215,0,0,0,156,198,0.0166238706483953,199.64576319419112
500,1948,672124.784158359,4541969.65412214,672224.784158359,4541869.65412214,3,27,Acıbadem Mahallesi,ACIBADEM,28600,0,0,0,0,0,0,0,5,29.047037062005,41.0099787612705,1,0,0,156,198,0.0166238706483953,199.64576319419112
501,1949,672124.784158359,4541869.65412214,672224.784158359,4541769.65412214,4,27,Acıbadem Mahallesi,ACIBADEM,28600,0,0,0,0,0,0,0,5,29.0470114220866,41.0094219423346,1,0,0,156,198,0.0166238706483953,199.64576319419112
502,1950,672124.784158359,4541769.65412214,672224.784158359,4541669.65412214,5,27,Acıbadem Mahallesi,ACIBADEM,28600,0,0,0,1,0,0,0,6,29.0469416382147,41.0085718033174,1,0,0,156,201,0.032670755319575,204.2834109096173
503,1951,672124.784158359,4541669.65412214,672224.784158359,4541569.65412214,6,27,Acıbadem Mahallesi,ACIBADEM,28600,5,0,0,1,0,0,0,7,29.0468442163235,41.0080034919053,1,0,0,156,114,0.0748574524492716,118.26687478960848
504,1317,671224.784158359,4540269.65412214,671324.784158359,4540169.65412214,20,18,Acıbadem Mahallesi,ACIBADEM,28600,1,3,0,2,0,2,0,6,29.0363152070355,40.9951856271658,0,0,0,156,233,0.1980859716573743,256.0770156980841
505,1316,671224.784158359,4540369.65412214,671324.784158359,4540269.65412214,19,18,Acıbadem Mahallesi,ACIBADEM,28600,0,3,0,1,0,1,0,5,29.0363429215203,40.9960858816478,0,1,0,156,236,0.1309769718019696,251.4552826726324
506,1315,671224.784158359,4540469.65412214,671324.784158359,4540369.65412214,18,18,Acıbadem Mahallesi,ACIBADEM,28600,2,3,1,1,0,0,0,6,29.0363706372603,40.9969861359734,0,1,0,156,234,0.1694028690006085,253.8201356730712
507,1314,671224.784158359,4540569.65412214,671324.784158359,4540469.65412214,17,18,Acıbadem Mahallesi,ACIBADEM,28600,2,3,2,2,0,0,0,5,29.0363983542555,40.9978863901424,0,1,0,156,182,0.2247651145222232,202.45362542152236
508,1313,671224.784158359,4540669.65412214,671324.784158359,4540569.65412214,16,18,Acıbadem Mahallesi,ACIBADEM,28600,2,3,1,3,0,0,0,6,29.036426072506,40.9987866441549,0,1,0,156,234,0.1840195500056039,255.53028735065564
509,1312,671224.784158359,4540769.65412214,671324.784158359,4540669.65412214,15,18,Acıbadem Mahallesi,ACIBADEM,28600,2,3,0,6,0,0,0,6,29.0364537920117,40.9996868980109,0,1,0,156,201,0.1133497472140818,212.39164959501525
510,1311,671224.784158359,4540869.65412214,671324.784158359,4540769.65412214,14,18,Acıbadem Mahallesi,ACIBADEM,28600,2,3,0,6,0,0,0,5,29.0364815127728,41.0005871517104,0,1,0,156,150,0.1119195435478975,158.39396576609232
511,1310,671224.784158359,4540969.65412214,671324.784158359,4540869.65412214,13,18,Acıbadem Mahallesi,ACIBADEM,28600,0,0,0,6,0,0,0,5,29.0365092347894,41.0014874052533,0,0,0,156,173,0.0576580820119148,177.98742409403064
512,1309,671224.784158359,4541069.65412214,671324.784158359,4540969.65412214,12,18,Acıbadem Mahallesi,ACIBADEM,28600,0,0,0,5,0,0,0,3,29.0365369580615,41.0023876586398,0,0,0,156,173,0.0506455543377873,177.3808404502186
513,1308,671224.784158359,4541169.65412214,671324.784158359,4541069.65412214,11,18,Acıbadem Mahallesi,ACIBADEM,28600,0,0,1,5,0,0,0,5,29.0365646825891,41.0032879118697,0,0,0,156,102,0.1368780950763623,108.98078284889448
514,1307,671224.784158359,4541269.65412214,671324.784158359,4541169.65412214,10,18,Acıbadem Mahallesi,ACIBADEM,28600,0,0,1,4,0,0,0,5,29.0365924083724,41.0041881649431,0,1,0,156,122,0.1330334050729512,130.11503770945004
515,1306,671224.784158359,4541369.65412214,671324.784158359,4541269.65412214,9,18,Acıbadem Mahallesi,ACIBADEM,28600,0,1,1,0,0,0,0,7,29.0366201354114,41.00508841786,0,1,0,156,195,0.1163408421875652,206.3432321132876
516,1388,671324.784158359,4540369.65412214,671424.784158359,4540269.65412214,19,19,Acıbadem Mahallesi,ACIBADEM,28600,0,4,0,1,0,1,0,8,29.0375311370662,40.996064877117,0,1,0,156,243,0.139431676080253,259.94094864375074
517,1387,671324.784158359,4540469.65412214,671424.784158359,4540369.65412214,18,19,Acıbadem Mahallesi,ACIBADEM,28600,2,3,0,1,0,0,0,5,29.0375588689512,40.9969651307804,0,1,0,156,243,0.0855020131893733,253.38849460250884
518,1386,671324.784158359,4540569.65412214,671424.784158359,4540469.65412214,17,19,Acıbadem Mahallesi,ACIBADEM,28600,2,3,0,2,0,0,0,6,29.0375866020921,40.9978653842872,0,1,0,156,255,0.0954824271284831,267.17400945888164
519,1385,671324.784158359,4540669.65412214,671424.784158359,4540569.65412214,16,19,Acıbadem Mahallesi,ACIBADEM,28600,2,3,0,3,0,0,0,6,29.037614336489,40.9987656376375,0,1,1,156,228,0.101548897860553,239.57657435610307
520,1384,671324.784158359,4540769.65412214,671424.784158359,4540669.65412214,15,19,Acıbadem Mahallesi,ACIBADEM,28600,2,3,0,6,0,0,0,4,29.0376420721419,40.9996658908313,0,1,0,156,204,0.1102279716440735,215.24325310769552
521,1383,671324.784158359,4540869.65412214,671424.784158359,4540769.65412214,14,19,Acıbadem Mahallesi,ACIBADEM,28600,2,3,0,5,0,0,0,5,29.0376698090509,41.0005661438685,0,1,0,156,182,0.1086689044672941,191.88887030652376
522,1382,671324.784158359,4540969.65412214,671424.784158359,4540869.65412214,13,19,Acıbadem Mahallesi,ACIBADEM,28600,2,3,0,5,0,0,0,4,29.0376975472161,41.0014663967492,0,0,0,156,150,0.1069773325634701,158.02329994226025
523,1381,671324.784158359,4541069.65412214,671424.784158359,4540969.65412214,12,19,Acıbadem Mahallesi,ACIBADEM,28600,0,0,0,5,0,0,0,5,29.0377252866376,41.0023666494734,0,0,0,156,150,0.0544074429313114,154.08055821984837
524,1380,671324.784158359,4541169.65412214,671424.784158359,4541069.65412214,11,19,Acıbadem Mahallesi,ACIBADEM,28600,0,0,0,5,0,0,0,3,29.0377530273153,41.003266902041,0,1,0,156,122,0.0506455543377873,125.08937881460504
525,1379,671324.784158359,4541269.65412214,671424.784158359,4541169.65412214,10,19,Acıbadem Mahallesi,ACIBADEM,28600,0,0,0,2,0,0,0,3,29.0377807692495,41.0041671544521,0,1,0,156,171,0.036028873332792,174.08046866995377
526,1378,671324.784158359,4541369.65412214,671424.784158359,4541269.65412214,9,19,Acıbadem Mahallesi,ACIBADEM,28600,0,0,0,0,0,0,0,2,29.03780851244,41.0050674067066,0,1,0,156,206,0.0101928796209596,207.04986660095884
527,1377,671324.784158359,4541469.65412214,671424.784158359,4541369.65412214,8,19,Acıbadem Mahallesi,ACIBADEM,28600,0,0,0,0,0,2,0,3,29.0378362568871,41.0059676588046,0,1,1,156,167,0.1247317834529281,177.4151039183195
528,1459,671424.784158359,4540469.65412214,671524.784158359,4540369.65412214,18,20,Acıbadem Mahallesi,ACIBADEM,28600,2,6,0,2,0,0,0,6,29.0387470993861,40.9969441133484,0,1,0,156,246,0.1072514149912083,259.1919240439186
529,1457,671424.784158359,4540669.65412214,671524.784158359,4540569.65412214,16,20,Acıbadem Mahallesi,ACIBADEM,28600,2,3,0,2,0,0,0,6,29.0388025992159,40.9987446188803,0,1,0,156,246,0.0954824271284831,257.74433853680347
530,1456,671424.784158359,4540769.65412214,671524.784158359,4540669.65412214,15,20,Acıbadem Mahallesi,ACIBADEM,28600,2,3,0,2,0,0,0,4,29.038830351016,40.9996448714114,0,1,0,156,236,0.0923606515584748,246.89855688390008
531,1455,671424.784158359,4540869.65412214,671524.784158359,4540769.65412214,14,20,Acıbadem Mahallesi,ACIBADEM,28600,2,4,0,5,0,0,0,6,29.0388581040729,41.000545123786,0,1,0,156,162,0.1147919238182378,171.29814582927725
532,1454,671424.784158359,4540969.65412214,671524.784158359,4540869.65412214,13,20,Acıbadem Mahallesi,ACIBADEM,28600,1,4,0,5,0,0,0,7,29.0388858583866,41.001445376004,0,0,0,156,149,0.1067645657167992,156.95396014590153
533,1453,671424.784158359,4541069.65412214,671524.784158359,4540969.65412214,12,20,Acıbadem Mahallesi,ACIBADEM,28600,0,1,0,5,0,0,0,7,29.0389136139574,41.0023456280655,0,0,0,156,149,0.0716537623254305,154.33820529324458
534,1452,671424.784158359,4541169.65412214,671524.784158359,4541069.65412214,11,20,Acıbadem Mahallesi,ACIBADEM,28600,0,1,0,3,0,0,0,5,29.0389413707852,41.0032458799704,0,1,0,156,93,0.0604344496185935,95.81020190726458
535,1451,671424.784158359,4541269.65412214,671524.784158359,4541169.65412214,10,20,Acıbadem Mahallesi,ACIBADEM,28600,0,0,0,2,0,0,0,2,29.0389691288701,41.0041461317188,0,1,0,156,180,0.0333597708988805,183.00237938089927
536,1450,671424.784158359,4541369.65412214,671524.784158359,4541269.65412214,9,20,Acıbadem Mahallesi,ACIBADEM,28600,0,0,0,1,0,0,0,2,29.0389968882121,41.0050463833106,0,1,0,156,201,0.024809560625955,203.4933608429085
537,1449,671424.784158359,4541469.65412214,671524.784158359,4541369.65412214,8,20,Acıbadem Mahallesi,ACIBADEM,28600,0,0,0,1,0,0,0,1,29.0390246488114,41.0059466347458,0,1,0,156,185,0.0210476720324309,186.94690966299984
538,1530,671524.784158359,4540569.65412214,671624.784158359,4540469.65412214,17,21,Acıbadem Mahallesi,ACIBADEM,28600,2,3,1,2,0,0,0,4,29.0399630939965,40.9978233358585,0,1,0,156,251,0.1748313037035257,272.94132861479244
539,1529,671524.784158359,4540669.65412214,671624.784158359,4540569.65412214,16,21,Acıbadem Mahallesi,ACIBADEM,28600,2,3,1,1,0,0,0,4,29.0399908606861,40.9987235878832,0,1,0,156,257,0.1662810934306002,278.36712050583213
540,1528,671524.784158359,4540769.65412214,671624.784158359,4540669.65412214,15,21,Acıbadem Mahallesi,ACIBADEM,28600,2,4,0,1,0,0,0,5,29.0400186286332,40.9996238397513,0,1,0,156,257,0.0901948288741326,268.59003551032606
541,1527,671524.784158359,4540869.65412214,671624.784158359,4540769.65412214,14,21,Acıbadem Mahallesi,ACIBADEM,28600,2,4,0,1,0,0,0,7,29.0400463978379,41.0005240914629,0,0,0,156,162,0.0928639313080442,169.52197843595158
542,1526,671524.784158359,4540969.65412214,671624.784158359,4540869.65412214,13,21,Acıbadem Mahallesi,ACIBADEM,28600,0,2,0,2,0,0,0,6,29.0400741683002,41.0014243430179,0,0,0,156,128,0.0643253078393058,132.11681970171557
543,1525,671524.784158359,4541069.65412214,671624.784158359,4540969.65412214,12,21,Acıbadem Mahallesi,ACIBADEM,28600,0,1,0,2,0,0,0,7,29.0401019400202,41.0023245944163,0,0,0,156,125,0.0570370813204352,128.56481758252718
544,1524,671524.784158359,4541169.65412214,671624.784158359,4541069.65412214,11,21,Acıbadem Mahallesi,ACIBADEM,28600,0,1,0,2,0,0,0,6,29.0401297129979,41.0032248456581,0,0,0,156,113,0.055798182552708,116.152597314228
545,1523,671524.784158359,4541269.65412214,671624.784158359,4541169.65412214,10,21,Acıbadem Mahallesi,ACIBADEM,28600,0,1,0,1,0,0,0,5,29.0401574872335,41.0041250967434,0,1,0,156,191,0.0458177686135981,195.37559690259863
546,1522,671524.784158359,4541369.65412214,671624.784158359,4541269.65412214,9,21,Acıbadem Mahallesi,ACIBADEM,28600,0,0,0,1,0,0,0,1,29.040185262727,41.0050253476721,0,1,0,156,213,0.0210476720324309,215.2415770714539
547,1521,671524.784158359,4541469.65412214,671624.784158359,4541369.65412214,8,21,Acıbadem Mahallesi,ACIBADEM,28600,0,0,2,1,0,0,0,0,29.0402130394785,41.0059255984442,0,1,0,156,210,0.1453295720649197,225.25960506681656
548,1601,671624.784158359,4540669.65412214,671724.784158359,4540569.65412214,16,22,Acıbadem Mahallesi,ACIBADEM,28600,2,3,1,1,0,0,0,4,29.0411791208988,40.9987025446462,0,1,0,156,255,0.1662810934306002,276.20083941240154
549,1600,671624.784158359,4540769.65412214,671724.784158359,4540669.65412214,15,22,Acıbadem Mahallesi,ACIBADEM,28600,0,2,1,1,0,0,0,4,29.0412069049929,40.999602795851,0,0,0,156,258,0.1351239741414229,275.43099266424355
550,1599,671624.784158359,4540869.65412214,671724.784158359,4540769.65412214,14,22,Acıbadem Mahallesi,ACIBADEM,28600,0,2,0,1,0,0,0,6,29.0412346903453,41.0005030468991,0,0,0,156,264,0.0557750975663804,271.3623128787622
551,1598,671624.784158359,4540969.65412214,671724.784158359,4540869.65412214,13,22,Acıbadem Mahallesi,ACIBADEM,28600,0,1,0,0,0,0,1,6,29.041262476956,41.0014032977907,0,0,0,156,239,0.0853022409455538,249.19361779299368
552,1597,671624.784158359,4541069.65412214,671724.784158359,4540969.65412214,12,22,Acıbadem Mahallesi,ACIBADEM,28600,0,1,0,0,0,0,1,6,29.0412902648252,41.0023035485257,0,0,0,156,174,0.0853022409455538,181.4212949622632
553,1596,671624.784158359,4541169.65412214,671724.784158359,4541069.65412214,11,22,Acıbadem Mahallesi,ACIBADEM,28600,0,1,0,1,0,0,1,6,29.0413180539529,41.003203799104,0,0,0,156,149,0.0999189219505491,156.4439596853159
554,1595,671624.784158359,4541269.65412214,671724.784158359,4541169.65412214,10,22,Acıbadem Mahallesi,ACIBADEM,28600,0,1,0,1,0,0,0,6,29.0413458443391,41.0041040495258,0,0,0,156,216,0.0472479722797825,221.1027810062165
555,1594,671624.784158359,4541369.65412214,671724.784158359,4541269.65412214,9,22,Acıbadem Mahallesi,ACIBADEM,28600,0,0,2,1,0,0,0,4,29.041373635984,41.005004299791,0,1,0,156,218,0.160261870809491,235.4685439182345
556,1593,671624.784158359,4541469.65412214,671724.784158359,4541369.65412214,8,22,Acıbadem Mahallesi,ACIBADEM,28600,0,0,2,1,0,0,0,0,29.0414014288875,41.0059045498996,0,1,0,156,206,0.1453295720649197,220.96894592268677
557,1662,671724.784158359,4541769.65412214,671824.784158359,4541669.65412214,5,23,Acıbadem Mahallesi,ACIBADEM,28600,0,0,2,0,0,0,0,2,29.0426732517617,41.0085842365065,0,0,0,156,197,0.140905770680884,210.87921841206708
558,1663,671724.784158359,4541669.65412214,671824.784158359,4541569.65412214,6,23,Acıbadem Mahallesi,ACIBADEM,28600,0,0,2,1,0,0,0,2,29.0426454389275,41.0076839875317,0,0,0,156,158,0.1555224516858794,170.28627368318448
559,1664,671724.784158359,4541569.65412214,671824.784158359,4541469.65412214,7,23,Acıbadem Mahallesi,ACIBADEM,28600,0,0,2,2,0,0,0,2,29.0426176273529,41.0067837384003,0,0,0,156,158,0.1640726619588049,170.9617402947456
560,1665,671724.784158359,4541469.65412214,671824.784158359,4541369.65412214,8,23,Acıbadem Mahallesi,ACIBADEM,28600,0,0,2,2,0,0,0,2,29.0425898170378,41.0058834891122,0,0,0,156,212,0.1640726619588049,229.39170216763333
561,1666,671724.784158359,4541369.65412214,671824.784158359,4541269.65412214,9,23,Acıbadem Mahallesi,ACIBADEM,28600,0,0,2,2,0,0,0,4,29.0425620079822,41.0049832396675,0,0,0,156,218,0.1688120810824165,236.40051683798345
562,1667,671724.784158359,4541269.65412214,671824.784158359,4541169.65412214,10,23,Acıbadem Mahallesi,ACIBADEM,28600,0,1,0,1,0,0,1,6,29.042534200186,41.0040829900662,0,0,0,156,203,0.0999189219505491,213.1417705779807
563,1668,671724.784158359,4541169.65412214,671824.784158359,4541069.65412214,11,23,Acıbadem Mahallesi,ACIBADEM,28600,0,1,1,1,0,0,1,6,29.0425063936492,41.0031827403083,0,0,0,156,144,0.1823895740956,157.13204933488322
564,1669,671724.784158359,4541069.65412214,671824.784158359,4540969.65412214,12,23,Acıbadem Mahallesi,ACIBADEM,28600,0,1,1,0,0,0,1,7,29.0424785883717,41.0022824903937,0,0,0,156,171,0.1690117918583318,185.45050820388735
565,1670,671724.784158359,4540969.65412214,671824.784158359,4540869.65412214,13,23,Acıbadem Mahallesi,ACIBADEM,28600,0,1,1,0,0,0,1,6,29.0424507843534,41.0013822403226,0,0,0,156,249,0.1677728930906047,269.8877251897803
566,1671,671724.784158359,4540869.65412214,671824.784158359,4540769.65412214,14,23,Acıbadem Mahallesi,ACIBADEM,28600,0,1,0,0,0,0,1,6,29.0424229815943,41.0004819900949,0,0,0,156,257,0.0853022409455538,267.96133796150366
567,1672,671724.784158359,4540769.65412214,671824.784158359,4540669.65412214,15,23,Acıbadem Mahallesi,ACIBADEM,28600,0,1,1,1,0,0,0,3,29.0423951800942,40.9995817397105,0,0,0,156,258,0.1245265321651249,274.0639226493011
568,1673,671724.784158359,4540669.65412214,671824.784158359,4540569.65412214,16,23,Acıbadem Mahallesi,ACIBADEM,28600,0,0,1,1,0,0,0,0,29.0423673798532,40.9986814891695,0,0,0,156,245,0.0970873331500462,256.8931983108807
569,1734,671824.784158359,4541769.65412214,671924.784158359,4541669.65412214,5,24,Acıbadem Mahallesi,ACIBADEM,28600,0,0,2,0,0,0,0,4,29.0438616871128,41.0085631614833,0,0,0,156,200,0.1456451898044957,214.5645189804496
570,1735,671824.784158359,4541669.65412214,671924.784158359,4541569.65412214,6,24,Acıbadem Mahallesi,ACIBADEM,28600,0,0,2,1,0,0,0,5,29.0438338581244,41.0076629131728,0,0,0,156,203,0.161953442713315,219.43827443540147
571,1736,671824.784158359,4541569.65412214,671924.784158359,4541469.65412214,7,24,Acıbadem Mahallesi,ACIBADEM,28600,5,0,2,3,0,0,0,6,29.0438060303963,41.0067626647057,0,0,0,156,203,0.2189481257464642,225.2232347632661
572,1737,671824.784158359,4541469.65412214,671924.784158359,4541369.65412214,8,24,Acıbadem Mahallesi,ACIBADEM,28600,5,0,2,3,0,0,0,6,29.0437782039286,41.0058624160819,0,0,0,156,207,0.2189481257464642,229.66113101475904
573,1738,671824.784158359,4541369.65412214,671924.784158359,4541269.65412214,9,24,Acıbadem Mahallesi,ACIBADEM,28600,5,0,2,3,0,0,0,5,29.043750378721,41.0049621673015,0,0,0,156,209,0.2175179220802798,231.7306228573892
574,1739,671824.784158359,4541269.65412214,671924.784158359,4541169.65412214,10,24,Acıbadem Mahallesi,ACIBADEM,28600,5,0,1,2,0,0,1,6,29.0437225547736,41.0040619183645,0,0,0,156,161,0.2173103657702874,178.4934844445081
575,1740,671824.784158359,4541169.65412214,671924.784158359,4541069.65412214,11,24,Acıbadem Mahallesi,ACIBADEM,28600,0,1,1,2,0,0,1,7,29.0436947320863,41.0031616692708,0,0,0,156,137,0.1921786831362527,150.1642397948333
576,1741,671824.784158359,4541069.65412214,671924.784158359,4540969.65412214,12,24,Acıbadem Mahallesi,ACIBADEM,28600,0,1,1,1,0,0,1,7,29.043666910659,41.0022614200205,0,0,0,156,143,0.1836284728633272,156.1294358097279
577,1742,671824.784158359,4540969.65412214,671924.784158359,4540869.65412214,13,24,Acıbadem Mahallesi,ACIBADEM,28600,0,1,1,1,0,0,1,7,29.0436390904917,41.0013611706136,0,0,0,156,246,0.1836284728633272,268.58630216218927
578,1743,671824.784158359,4540869.65412214,671924.784158359,4540769.65412214,14,24,Acıbadem Mahallesi,ACIBADEM,28600,0,1,1,1,0,0,1,5,29.0436112715842,41.0004609210501,0,0,0,156,255,0.1809593704294156,278.0723197297505
579,1806,671924.784158359,4541769.65412214,672024.784158359,4541669.65412214,5,25,Acıbadem Mahallesi,ACIBADEM,28600,0,0,2,1,0,0,0,5,29.0450501212035,41.0085420742161,0,0,0,156,204,0.161953442713315,220.5192511567581
580,1807,671924.784158359,4541669.65412214,672024.784158359,4541569.65412214,6,25,Acıbadem Mahallesi,ACIBADEM,28600,5,0,2,1,0,0,0,6,29.045022276061,41.0076418265703,0,0,0,156,204,0.2043314447414689,224.8418073636298
581,1808,671924.784158359,4541569.65412214,672024.784158359,4541469.65412214,7,25,Acıbadem Mahallesi,ACIBADEM,28600,5,0,2,2,0,0,0,6,29.0449944321795,41.0067415787679,0,0,0,156,204,0.2128816550143943,225.7139288114682
582,1809,671924.784158359,4541469.65412214,672024.784158359,4541369.65412214,8,25,Acıbadem Mahallesi,ACIBADEM,28600,5,0,2,3,0,0,0,7,29.0449665895591,41.0058413308089,0,0,0,156,216,0.2201870245141914,239.78019864753264
583,1810,671924.784158359,4541369.65412214,672024.784158359,4541269.65412214,9,25,Acıbadem Mahallesi,ACIBADEM,28600,5,0,2,3,0,0,1,4,29.0449387481997,41.0049410826931,0,0,0,156,212,0.2684972998472224,240.4607137838056
584,1811,671924.784158359,4541269.65412214,672024.784158359,4541169.65412214,10,25,Acıbadem Mahallesi,ACIBADEM,28600,5,0,1,3,0,0,1,6,29.0449109081011,41.0040408344207,0,0,0,156,155,0.2233768365023573,172.31170482893268
585,1812,671924.784158359,4541169.65412214,672024.784158359,4541069.65412214,11,25,Acıbadem Mahallesi,ACIBADEM,28600,5,0,1,1,0,0,1,5,29.0448830692633,41.0031405859917,0,0,0,156,156,0.2073299518311775,172.17173624283186
586,1813,671924.784158359,4541069.65412214,672024.784158359,4540969.65412214,12,25,Acıbadem Mahallesi,ACIBADEM,28600,0,0,1,1,0,0,1,7,29.0448552316863,41.0022403374061,0,0,0,156,116,0.1690512559031197,125.80497284238092
587,1814,671924.784158359,4540969.65412214,672024.784158359,4540869.65412214,13,25,Acıbadem Mahallesi,ACIBADEM,28600,0,0,1,3,1,0,1,7,29.04482739537,41.0013400886637,0,0,0,156,233,0.5059659735908191,291.94503592333047
588,1815,671924.784158359,4540869.65412214,672024.784158359,4540769.65412214,14,25,Acıbadem Mahallesi,ACIBADEM,28600,0,0,1,3,1,0,1,1,29.0447995603143,41.0004398397648,0,0,0,156,252,0.4931039915359477,314.1311029335294
589,1879,672024.784158359,4541669.65412214,672124.784158359,4541569.65412214,6,26,Acıbadem Mahallesi,ACIBADEM,28600,5,0,2,1,0,0,0,7,29.0461386745057,41.0076498362887,0,0,0,156,191,0.205570343509196,210.63196780512823
590,1880,672024.784158359,4541569.65412214,672124.784158359,4541469.65412214,7,26,Acıbadem Mahallesi,ACIBADEM,28600,5,0,2,2,0,0,0,6,29.0461423834458,41.0067019937749,0,0,0,156,191,0.2128816550143943,211.33019805387465
591,1878,672024.784158359,4541769.65412214,672124.784158359,4541669.65412214,5,26,Acıbadem Mahallesi,ACIBADEM,28600,0,0,0,1,0,0,0,6,29.046238554033,41.008520974705,0,0,0,156,201,0.032670755319575,204.2834109096173
592,1881,672024.784158359,4541469.65412214,672124.784158359,4541369.65412214,8,26,Acıbadem Mahallesi,ACIBADEM,28600,5,0,1,2,0,0,0,6,29.0461549739288,41.0058202332931,0,0,0,156,146,0.1646394160995208,158.018677375265
593,1882,672024.784158359,4541369.65412214,672124.784158359,4541269.65412214,9,26,Acıbadem Mahallesi,ACIBADEM,28600,5,0,1,2,0,0,0,6,29.0461271164175,41.0049199858424,0,0,0,156,143,0.1646394160995208,154.77171825111574
594,1883,672024.784158359,4541269.65412214,672124.784158359,4541169.65412214,10,26,Acıbadem Mahallesi,ACIBADEM,28600,5,0,1,2,0,0,1,5,29.0460992601678,41.004019738235,0,0,0,156,165,0.2158801621041031,182.81011337358848
595,1884,672024.784158359,4541169.65412214,672124.784158359,4541069.65412214,11,26,Acıbadem Mahallesi,ACIBADEM,28600,5,0,1,3,0,0,1,4,29.0460714051796,41.0031194904711,0,0,0,156,209,0.2202550609323489,232.01665386743045
596,1885,672024.784158359,4541069.65412214,672124.784158359,4540969.65412214,12,26,Acıbadem Mahallesi,ACIBADEM,28600,0,0,1,3,1,0,1,3,29.046043551453,41.0022192425504,0,0,0,156,182,0.4995349825633834,227.4576834132679
597,1957,672124.784158359,4541069.65412214,672224.784158359,4540969.65412214,12,27,Acıbadem Mahallesi,ACIBADEM,28600,0,0,1,3,1,0,1,2,29.0471080353622,41.0022461751297,0,0,0,156,177,0.4968658801294718,220.97263039145827
598,2029,672224.784158359,4541069.65412214,672324.784158359,4540969.65412214,12,28,Acıbadem Mahallesi,ACIBADEM,28600,0,0,1,3,1,0,1,1,29.0478450529903,41.0026296282674,1,0,0,156,225,0.4931039915359477,280.4741990477941
599,1956,672124.784158359,4541169.65412214,672224.784158359,4541069.65412214,11,27,Acıbadem Mahallesi,ACIBADEM,28600,5,0,1,3,0,0,1,4,29.0472597398345,41.0030983827088,0,0,0,156,225,0.2202550609323489,249.77869435488924
600,2028,672224.784158359,4541169.65412214,672324.784158359,4541069.65412214,11,28,Acıbadem Mahallesi,ACIBADEM,28600,2,0,1,2,0,0,0,1,29.047910155709,41.0031507142755,1,0,0,156,225,0.1371755620659749,240.4322507324222
601,2027,672224.784158359,4541269.65412214,672324.784158359,4541169.65412214,10,28,Acıbadem Mahallesi,ACIBADEM,28600,5,0,1,1,0,0,0,2,29.0479164738049,41.0037541115809,1,0,0,156,219,0.1482280111329753,235.2309672190608
602,1955,672124.784158359,4541269.65412214,672224.784158359,4541169.65412214,10,27,Acıbadem Mahallesi,ACIBADEM,28600,5,0,1,2,0,0,0,5,29.0472840614017,41.0039964661806,0,0,0,156,219,0.1632092124333364,236.87140876145037
603,1954,672124.784158359,4541369.65412214,672224.784158359,4541269.65412214,9,27,Acıbadem Mahallesi,ACIBADEM,28600,5,0,0,2,0,0,0,4,29.0472868480481,41.0049022448186,0,0,0,156,143,0.0790469883844615,148.65185966948903
604,1953,672124.784158359,4541469.65412214,672224.784158359,4541369.65412214,8,27,Acıbadem Mahallesi,ACIBADEM,28600,5,0,0,2,0,0,0,4,29.0471583703463,41.005662436824,0,0,0,156,146,0.0790469883844615,151.7704301520657
605,1952,672124.784158359,4541569.65412214,672224.784158359,4541469.65412214,7,27,Acıbadem Mahallesi,ACIBADEM,28600,5,0,0,2,0,0,0,5,29.0468096001835,41.0063598502257,1,0,0,156,146,0.0807385602882855,151.89391490104487
606,1251,671124.784158359,4539669.65412214,671224.784158359,4539569.65412214,26,17,Zühtüpaşa Mahallesi,ZUHTUPASA,7903,6,0,0,0,0,1,1,3,29.0349608426741,40.9898050846467,0,1,0,71,87,0.1805855836778991,94.85547288998862
607,1252,671124.784158359,4539569.65412214,671224.784158359,4539469.65412214,27,17,Zühtüpaşa Mahallesi,ZUHTUPASA,7903,6,0,0,1,0,1,0,2,29.0349331531125,40.9889048284075,0,0,0,71,135,0.1398622125782162,144.4406993490296
608,1253,671124.784158359,4539469.65412214,671224.784158359,4539369.65412214,28,17,Zühtüpaşa Mahallesi,ZUHTUPASA,7903,6,0,0,2,0,1,0,3,29.0349054648047,40.9880045720118,0,0,0,71,135,0.1510815252850532,145.1980029567411
609,1254,671124.784158359,4539369.65412214,671224.784158359,4539269.65412214,29,17,Zühtüpaşa Mahallesi,ZUHTUPASA,7903,4,0,0,2,0,2,0,3,29.0348777777508,40.9871043154596,0,0,0,71,76,0.1846798053715892,83.01783260412039
610,1255,671124.784158359,4539269.65412214,671224.784158359,4539169.65412214,30,17,Zühtüpaşa Mahallesi,ZUHTUPASA,7903,3,0,1,3,0,0,0,2,29.0348500919505,40.9862040587509,0,0,0,71,52,0.1535784352688049,55.99303931698893
611,1256,671124.784158359,4539169.65412214,671224.784158359,4539069.65412214,31,17,Zühtüpaşa Mahallesi,ZUHTUPASA,7903,2,0,1,2,0,0,0,2,29.034822407404,40.9853038018858,0,0,0,71,64,0.1409374506594989,68.50999842110397
612,1257,671124.784158359,4539069.65412214,671224.784158359,4538969.65412214,32,17,Zühtüpaşa Mahallesi,ZUHTUPASA,7903,0,0,0,3,0,0,0,1,29.0347947241111,40.9844035448642,0,0,0,71,64,0.0356643530374262,65.14125929719764
613,1258,671124.784158359,4538969.65412214,671224.784158359,4538869.65412214,33,17,Zühtüpaşa Mahallesi,ZUHTUPASA,7903,0,0,0,2,0,0,0,0,29.0347670420717,40.9835032876861,0,0,0,71,37,0.0231668912779208,37.42858748864153
614,1259,671124.784158359,4538869.65412214,671224.784158359,4538769.65412214,34,17,Zühtüpaşa Mahallesi,ZUHTUPASA,7903,0,0,0,0,0,0,0,0,29.0347393612859,40.9826030303515,0,0,0,71,25,0.0,25.0
615,1260,671124.784158359,4538769.65412214,671224.784158359,4538669.65412214,35,17,Zühtüpaşa Mahallesi,ZUHTUPASA,7903,0,0,0,0,0,0,0,0,29.0348417620884,40.9817663879854,0,0,0,71,63,0.0,63.0
616,1261,671124.784158359,4538669.65412214,671224.784158359,4538569.65412214,36,17,Zühtüpaşa Mahallesi,ZUHTUPASA,7903,0,0,0,0,0,0,0,0,29.0351924184952,40.9811743091916,1,0,0,71,20,0.0,20.0
617,1331,671224.784158359,4538869.65412214,671324.784158359,4538769.65412214,34,18,Zühtüpaşa Mahallesi,ZUHTUPASA,7903,0,0,0,0,0,1,0,0,29.0359273359985,40.9825820479843,0,0,0,71,89,0.0705819862281639,92.14089838715329
618,1330,671224.784158359,4538969.65412214,671324.784158359,4538869.65412214,33,18,Zühtüpaşa Mahallesi,ZUHTUPASA,7903,0,0,1,1,0,2,0,2,29.0359550329185,40.9834823046574,0,0,0,71,117,0.2191500141690627,129.82027582889015
619,1329,671224.784158359,4539069.65412214,671324.784158359,4538969.65412214,32,18,Zühtüpaşa Mahallesi,ZUHTUPASA,7903,0,0,1,2,0,2,0,3,29.0359827310927,40.9843825611739,0,0,0,71,160,0.2303693268758998,178.429546150072
620,1328,671224.784158359,4539169.65412214,671324.784158359,4539069.65412214,31,18,Zühtüpaşa Mahallesi,ZUHTUPASA,7903,2,0,1,2,0,2,0,6,29.0360104305212,40.985282817534,0,0,0,71,160,0.2606684467511758,180.85347574009407
621,1327,671224.784158359,4539269.65412214,671324.784158359,4539169.65412214,30,18,Zühtüpaşa Mahallesi,ZUHTUPASA,7903,3,0,1,2,0,1,0,4,29.0360381312041,40.9861830737375,0,0,0,71,142,0.2228333698885106,157.82116926208425
622,1326,671224.784158359,4539369.65412214,671324.784158359,4539269.65412214,29,18,Zühtüpaşa Mahallesi,ZUHTUPASA,7903,3,0,1,2,0,0,0,4,29.0360658331413,40.9870833297846,0,0,0,71,53,0.1522513836603467,57.03466166699919
623,1325,671224.784158359,4539469.65412214,671324.784158359,4539369.65412214,28,18,Zühtüpaşa Mahallesi,ZUHTUPASA,7903,3,0,0,2,0,1,0,4,29.036093536333,40.9879835856752,0,0,0,71,43,0.1403627177434597,46.01779843148439
624,1324,671224.784158359,4539569.65412214,671324.784158359,4539469.65412214,27,18,Zühtüpaşa Mahallesi,ZUHTUPASA,7903,3,0,0,1,0,1,1,3,29.0361212407792,40.9888838414093,0,0,0,71,56,0.1824131404516007,61.10756793264483
625,1323,671224.784158359,4539669.65412214,671324.784158359,4539569.65412214,26,18,Zühtüpaşa Mahallesi,ZUHTUPASA,7903,8,0,0,0,0,1,2,4,29.0361489464801,40.9897840969868,0,0,0,71,45,0.2192098203094068,49.93222095696165
626,1322,671224.784158359,4539769.65412214,671324.784158359,4539669.65412214,25,18,Zühtüpaşa Mahallesi,ZUHTUPASA,7903,11,0,0,0,0,2,2,6,29.0361766534356,40.9906843524079,0,1,0,71,45,0.2701939249265442,51.07936331084724
627,1332,671224.784158359,4538769.65412214,671324.784158359,4538669.65412214,35,18,Zühtüpaşa Mahallesi,ZUHTUPASA,7903,1,0,0,0,0,0,0,0,29.0358996403327,40.9816817911548,0,0,0,71,74,0.0158407707464018,74.58610851761686
628,1333,671224.784158359,4538669.65412214,671324.784158359,4538569.65412214,36,18,Zühtüpaşa Mahallesi,ZUHTUPASA,7903,1,0,0,0,0,0,0,0,29.0359981612089,40.9808789626534,0,0,0,71,14,0.0158407707464018,14.110885395224813
629,1396,671324.784158359,4539569.65412214,671424.784158359,4539469.65412214,27,19,Zühtüpaşa Mahallesi,ZUHTUPASA,7903,2,0,0,1,0,0,1,3,29.0373093271914,40.9888628421753,0,0,0,71,29,0.1052566403462008,30.52622128501991
630,1395,671324.784158359,4539669.65412214,671424.784158359,4539569.65412214,26,19,Zühtüpaşa Mahallesi,ZUHTUPASA,7903,5,3,0,0,0,0,2,5,29.0373370490314,40.9897630970909,0,0,0,71,26,0.1702075830363162,28.21269857947211
631,1394,671324.784158359,4539769.65412214,671424.784158359,4539669.65412214,25,19,Zühtüpaşa Mahallesi,ZUHTUPASA,7903,12,4,0,0,0,0,2,6,29.0373647721268,40.9906633518499,0,0,0,71,26,0.1940006212612434,28.52200807639616
632,1397,671324.784158359,4539469.65412214,671424.784158359,4539369.65412214,28,19,Zühtüpaşa Mahallesi,ZUHTUPASA,7903,3,0,0,2,0,0,0,4,29.0372816066068,40.9879625871033,0,0,0,71,32,0.0697807315152958,33.11649170424473
633,1398,671324.784158359,4539369.65412214,671424.784158359,4539269.65412214,29,19,Zühtüpaşa Mahallesi,ZUHTUPASA,7903,2,0,1,2,0,1,0,4,29.0372538872773,40.9870623318747,0,0,0,71,53,0.2162588560112745,58.73085968429878
634,1399,671324.784158359,4539269.65412214,671424.784158359,4539169.65412214,30,19,Zühtüpaşa Mahallesi,ZUHTUPASA,7903,2,0,1,2,0,2,0,6,29.0372261692031,40.9861620764896,0,0,0,71,126,0.2606684467511758,142.4221121453241
635,1400,671324.784158359,4539169.65412214,671424.784158359,4539069.65412214,31,19,Zühtüpaşa Mahallesi,ZUHTUPASA,7903,5,0,1,2,0,2,0,5,29.0371984523841,40.985261820948,0,0,0,71,161,0.2750790138313933,183.1438606134272
636,1401,671324.784158359,4539069.65412214,671424.784158359,4538969.65412214,32,19,Zühtüpaşa Mahallesi,ZUHTUPASA,7903,4,1,1,2,0,2,0,5,29.0371707368201,40.9843615652499,0,1,0,71,161,0.2854895630703717,183.9819098271649
637,1402,671324.784158359,4538969.65412214,671424.784158359,4538869.65412214,33,19,Zühtüpaşa Mahallesi,ZUHTUPASA,7903,4,3,1,1,0,2,0,3,29.0371430225111,40.9834613093953,0,1,0,71,108,0.2877546811641297,123.538752782863
638,1403,671324.784158359,4538869.65412214,671424.784158359,4538769.65412214,34,19,Zühtüpaşa Mahallesi,ZUHTUPASA,7903,5,4,0,0,0,2,0,2,29.0371153094571,40.9825610533842,0,1,0,71,132,0.1968577289861604,144.99261011308658
639,1404,671324.784158359,4538769.65412214,671424.784158359,4538669.65412214,35,19,Zühtüpaşa Mahallesi,ZUHTUPASA,7903,1,1,0,0,0,1,0,0,29.0370875976579,40.9816607972166,0,0,0,71,126,0.1009999739347732,132.36299835789072
640,1476,671424.784158359,4538769.65412214,671524.784158359,4538669.65412214,35,20,Zühtüpaşa Mahallesi,ZUHTUPASA,7903,4,7,1,0,0,1,0,3,29.0382755537283,40.9816397910458,0,1,0,71,146,0.2464274019494489,163.98920034230977
641,1475,671424.784158359,4538869.65412214,671524.784158359,4538769.65412214,34,20,Zühtüpaşa Mahallesi,ZUHTUPASA,7903,5,6,0,0,0,2,0,4,29.0383032816607,40.9825400465511,0,1,0,71,158,0.2086733202877378,174.4851923027313
642,1474,671424.784158359,4538969.65412214,671524.784158359,4538869.65412214,33,20,Zühtüpaşa Mahallesi,ZUHTUPASA,7903,4,5,1,2,0,2,0,3,29.0383310108487,40.9834403018999,0,1,0,71,157,0.304832016723653,180.9293133128068
643,1473,671424.784158359,4539069.65412214,671524.784158359,4538969.65412214,32,20,Zühtüpaşa Mahallesi,ZUHTUPASA,7903,4,4,1,2,0,2,0,6,29.0383587412924,40.9843405570922,0,1,0,71,161,0.3061897993815229,185.6482788502126
644,1472,671424.784158359,4539169.65412214,671524.784158359,4539069.65412214,31,20,Zühtüpaşa Mahallesi,ZUHTUPASA,7903,4,1,1,2,0,2,0,5,29.0383864729919,40.985240812128,0,1,0,71,161,0.2854895630703717,183.9819098271649
645,1471,671424.784158359,4539269.65412214,671524.784158359,4539169.65412214,30,20,Zühtüpaşa Mahallesi,ZUHTUPASA,7903,2,0,1,2,0,2,0,5,29.0384142059471,40.9861410670072,0,0,0,71,132,0.2592382430849915,149.10972404360945
646,1470,671424.784158359,4539369.65412214,671524.784158359,4539269.65412214,29,20,Zühtüpaşa Mahallesi,ZUHTUPASA,7903,2,0,1,2,0,1,0,4,29.0384419401582,40.9870413217299,0,0,0,71,60,0.2162588560112745,66.48776568033824
647,1469,671424.784158359,4539469.65412214,671524.784158359,4539369.65412214,28,20,Zühtüpaşa Mahallesi,ZUHTUPASA,7903,2,0,1,1,0,0,0,4,29.0384696756252,40.9879415762961,0,0,0,71,132,0.1371266595101851,141.0503595276722
648,1468,671424.784158359,4539569.65412214,671524.784158359,4539469.65412214,27,20,Zühtüpaşa Mahallesi,ZUHTUPASA,7903,0,0,0,0,0,0,1,3,29.0384974123483,40.9888418307058,0,0,0,71,131,0.0655329317256378,135.29240702802926
649,1467,671424.784158359,4539669.65412214,671524.784158359,4539569.65412214,26,20,Zühtüpaşa Mahallesi,ZUHTUPASA,7903,6,4,0,0,0,0,2,3,29.0385251503274,40.9897420849589,0,0,0,71,45,0.1746613774896794,48.92988099351779
650,1466,671424.784158359,4539769.65412214,671524.784158359,4539669.65412214,25,20,Zühtüpaşa Mahallesi,ZUHTUPASA,7903,12,4,0,0,0,1,2,5,29.0385528895626,40.9906423390554,0,0,0,71,45,0.2631524038232229,50.92092908602252
651,1465,671424.784158359,4539869.65412214,671524.784158359,4539769.65412214,24,20,Zühtüpaşa Mahallesi,ZUHTUPASA,7903,12,5,0,0,0,1,2,6,29.038580630054,40.9915425929955,0,0,0,71,55,0.2684169170912458,62.38146522000926
652,1546,671524.784158359,4538969.65412214,671624.784158359,4538869.65412214,33,21,Zühtüpaşa Mahallesi,ZUHTUPASA,7903,4,6,2,1,0,2,0,4,29.0395189979307,40.9834192821712,0,1,0,71,148,0.3498362246314284,173.8878806227257
653,1545,671524.784158359,4539069.65412214,671624.784158359,4538969.65412214,32,21,Zühtüpaşa Mahallesi,ZUHTUPASA,7903,4,5,1,1,0,2,0,5,29.039546744509,40.9843195367008,0,1,0,71,148,0.3000436950442516,170.20323343327462
654,1544,671524.784158359,4539169.65412214,671624.784158359,4539069.65412214,31,21,Zühtüpaşa Mahallesi,ZUHTUPASA,7903,4,2,1,2,0,2,0,6,29.0395744923439,40.9852197910738,0,1,0,71,153,0.2954468920231539,175.60168723977128
655,1543,671524.784158359,4539269.65412214,671624.784158359,4539169.65412214,30,21,Zühtüpaşa Mahallesi,ZUHTUPASA,7903,3,0,1,2,0,2,0,5,29.0396022414352,40.9861200452903,0,0,0,71,165,0.2658127569622275,186.92955244938375
656,1542,671524.784158359,4539369.65412214,671624.784158359,4539269.65412214,29,21,Zühtüpaşa Mahallesi,ZUHTUPASA,7903,0,0,1,0,0,1,0,4,29.0396299917831,40.9870202993503,0,0,0,71,163,0.1679849371177861,176.69077237509958
657,1541,671524.784158359,4539469.65412214,671624.784158359,4539369.65412214,28,21,Zühtüpaşa Mahallesi,ZUHTUPASA,7903,2,0,0,0,0,0,0,4,29.0396577433877,40.9879205532537,0,0,0,71,155,0.0400393263601389,158.1030477929108
658,1540,671524.784158359,4539569.65412214,671624.784158359,4539469.65412214,27,21,Zühtüpaşa Mahallesi,ZUHTUPASA,7903,2,3,0,0,0,0,1,4,29.039685496249,40.9888208070006,0,0,0,71,160,0.1218647099513206,169.74917679610567
659,1539,671524.784158359,4539669.65412214,671624.784158359,4539569.65412214,26,21,Zühtüpaşa Mahallesi,ZUHTUPASA,7903,1,4,0,0,0,1,2,3,29.0397132503672,40.9897210605909,0,0,0,71,133,0.2166134687401478,147.40479567121983
660,1538,671524.784158359,4539769.65412214,671624.784158359,4539669.65412214,25,21,Zühtüpaşa Mahallesi,ZUHTUPASA,7903,11,4,0,0,0,1,2,3,29.0397410057421,40.9906213140246,0,0,0,71,76,0.2575612671021173,85.78732814988045
661,1618,671624.784158359,4538969.65412214,671724.784158359,4538869.65412214,33,22,Zühtüpaşa Mahallesi,ZUHTUPASA,7903,4,6,1,1,0,2,0,4,29.0407069837563,40.9833982502092,0,1,1,71,148,0.3015939857165549,170.3179549430251
662,1617,671624.784158359,4539069.65412214,671724.784158359,4538969.65412214,32,22,Zühtüpaşa Mahallesi,ZUHTUPASA,7903,4,6,1,1,0,2,0,4,29.0407347464692,40.9842985040757,0,1,0,71,148,0.3015939857165549,170.3179549430251
663,1616,671624.784158359,4539169.65412214,671724.784158359,4539069.65412214,31,22,Zühtüpaşa Mahallesi,ZUHTUPASA,7903,4,3,1,1,0,2,0,5,29.0407625104393,40.9851987577857,0,1,0,71,161,0.2915165697576538,184.4670838654911
664,1615,671624.784158359,4539269.65412214,671724.784158359,4539169.65412214,30,22,Zühtüpaşa Mahallesi,ZUHTUPASA,7903,3,0,1,1,0,2,0,4,29.0407902756667,40.986099011339,0,1,0,71,136,0.2555709747854781,153.37882628541252
665,1614,671624.784158359,4539369.65412214,671724.784158359,4539269.65412214,29,22,Zühtüpaşa Mahallesi,ZUHTUPASA,7903,4,0,1,0,0,1,0,4,29.0408180421514,40.9869992647359,0,0,0,71,158,0.2047660677585263,174.1765193529236
666,1613,671624.784158359,4539469.65412214,671724.784158359,4539369.65412214,28,22,Zühtüpaşa Mahallesi,ZUHTUPASA,7903,4,0,0,0,0,0,0,5,29.0408458098935,40.9878995179761,0,0,0,71,169,0.0534050012891356,173.51272260893197
667,1612,671624.784158359,4539569.65412214,671724.784158359,4539469.65412214,27,22,Zühtüpaşa Mahallesi,ZUHTUPASA,7903,4,2,0,0,0,0,0,3,29.040873578893,40.9887997710598,0,0,0,71,175,0.0727474549424169,181.3654023074615
668,1611,671624.784158359,4539669.65412214,671724.784158359,4539569.65412214,26,22,Zühtüpaşa Mahallesi,ZUHTUPASA,7903,4,4,0,0,0,1,0,3,29.0409013491501,40.9897000239869,0,0,0,71,166,0.1540723485289498,178.78800492790285
669,1684,671724.784158359,4539569.65412214,671824.784158359,4539469.65412214,27,23,Zühtüpaşa Mahallesi,ZUHTUPASA,7903,4,0,0,0,0,0,0,3,29.0420616602795,40.9887787228835,0,0,0,71,168,0.0496431126956115,172.17002146643136
670,1685,671724.784158359,4539469.65412214,671824.784158359,4539369.65412214,28,23,Zühtüpaşa Mahallesi,ZUHTUPASA,7903,4,0,0,0,0,0,0,3,29.0420338751418,40.9878784704633,0,0,0,71,166,0.0496431126956115,170.12037835373576
671,1686,671724.784158359,4539369.65412214,671824.784158359,4539269.65412214,29,23,Zühtüpaşa Mahallesi,ZUHTUPASA,7903,4,0,0,0,0,0,0,3,29.0420060912623,40.9869782178867,0,0,0,71,157,0.0496431126956115,160.8969843466055
672,1687,671724.784158359,4539269.65412214,671824.784158359,4539169.65412214,30,23,Zühtüpaşa Mahallesi,ZUHTUPASA,7903,5,0,0,1,0,0,0,3,29.0419783086409,40.9860779651534,0,0,0,71,172,0.068426461421836,177.8846756822779
673,1688,671724.784158359,4539169.65412214,671824.784158359,4539069.65412214,31,23,Zühtüpaşa Mahallesi,ZUHTUPASA,7903,4,2,0,1,0,1,0,3,29.0419505272775,40.9851777122635,0,1,0,71,149,0.1579461221755761,160.76698610208044
674,1689,671724.784158359,4539069.65412214,671824.784158359,4538969.65412214,32,23,Zühtüpaşa Mahallesi,ZUHTUPASA,7903,4,5,1,1,0,2,0,3,29.0419227471721,40.9842774592171,0,1,0,71,147,0.2962818064507275,168.77671277412847
675,1757,671824.784158359,4539469.65412214,671924.784158359,4539369.65412214,28,24,Zühtüpaşa Mahallesi,ZUHTUPASA,7903,4,0,0,0,0,0,0,2,29.0432219391319,40.9878574107155,0,0,0,71,141,0.0469740102616999,144.31166772344986
676,1761,671824.784158359,4539069.65412214,671924.784158359,4538969.65412214,32,24,Zühtüpaşa Mahallesi,ZUHTUPASA,7903,3,3,0,3,0,0,0,1,29.0431107466172,40.9842564021248,0,1,0,71,155,0.096500328450645,162.478775454925
677,1537,671524.784158359,4539869.65412214,671624.784158359,4539769.65412214,24,21,Eğitim Mahallesi,EGITIM,12988,12,4,0,0,0,1,2,5,29.039768762374,40.9915215673018,0,0,0,94,83,0.2631524038232229,93.92082475866376
678,1610,671624.784158359,4539769.65412214,671724.784158359,4539669.65412214,25,22,Eğitim Mahallesi,EGITIM,12988,2,5,0,0,0,1,2,3,29.0409291206648,40.9906002767574,0,0,0,94,126,0.2297140352111521,140.4719842183026
679,1609,671624.784158359,4539869.65412214,671724.784158359,4539769.65412214,24,22,Eğitim Mahallesi,EGITIM,12988,6,5,0,0,0,1,2,3,29.0409568934371,40.9915005293714,0,0,0,94,62,0.2490776733196818,69.72140787291015
680,1608,671624.784158359,4539969.65412214,671724.784158359,4539869.65412214,23,22,Eğitim Mahallesi,EGITIM,12988,6,9,0,0,0,1,1,6,29.0409846674671,40.9924007818288,0,0,0,94,76,0.2342021425029895,84.8996814151136
681,1607,671624.784158359,4540069.65412214,671724.784158359,4539969.65412214,22,22,Eğitim Mahallesi,EGITIM,12988,7,9,0,0,0,1,0,3,29.0410124427549,40.9933010341296,0,0,0,94,117,0.1793907470876226,127.49435870462592
682,1679,671724.784158359,4540069.65412214,671824.784158359,4539969.65412214,22,23,Eğitim Mahallesi,EGITIM,12988,2,8,0,0,0,1,0,3,29.0422006048432,40.9932799826352,0,0,0,94,126,0.1547596803922135,135.74985986470946
683,1680,671724.784158359,4539969.65412214,671824.784158359,4539869.65412214,23,23,Eğitim Mahallesi,EGITIM,12988,1,5,0,0,0,1,0,0,29.0421728134135,40.992379730998,0,1,0,94,67,0.1241043161815786,71.15749459208288
684,1681,671724.784158359,4539869.65412214,671824.784158359,4539769.65412214,24,23,Eğitim Mahallesi,EGITIM,12988,1,5,0,0,0,1,0,2,29.0421450232424,40.9914794792042,0,1,0,94,75,0.1342971958025383,80.03614484259519
685,1682,671724.784158359,4539769.65412214,671824.784158359,4539669.65412214,25,23,Eğitim Mahallesi,EGITIM,12988,4,5,0,0,0,1,0,3,29.0421172343298,40.9905792272539,0,1,0,94,153,0.1579066581307883,165.0798593470053
686,1683,671724.784158359,4539669.65412214,671824.784158359,4539569.65412214,26,23,Eğitim Mahallesi,EGITIM,12988,4,3,0,0,0,0,0,3,29.0420894466755,40.989678975147,0,1,0,94,162,0.0787975466160266,168.38260127589814
687,1750,671824.784158359,4540169.65412214,671924.784158359,4540069.65412214,21,24,Eğitim Mahallesi,EGITIM,12988,1,3,1,3,0,0,0,5,29.0434165745035,40.9941591697198,0,0,0,94,105,0.1733230894702537,114.09946219718832
688,1751,671824.784158359,4540069.65412214,671924.784158359,4539969.65412214,22,24,Eğitim Mahallesi,EGITIM,12988,1,2,0,1,0,1,0,5,29.0433887656728,40.9932589189033,0,2,0,94,155,0.1407676508747617,165.90949294279406
689,1752,671824.784158359,4539969.65412214,671924.784158359,4539869.65412214,23,24,Eğitim Mahallesi,EGITIM,12988,0,1,0,0,0,1,0,1,29.0433609581014,40.9923586679302,0,2,0,94,77,0.091590194215807,80.52622247730856
690,1753,671824.784158359,4539869.65412214,671924.784158359,4539769.65412214,24,24,Eğitim Mahallesi,EGITIM,12988,0,4,0,0,0,1,0,2,29.0433331517893,40.9914584168005,0,2,0,94,145,0.114622115454298,153.3101033704366
691,1754,671824.784158359,4539769.65412214,671924.784158359,4539669.65412214,25,24,Eğitim Mahallesi,EGITIM,12988,4,3,0,0,0,1,0,3,29.0433053467364,40.9905581655141,0,2,0,94,178,0.1493795328441905,191.29477842313295
692,1755,671824.784158359,4539669.65412214,671924.784158359,4539569.65412214,26,24,Eğitim Mahallesi,EGITIM,12988,4,0,0,0,0,0,0,3,29.0432775429425,40.9896579140712,0,1,0,94,176,0.0496431126956115,180.3685939172138
693,1756,671824.784158359,4539569.65412214,671924.784158359,4539469.65412214,27,24,Eğitim Mahallesi,EGITIM,12988,4,0,0,0,0,0,0,3,29.0432497404077,40.9887576624716,0,0,0,94,171,0.0496431126956115,175.2444861354748
694,1823,671924.784158359,4540069.65412214,672024.784158359,4539969.65412214,22,25,Eğitim Mahallesi,EGITIM,12988,0,1,0,2,0,0,0,4,29.0445769252432,40.9932378429341,0,2,0,94,162,0.0526764069826996,166.26678896559866
695,1824,671924.784158359,4539969.65412214,672024.784158359,4539869.65412214,23,25,Eğitim Mahallesi,EGITIM,12988,0,1,0,1,0,0,0,2,29.0445491015301,40.9923375926254,0,2,0,94,179,0.0393867775861625,182.52511659396157
696,1825,671924.784158359,4539869.65412214,672024.784158359,4539769.65412214,24,25,Eğitim Mahallesi,EGITIM,12988,0,1,0,1,0,0,0,1,29.044521279077,40.9914373421601,0,2,1,94,183,0.0356248889926384,186.2596773428264
697,1826,671924.784158359,4539769.65412214,672024.784158359,4539669.65412214,25,25,Eğitim Mahallesi,EGITIM,12988,4,1,0,1,0,0,0,2,29.0444934578839,40.9905370915381,0,2,0,94,171,0.0761679082269028,177.5123561534002
698,1827,671924.784158359,4539669.65412214,672024.784158359,4539569.65412214,26,25,Eğitim Mahallesi,EGITIM,12988,4,0,0,1,0,0,0,2,29.0444656379505,40.9896368407595,0,2,0,94,160,0.0615906912666953,164.9272553013356
699,1828,671924.784158359,4539569.65412214,672024.784158359,4539469.65412214,27,25,Eğitim Mahallesi,EGITIM,12988,4,0,0,0,0,0,0,2,29.044437819277,40.9887365898243,0,1,0,94,173,0.0469740102616999,177.06325188763705
700,1829,671924.784158359,4539469.65412214,672024.784158359,4539369.65412214,28,25,Eğitim Mahallesi,EGITIM,12988,4,0,0,0,0,0,0,2,29.0444100018631,40.9878363387325,0,0,0,94,171,0.0469740102616999,175.01627787737536
701,1896,672024.784158359,4539969.65412214,672124.784158359,4539869.65412214,23,26,Eğitim Mahallesi,EGITIM,12988,0,1,0,1,0,1,0,2,29.0457372436988,40.9923165050836,0,3,1,94,183,0.1099687638143264,193.0621418890109
702,1897,672024.784158359,4539869.65412214,672124.784158359,4539769.65412214,24,26,Eğitim Mahallesi,EGITIM,12988,0,1,0,1,0,0,0,2,29.0457094051049,40.9914162552831,0,2,0,94,174,0.0393867775861625,177.42664964999614
703,1898,672024.784158359,4539769.65412214,672124.784158359,4539669.65412214,25,26,Eğitim Mahallesi,EGITIM,12988,0,0,0,1,0,0,0,1,29.0456815677715,40.9905160053259,0,2,0,94,176,0.0210476720324309,177.85219513885392
704,1899,672024.784158359,4539669.65412214,672124.784158359,4539569.65412214,26,26,Eğitim Mahallesi,EGITIM,12988,4,0,1,1,0,0,0,2,29.0456537316988,40.9896157552121,0,2,0,94,174,0.1440613434117461,186.53333687682192
705,1900,672024.784158359,4539569.65412214,672124.784158359,4539469.65412214,27,26,Eğitim Mahallesi,EGITIM,12988,4,0,1,1,0,0,0,2,29.0456258968865,40.9887155049416,0,1,0,94,173,0.1440613434117461,185.46130620511607
706,1901,672024.784158359,4539469.65412214,672124.784158359,4539369.65412214,28,26,Eğitim Mahallesi,EGITIM,12988,8,0,1,0,0,0,0,3,29.0455980633347,40.9878152545145,0,0,0,94,169,0.1455466894310573,181.2986952569244
707,1974,672124.784158359,4539369.65412214,672224.784158359,4539269.65412214,29,27,Eğitim Mahallesi,EGITIM,12988,9,1,1,2,0,0,0,2,29.0467582751172,40.9868939081428,0,0,0,94,169,0.183029541391281,184.46599624756325
708,1973,672124.784158359,4539469.65412214,672224.784158359,4539369.65412214,28,27,Eğitim Mahallesi,EGITIM,12988,9,0,1,0,0,0,0,3,29.0467861235459,40.9877941580615,0,0,0,94,169,0.1479545355870642,181.5021582571069
709,1972,672124.784158359,4539569.65412214,672224.784158359,4539469.65412214,27,27,Eğitim Mahallesi,EGITIM,12988,0,0,1,1,0,0,0,1,29.0468139732356,40.9886944078235,0,0,0,94,180,0.1035183241774818,189.31664917597337
710,1971,672124.784158359,4539669.65412214,672224.784158359,4539569.65412214,26,27,Eğitim Mahallesi,EGITIM,12988,0,0,1,1,0,0,0,0,29.0468418241865,40.9895946574288,0,2,0,94,179,0.0970873331500462,187.68931631692917
711,1970,672124.784158359,4539769.65412214,672224.784158359,4539669.65412214,25,27,Eğitim Mahallesi,EGITIM,12988,0,0,0,1,0,0,0,1,29.0468696763986,40.9904949068775,0,2,0,94,174,0.0210476720324309,175.83114746682148
712,1969,672124.784158359,4539869.65412214,672224.784158359,4539769.65412214,24,27,Eğitim Mahallesi,EGITIM,12988,0,0,0,1,0,1,0,2,29.046897529872,40.9913951561695,0,3,0,94,172,0.0953915468541189,180.20367302945425
713,1968,672124.784158359,4539969.65412214,672224.784158359,4539869.65412214,23,27,Eğitim Mahallesi,EGITIM,12988,0,0,0,1,0,1,0,3,29.0469253846068,40.9922954053049,0,3,0,94,182,0.0980606492880304,190.9235190852108
714,2191,672424.784158359,4539269.65412214,672524.784158359,4539169.65412214,30,30,Eğitim Mahallesi,EGITIM,12988,13,5,1,2,0,1,0,4,29.0502945041936,40.9859302992939,0,1,0,94,163,0.289144824073219,186.5653031619673
715,2190,672424.784158359,4539369.65412214,672524.784158359,4539269.65412214,29,30,Eğitim Mahallesi,EGITIM,12988,14,5,1,3,0,1,0,4,29.0503223997701,40.9868305473717,0,1,0,94,179,0.2967880165910975,205.56252748490323
716,2189,672424.784158359,4539469.65412214,672524.784158359,4539369.65412214,28,30,Eğitim Mahallesi,EGITIM,12988,14,4,1,2,0,1,0,2,29.0503502966099,40.9877307952928,0,0,0,94,185,0.2821478171335776,211.098673084856
717,2188,672424.784158359,4539569.65412214,672524.784158359,4539469.65412214,27,30,Eğitim Mahallesi,EGITIM,12988,5,3,1,2,0,0,0,0,29.0503781947129,40.9886310430572,0,0,0,94,184,0.1757397757053562,200.1680593648928
718,2187,672424.784158359,4539669.65412214,672524.784158359,4539569.65412214,26,30,Eğitim Mahallesi,EGITIM,12988,1,0,1,1,0,0,0,0,29.0504060940793,40.9895312906648,0,0,0,94,183,0.112928103896448,193.332921506525
719,2186,672424.784158359,4539769.65412214,672524.784158359,4539669.65412214,25,30,Eğitim Mahallesi,EGITIM,12988,0,0,0,2,0,1,0,0,29.0504339947091,40.9904315381158,0,0,0,94,182,0.0937488775060847,190.5311478530537
720,2185,672424.784158359,4539869.65412214,672524.784158359,4539769.65412214,24,30,Eğitim Mahallesi,EGITIM,12988,0,0,0,1,0,2,0,4,29.0504618966025,40.99133178541,0,1,0,94,165,0.1414187811476235,176.66704944467895
721,2046,672224.784158359,4539369.65412214,672324.784158359,4539269.65412214,29,28,Eğitim Mahallesi,EGITIM,12988,9,1,1,3,0,0,0,2,29.0479463179302,40.9868728001203,0,0,0,94,167,0.1890960121233509,182.7895170122998
722,2045,672224.784158359,4539469.65412214,672324.784158359,4539369.65412214,28,28,Eğitim Mahallesi,EGITIM,12988,9,0,1,0,0,0,0,2,29.0479741824959,40.9877730493735,0,0,0,94,171,0.1452854331531527,183.42190453459455
723,2044,672224.784158359,4539569.65412214,672324.784158359,4539469.65412214,27,28,Eğitim Mahallesi,EGITIM,12988,8,0,1,1,0,0,0,1,29.0480020483235,40.98867329847,0,0,0,94,180,0.153732379408617,193.83591414677556
724,2043,672224.784158359,4539669.65412214,672324.784158359,4539569.65412214,26,28,Eğitim Mahallesi,EGITIM,12988,0,0,1,1,0,0,0,0,29.048029915413,40.9895735474098,0,0,0,94,180,0.0970873331500462,188.73785998350417
725,2042,672224.784158359,4539769.65412214,672324.784158359,4539669.65412214,25,28,Eğitim Mahallesi,EGITIM,12988,0,0,1,1,0,0,0,0,29.0480577837644,40.990473796193,0,2,0,94,175,0.0970873331500462,183.49514165062905
726,2041,672224.784158359,4539869.65412214,672324.784158359,4539769.65412214,24,28,Eğitim Mahallesi,EGITIM,12988,0,0,0,1,0,1,0,3,29.0480856533778,40.9913740448195,0,3,0,94,173,0.0980606492880304,181.48224616341463
727,2040,672224.784158359,4539969.65412214,672324.784158359,4539869.65412214,23,28,Eğitim Mahallesi,EGITIM,12988,0,0,0,1,0,1,0,5,29.0481135242534,40.9922742932893,0,3,0,94,179,0.1018225378815545,188.11311714039917
728,2119,672324.784158359,4539269.65412214,672424.784158359,4539169.65412214,30,29,Eğitim Mahallesi,EGITIM,12988,13,5,1,2,0,1,0,4,29.0491064800411,40.9859514311193,0,0,0,94,169,0.289144824073219,193.432737634187
729,2118,672324.784158359,4539369.65412214,672424.784158359,4539269.65412214,29,29,Eğitim Mahallesi,EGITIM,12988,13,4,1,1,0,1,0,3,29.0491343594814,40.9868516798633,0,0,0,94,175,0.2746899875087549,199.0353739070161
730,2117,672324.784158359,4539469.65412214,672424.784158359,4539369.65412214,28,29,Eğitim Mahallesi,EGITIM,12988,13,4,1,1,0,0,0,2,29.0491622401842,40.9877519284506,0,0,0,94,179,0.2014388988466794,197.0287814467778
731,2116,672324.784158359,4539569.65412214,672424.784158359,4539469.65412214,27,29,Eğitim Mahallesi,EGITIM,12988,6,0,1,1,0,0,0,0,29.0491901221495,40.9886521768812,0,0,0,94,183,0.1415579988741435,195.9525568969841
732,2115,672324.784158359,4539669.65412214,672424.784158359,4539569.65412214,26,29,Eğitim Mahallesi,EGITIM,12988,0,0,1,2,0,0,0,0,29.0492180053775,40.9895524251552,0,0,0,94,183,0.1056375434229716,192.66583522320192
733,2114,672324.784158359,4539769.65412214,672424.784158359,4539669.65412214,25,29,Eğitim Mahallesi,EGITIM,12988,0,0,1,1,0,1,0,0,29.0492458898681,40.9904526732724,0,0,0,94,179,0.1676693193782101,194.0064040843498
734,2113,672324.784158359,4539869.65412214,672424.784158359,4539769.65412214,24,29,Eğitim Mahallesi,EGITIM,12988,0,0,0,1,0,2,0,4,29.0492737756216,40.9913529212329,0,1,0,94,169,0.1414187811476235,180.9498870069742
735,2264,672524.784158359,4539169.65412214,672624.784158359,4539069.65412214,31,31,Eğitim Mahallesi,EGITIM,12988,9,7,0,2,0,1,0,3,29.0514546166341,40.9850089076666,0,1,0,94,164,0.2029644118287207,180.6430817699551
736,2263,672524.784158359,4539269.65412214,672624.784158359,4539169.65412214,30,31,Eğitim Mahallesi,EGITIM,12988,14,6,0,2,0,1,0,3,29.0514825270829,40.9859091552345,0,1,0,94,81,0.2094224396004041,89.48160880381637
737,2262,672524.784158359,4539369.65412214,672624.784158359,4539269.65412214,29,31,Eğitim Mahallesi,EGITIM,12988,14,5,0,2,0,1,0,3,29.0515104387956,40.9868094026457,0,1,0,94,93,0.2061805770242768,102.58739683162888
738,2261,672524.784158359,4539469.65412214,672624.784158359,4539369.65412214,28,31,Eğitim Mahallesi,EGITIM,12988,5,3,1,2,0,1,0,1,29.0515383517722,40.9877096499001,0,0,0,94,93,0.2527527529609557,104.75300301268445
739,2260,672524.784158359,4539569.65412214,672624.784158359,4539469.65412214,27,31,Eğitim Mahallesi,EGITIM,12988,5,3,1,2,0,0,0,0,29.0515662660129,40.9886098969978,0,0,0,94,93,0.1757397757053562,101.17189957029906
740,2259,672524.784158359,4539669.65412214,672624.784158359,4539569.65412214,26,31,Eğitim Mahallesi,EGITIM,12988,1,0,0,2,0,0,0,0,29.0515941815177,40.9895101439388,0,0,0,94,128,0.0390076620243226,130.49649036955665
741,2258,672524.784158359,4539769.65412214,672624.784158359,4539669.65412214,25,31,Eğitim Mahallesi,EGITIM,12988,1,0,0,1,0,1,0,2,29.0516220982867,40.9904103907231,0,0,0,94,167,0.1112323176005207,176.28789851964348
742,2336,672624.784158359,4539169.65412214,672724.784158359,4539069.65412214,31,32,Eğitim Mahallesi,EGITIM,12988,5,8,0,1,0,1,0,3,29.0526426221241,40.9849877520401,0,1,1,94,152,0.1852171321436107,166.07650204291443
743,2335,672624.784158359,4539269.65412214,672724.784158359,4539169.65412214,30,32,Eğitim Mahallesi,EGITIM,12988,5,8,0,1,0,1,0,2,29.0526705487083,40.985887998941,0,1,0,94,79,0.1825480297096991,86.21064717353312
744,2334,672624.784158359,4539369.65412214,672724.784158359,4539269.65412214,29,32,Eğitim Mahallesi,EGITIM,12988,5,5,0,2,0,1,0,2,29.0526984765571,40.9867882456852,0,1,0,94,86,0.1825711146960268,93.85055793192916
745,2405,672724.784158359,4539469.65412214,672824.784158359,4539369.65412214,28,33,Eğitim Mahallesi,EGITIM,12988,5,3,1,2,0,0,0,0,29.0539144583042,40.9876673224104,0,0,0,94,92,0.1757397757053562,100.08402968244638
746,2333,672624.784158359,4539469.65412214,672724.784158359,4539369.65412214,28,32,Eğitim Mahallesi,EGITIM,12988,5,3,0,2,0,0,0,0,29.0527264056706,40.9876884922726,0,0,0,94,81,0.0932691235603053,84.77739950419237
747,2477,672824.784158359,4539469.65412214,672924.784158359,4539369.65412214,28,34,Eğitim Mahallesi,EGITIM,12988,1,0,1,3,0,0,0,0,29.0551025096724,40.9876461403134,0,0,0,94,98,0.1275447849014433,104.24969446017072
748,2476,672824.784158359,4539569.65412214,672924.784158359,4539469.65412214,27,34,Eğitim Mahallesi,EGITIM,12988,1,0,1,3,0,0,0,0,29.0551304723256,40.9885463854088,0,0,0,94,98,0.1275447849014433,104.24969446017072
749,2404,672724.784158359,4539569.65412214,672824.784158359,4539469.65412214,27,33,Eğitim Mahallesi,EGITIM,12988,1,0,1,2,0,0,0,0,29.05394240482,40.9885675681737,0,0,0,94,92,0.1214783141693735,97.58800245179116
750,2332,672624.784158359,4539569.65412214,672724.784158359,4539469.65412214,27,32,Eğitim Mahallesi,EGITIM,12988,5,3,0,2,0,0,0,0,29.0527543360489,40.9885887387033,0,0,0,94,81,0.0932691235603053,84.77739950419237
751,2403,672724.784158359,4539669.65412214,672824.784158359,4539569.65412214,26,33,Eğitim Mahallesi,EGITIM,12988,3,0,0,2,0,0,0,1,29.0539703526013,40.9894678137802,0,1,0,94,118,0.0612794237981601,121.61548600409144
752,2331,672624.784158359,4539669.65412214,672724.784158359,4539569.65412214,26,32,Eğitim Mahallesi,EGITIM,12988,1,0,0,2,0,0,0,0,29.052782267692,40.9894889849773,0,0,0,94,133,0.0390076620243226,135.59400952461746
753,2330,672624.784158359,4539769.65412214,672724.784158359,4539669.65412214,25,32,Eğitim Mahallesi,EGITIM,12988,3,0,0,1,0,1,0,3,29.0528102005999,40.9903892310945,0,0,0,94,171,0.1297421907808341,182.09295731176127
754,2408,672724.784158359,4539169.65412214,672824.784158359,4539069.65412214,31,33,Eğitim Mahallesi,EGITIM,12988,5,7,0,1,0,1,0,4,29.0538306263495,40.98496658418,0,1,0,94,154,0.1848104152203226,168.23040197196485
755,2407,672724.784158359,4539269.65412214,672824.784158359,4539169.65412214,30,33,Eğitim Mahallesi,EGITIM,12988,6,7,1,1,0,1,0,4,29.053858569069,40.9858668304135,0,1,0,94,78,0.2708039347275013,88.56135345437256
756,2406,672724.784158359,4539369.65412214,672824.784158359,4539269.65412214,29,33,Eğitim Mahallesi,EGITIM,12988,6,6,1,2,0,1,0,3,29.0538865130539,40.9867670764903,0,1,0,94,71,0.2744755992132444,80.74388377207016
757,2480,672824.784158359,4539169.65412214,672924.784158359,4539069.65412214,31,34,Eğitim Mahallesi,EGITIM,12988,1,5,1,0,0,0,0,4,29.0550186293097,40.9849454040863,0,1,0,94,135,0.1509252808430369,145.18745645690498
758,2479,672824.784158359,4539269.65412214,672924.784158359,4539169.65412214,30,34,Eğitim Mahallesi,EGITIM,12988,2,4,1,1,0,0,0,2,29.0550465881645,40.9858456496521,0,1,0,94,97,0.1662344899917479,105.06237276459976
759,2478,672824.784158359,4539369.65412214,672924.784158359,4539269.65412214,29,34,Eğitim Mahallesi,EGITIM,12988,2,3,1,2,0,0,0,2,29.0550745482853,40.9867458950611,0,0,0,94,70,0.170091884579914,75.95321596029699
760,2552,672924.784158359,4539169.65412214,673024.784158359,4539069.65412214,31,35,Eğitim Mahallesi,EGITIM,12988,3,4,2,0,0,0,0,7,29.0562066310038,40.984924211759,0,0,0,94,135,0.2155346552402094,149.54858922871415
761,2551,672924.784158359,4539269.65412214,673024.784158359,4539169.65412214,30,35,Eğitim Mahallesi,EGITIM,12988,1,4,2,3,0,0,0,4,29.0562346059938,40.9858244566567,0,0,0,94,66,0.2245665721660626,73.41069688148008
762,2550,672924.784158359,4539369.65412214,673024.784158359,4539269.65412214,29,35,Eğitim Mahallesi,EGITIM,12988,2,2,1,6,0,0,0,3,29.0562625822506,40.9867247013976,0,0,0,94,78,0.1845782154258146,85.19855040160677
763,2549,672924.784158359,4539469.65412214,673024.784158359,4539369.65412214,28,35,Eğitim Mahallesi,EGITIM,12988,1,0,1,7,0,0,0,0,29.0562905597743,40.9876249459816,0,0,0,94,78,0.1421614659064387,83.5442971703511
764,2624,673024.784158359,4539169.65412214,673124.784158359,4539069.65412214,31,36,Eğitim Mahallesi,EGITIM,12988,3,5,2,2,0,0,0,7,29.0573946314312,40.9849030071982,0,0,0,94,87,0.2425358561199687,97.55030974121864
765,2623,673024.784158359,4539269.65412214,673124.784158359,4539169.65412214,30,36,Eğitim Mahallesi,EGITIM,12988,3,4,2,5,0,0,0,7,29.0574226225563,40.9858032514274,0,0,0,94,109,0.2533182275231255,122.80584340001032
766,2622,673024.784158359,4539369.65412214,673124.784158359,4539269.65412214,29,36,Eğitim Mahallesi,EGITIM,12988,1,1,1,7,0,0,0,4,29.057450614949,40.9867034954997,0,0,0,94,100,0.1716709816112175,108.58354908056089
767,2621,673024.784158359,4539469.65412214,673124.784158359,4539369.65412214,28,36,Eğitim Mahallesi,EGITIM,12988,0,0,1,7,0,0,0,2,29.0574786086092,40.9876037394153,0,0,0,94,100,0.1365135747809965,106.82567873904982
768,2694,673124.784158359,4539369.65412214,673224.784158359,4539269.65412214,29,37,Eğitim Mahallesi,EGITIM,12988,0,1,2,7,0,0,0,6,29.0586386463798,40.9866822773677,0,0,0,94,122,0.2071942253496975,134.63884774633155
769,2695,673124.784158359,4539269.65412214,673224.784158359,4539169.65412214,30,37,Eğitim Mahallesi,EGITIM,12988,3,3,2,6,0,1,0,7,29.0586106378513,40.9857820339642,0,0,0,94,118,0.3224580371471334,137.02502419168087
770,2696,673124.784158359,4539169.65412214,673224.784158359,4539069.65412214,31,37,Eğitim Mahallesi,EGITIM,12988,3,3,1,7,0,1,0,7,29.0585826305911,40.984881790404,0,0,0,94,109,0.2770316298837263,124.0982238286631
771,1822,671924.784158359,4540169.65412214,672024.784158359,4540069.65412214,21,25,Fikirtepe Mahallesi,FIKIRTEPE,12305,1,1,1,4,0,0,0,6,29.0446047502163,40.9941380930861,0,1,0,54,211,0.164881596445745,228.3950084250261
772,1893,672024.784158359,4540269.65412214,672124.784158359,4540169.65412214,20,26,Fikirtepe Mahallesi,FIKIRTEPE,12305,1,0,1,4,0,0,0,8,29.0458207670452,40.9950172535453,0,1,0,54,252,0.1526360644128772,271.2321441160225
773,1894,672024.784158359,4540169.65412214,672124.784158359,4540069.65412214,21,26,Fikirtepe Mahallesi,FIKIRTEPE,12305,0,1,1,4,0,1,0,7,29.0457929246689,40.9941170042147,0,2,0,54,252,0.2208617106952342,279.82857554759954
774,1895,672024.784158359,4540069.65412214,672124.784158359,4539969.65412214,22,26,Fikirtepe Mahallesi,FIKIRTEPE,12305,0,1,0,4,0,1,0,4,29.0457650835535,40.9932167547275,0,3,0,54,127,0.1340303842124478,135.51092939749043
775,1967,672124.784158359,4540069.65412214,672224.784158359,4539969.65412214,22,27,Fikirtepe Mahallesi,FIKIRTEPE,12305,0,0,0,1,0,1,0,3,29.046953240603,40.9931956542836,0,3,0,54,176,0.0980606492880304,184.6293371373467
776,1966,672124.784158359,4540169.65412214,672224.784158359,4540069.65412214,21,27,Fikirtepe Mahallesi,FIKIRTEPE,12305,1,0,1,4,0,1,0,9,29.0469810978608,40.9940959031056,0,3,0,54,276,0.2241955811711286,306.9389902016157
777,1965,672124.784158359,4540269.65412214,672224.784158359,4540169.65412214,20,27,Fikirtepe Mahallesi,FIKIRTEPE,12305,1,0,1,4,0,1,0,10,29.04700895638,40.9949961517709,0,2,0,54,276,0.2250798650986052,307.0610213836075
778,2184,672424.784158359,4539969.65412214,672524.784158359,4539869.65412214,23,30,Fikirtepe Mahallesi,FIKIRTEPE,12305,0,0,0,1,0,2,0,5,29.0504897997593,40.9922320325475,0,1,0,54,269,0.1431103530514475,288.2483424854197
779,2183,672424.784158359,4540069.65412214,672524.784158359,4539969.65412214,22,30,Fikirtepe Mahallesi,FIKIRTEPE,12305,0,0,0,0,0,2,0,8,29.0505177041798,40.9931322795283,0,2,0,54,252,0.1322555606399762,268.664200640637
780,2182,672424.784158359,4540169.65412214,672524.784158359,4540069.65412214,21,30,Fikirtepe Mahallesi,FIKIRTEPE,12305,1,0,0,0,0,2,0,10,29.050545609864,40.9940325263523,0,3,0,54,147,0.1499581458439423,158.02192371952975
781,2181,672424.784158359,4540269.65412214,672524.784158359,4540169.65412214,20,30,Fikirtepe Mahallesi,FIKIRTEPE,12305,1,0,0,0,0,2,0,9,29.0505735168119,40.9949327730197,0,3,0,54,147,0.1490738619164656,157.95692885086024
782,2036,672224.784158359,4540369.65412214,672324.784158359,4540269.65412214,19,28,Fikirtepe Mahallesi,FIKIRTEPE,12305,1,0,1,4,0,0,0,9,29.0482250203778,40.9958752856016,0,1,0,54,256,0.1536135949429647,275.6625401526995
783,2180,672424.784158359,4540369.65412214,672524.784158359,4540269.65412214,19,30,Fikirtepe Mahallesi,FIKIRTEPE,12305,1,0,0,0,0,0,0,9,29.0506014250237,40.9958330195303,0,2,0,54,269,0.0372040605184088,274.003946139726
784,2108,672324.784158359,4540369.65412214,672424.784158359,4540269.65412214,19,29,Fikirtepe Mahallesi,FIKIRTEPE,12305,1,0,0,1,0,0,0,11,29.0494132233323,40.9958541586851,0,2,1,54,272,0.0535123134272281,279.277674626103
785,2179,672424.784158359,4540469.65412214,672524.784158359,4540369.65412214,18,30,Fikirtepe Mahallesi,FIKIRTEPE,12305,1,0,0,1,0,0,0,6,29.0506293344993,40.9967332658842,0,2,0,54,262,0.0485115260659768,268.355009914643
786,2039,672224.784158359,4540069.65412214,672324.784158359,4539969.65412214,22,28,Fikirtepe Mahallesi,FIKIRTEPE,12305,0,0,0,1,0,1,0,6,29.0481413963911,40.9931745416024,0,2,0,54,179,0.1032527415477389,188.24112036852264
787,2038,672224.784158359,4540169.65412214,672324.784158359,4540069.65412214,21,28,Fikirtepe Mahallesi,FIKIRTEPE,12305,1,0,0,3,0,1,0,9,29.048169269791,40.9940747897588,0,2,0,54,277,0.1370194087565633,295.977188112784
788,2037,672224.784158359,4540269.65412214,672324.784158359,4540169.65412214,20,28,Fikirtepe Mahallesi,FIKIRTEPE,12305,1,0,1,4,0,1,0,10,29.0481971444533,40.9949750377585,0,2,0,54,277,0.2250798650986052,308.17356131615685
789,2112,672324.784158359,4539969.65412214,672424.784158359,4539869.65412214,23,29,Fikirtepe Mahallesi,FIKIRTEPE,12305,0,0,0,1,0,2,0,7,29.0493016626378,40.9922531690368,0,1,0,54,271,0.145779455485359,290.75311621826614
790,2111,672324.784158359,4540069.65412214,672424.784158359,4539969.65412214,22,29,Fikirtepe Mahallesi,FIKIRTEPE,12305,0,0,0,1,0,2,0,8,29.0493295509169,40.9931534166839,0,1,1,54,152,0.1468722416449715,163.16229036501784
791,2110,672324.784158359,4540169.65412214,672424.784158359,4540069.65412214,21,29,Fikirtepe Mahallesi,FIKIRTEPE,12305,1,0,0,0,0,2,0,11,29.049357440459,40.9940536641744,0,2,0,54,251,0.1507654338202896,269.9210619444464
792,2109,672324.784158359,4540269.65412214,672424.784158359,4540169.65412214,20,29,Fikirtepe Mahallesi,FIKIRTEPE,12305,1,0,0,1,0,1,0,9,29.0493853312641,40.9949539115081,0,3,0,54,211,0.122402727751568,223.91348777779044
793,2257,672524.784158359,4539869.65412214,672624.784158359,4539769.65412214,24,31,Fikirtepe Mahallesi,FIKIRTEPE,12305,2,0,0,1,0,1,0,5,29.0516500163198,40.9913106373506,0,0,0,54,232,0.1269295654971221,246.72382959766617
794,2256,672524.784158359,4539969.65412214,672624.784158359,4539869.65412214,23,31,Fikirtepe Mahallesi,FIKIRTEPE,12305,2,0,0,0,0,2,0,6,29.0516779356172,40.9922108838214,0,1,0,54,261,0.1550309033282041,281.23153288433065
795,2255,672524.784158359,4540069.65412214,672624.784158359,4539969.65412214,22,31,Fikirtepe Mahallesi,FIKIRTEPE,12305,1,0,0,0,0,2,0,7,29.051705856179,40.9931111301355,0,2,0,54,269,0.1470035452267656,288.771976833
796,2254,672524.784158359,4540169.65412214,672624.784158359,4540069.65412214,21,31,Fikirtepe Mahallesi,FIKIRTEPE,12305,0,0,0,0,0,2,0,7,29.0517337780052,40.9940113762928,0,2,0,54,269,0.1311627744803637,286.6413931676089
797,2253,672524.784158359,4540269.65412214,672624.784158359,4540169.65412214,20,31,Fikirtepe Mahallesi,FIKIRTEPE,12305,1,0,0,0,0,1,0,9,29.0517617010959,40.9949116222934,0,3,0,54,269,0.1077860467465727,283.49722328741404
798,2252,672524.784158359,4540369.65412214,672624.784158359,4540269.65412214,19,31,Fikirtepe Mahallesi,FIKIRTEPE,12305,1,0,0,0,0,0,0,6,29.0517896254511,40.9958118681372,0,3,0,54,149,0.0338948450609815,151.52516595704313
799,2251,672524.784158359,4540469.65412214,672624.784158359,4540369.65412214,18,31,Fikirtepe Mahallesi,FIKIRTEPE,12305,1,0,0,1,0,0,0,6,29.051817551071,40.9967121138243,0,3,0,54,212,0.0485115260659768,217.1422217629936
800,2250,672524.784158359,4540569.65412214,672624.784158359,4540469.65412214,17,31,Fikirtepe Mahallesi,FIKIRTEPE,12305,1,0,0,1,0,0,0,4,29.0518454779555,40.9976123593546,0,2,0,54,181,0.0453897504959684,185.10777241988515
801,2324,672624.784158359,4540369.65412214,672724.784158359,4540269.65412214,19,32,Fikirtepe Mahallesi,FIKIRTEPE,12305,1,0,0,0,0,0,0,3,29.052977824614,40.9957907045058,0,3,0,54,206,0.028702752801273,208.9563835385311
802,2322,672624.784158359,4540569.65412214,672724.784158359,4540469.65412214,17,32,Fikirtepe Mahallesi,FIKIRTEPE,12305,5,0,0,1,0,0,0,3,29.0530337094073,40.9975911943888,0,2,0,54,197,0.068426461421836,203.74000645005083
803,2323,672624.784158359,4540469.65412214,672724.784158359,4540369.65412214,18,32,Fikirtepe Mahallesi,FIKIRTEPE,12305,1,0,0,1,0,0,0,2,29.053005766378,40.9966909495257,0,3,0,54,96,0.0406503313723568,97.95121590587314
804,2395,672724.784158359,4540469.65412214,672824.784158359,4540369.65412214,18,33,Fikirtepe Mahallesi,FIKIRTEPE,12305,6,0,0,1,0,0,0,2,29.0541939804195,40.9966697729884,0,3,0,54,122,0.0692802263500523,126.2260938073532
805,2394,672724.784158359,4540569.65412214,672824.784158359,4540469.65412214,17,33,Fikirtepe Mahallesi,FIKIRTEPE,12305,6,0,0,1,0,0,0,1,29.0542219395937,40.997570017184,0,3,0,54,169,0.0655183377565282,174.53629954042665
806,2396,672724.784158359,4540369.65412214,672824.784158359,4540269.65412214,19,33,Fikirtepe Mahallesi,FIKIRTEPE,12305,1,0,0,0,0,0,0,1,29.0541660225115,40.9957695286361,0,3,0,54,219,0.0222717617738374,221.4387579142352
807,2468,672824.784158359,4540369.65412214,672924.784158359,4540269.65412214,19,34,Fikirtepe Mahallesi,FIKIRTEPE,12305,1,0,0,2,0,0,0,1,29.0553542191429,40.9957483405282,0,3,2,54,174,0.0454386530517582,177.95316281550296
808,2467,672824.784158359,4540469.65412214,672924.784158359,4540369.65412214,18,34,Fikirtepe Mahallesi,FIKIRTEPE,12305,6,0,0,3,0,0,0,1,29.055382193195,40.9966485842126,0,3,0,54,216,0.0801350187615236,224.65458202624453
809,2475,672824.784158359,4539669.65412214,672924.784158359,4539569.65412214,26,34,Fikirtepe Mahallesi,FIKIRTEPE,12305,5,2,1,2,0,0,0,3,29.0551584362451,40.9894466303475,0,1,0,54,162,0.1825516660866177,176.78668495301605
810,2402,672724.784158359,4539769.65412214,672824.784158359,4539669.65412214,25,33,Fikirtepe Mahallesi,FIKIRTEPE,12305,3,0,0,1,0,0,0,2,29.0539983016483,40.9903680592299,0,1,0,54,249,0.0564911021187587,256.0331422137854
811,2474,672824.784158359,4539769.65412214,672924.784158359,4539669.65412214,25,34,Fikirtepe Mahallesi,FIKIRTEPE,12305,5,2,0,2,0,0,0,4,29.0551864014309,40.9903468751294,0,1,0,54,187,0.1021513306312669,196.55114941402343
812,2329,672624.784158359,4539869.65412214,672724.784158359,4539769.65412214,24,32,Fikirtepe Mahallesi,FIKIRTEPE,12305,2,0,0,1,0,1,0,4,29.0528381347729,40.9912894770549,0,1,0,54,217,0.1252379935932981,230.58832230487283
813,2401,672724.784158359,4539869.65412214,672824.784158359,4539769.65412214,24,33,Fikirtepe Mahallesi,FIKIRTEPE,12305,3,0,0,0,0,1,0,5,29.0540262519609,40.9912683045229,0,1,0,54,257,0.1188873983693629,272.2770306904631
814,2473,672824.784158359,4539869.65412214,672924.784158359,4539769.65412214,24,34,Fikirtepe Mahallesi,FIKIRTEPE,12305,4,2,0,0,0,0,0,4,29.0552143678832,40.9912471197545,0,1,0,54,264,0.074817771632117,273.8759458554394
815,2328,672624.784158359,4539969.65412214,672724.784158359,4539869.65412214,23,32,Fikirtepe Mahallesi,FIKIRTEPE,12305,2,0,0,0,0,1,0,6,29.0528660702108,40.9921897228586,0,0,0,54,261,0.1137430881583111,275.84347300465964
816,2400,672724.784158359,4539969.65412214,672824.784158359,4539869.65412214,23,33,Fikirtepe Mahallesi,FIKIRTEPE,12305,2,0,0,0,0,1,0,4,29.0540542035393,40.992168549659,0,1,0,54,266,0.1106213125883028,280.7126345742443
817,2327,672624.784158359,4540069.65412214,672724.784158359,4539969.65412214,22,32,Fikirtepe Mahallesi,FIKIRTEPE,12305,2,0,0,0,0,1,0,7,29.0528940069138,40.9930899685055,0,1,0,54,272,0.1149819869260383,287.63755022194124
818,2399,672724.784158359,4540069.65412214,672824.784158359,4539969.65412214,22,33,Fikirtepe Mahallesi,FIKIRTEPE,12305,2,0,0,0,0,1,0,6,29.0540821563834,40.9930687946385,0,2,0,54,276,0.1137430881583111,291.69654616584694
819,2326,672624.784158359,4540169.65412214,672724.784158359,4540069.65412214,21,32,Fikirtepe Mahallesi,FIKIRTEPE,12305,2,0,0,0,0,1,0,7,29.052921944882,40.9939902139957,0,2,0,54,272,0.1149819869260383,287.63755022194124
820,2398,672724.784158359,4540169.65412214,672824.784158359,4540069.65412214,21,33,Fikirtepe Mahallesi,FIKIRTEPE,12305,2,0,0,0,0,1,0,7,29.0541101104935,40.9939690394611,0,3,0,54,276,0.1149819869260383,291.8675141957933
821,2325,672624.784158359,4540269.65412214,672724.784158359,4540169.65412214,20,32,Fikirtepe Mahallesi,FIKIRTEPE,12305,0,0,0,0,0,1,0,6,29.0529498841153,40.9948904593291,0,3,1,54,274,0.0886360605427435,286.1431402943559
822,2397,672724.784158359,4540269.65412214,672824.784158359,4540169.65412214,20,33,Fikirtepe Mahallesi,FIKIRTEPE,12305,1,0,0,0,0,1,0,4,29.0541380658695,40.994869284127,0,3,0,54,276,0.101355055719137,289.9869976892409
823,2546,672924.784158359,4539769.65412214,673024.784158359,4539669.65412214,25,35,Fikirtepe Mahallesi,FIKIRTEPE,12305,4,3,0,1,0,0,0,4,29.0563744999472,40.9903256787931,0,1,0,54,259,0.095484544310722,271.36524848823854
824,2545,672924.784158359,4539869.65412214,673024.784158359,4539769.65412214,24,35,Fikirtepe Mahallesi,FIKIRTEPE,12305,4,3,0,1,0,0,0,4,29.056402482539,40.9912259227499,0,1,1,54,259,0.095484544310722,271.36524848823854
825,1619,671624.784158359,4538869.65412214,671724.784158359,4538769.65412214,34,22,Feneryolu Mahallesi,FENERYOLU,25300,5,8,2,1,0,2,0,4,29.0406792223005,40.9824979961862,0,1,0,101,230,0.3592881550631281,271.3181378322597
826,1690,671724.784158359,4538969.65412214,671824.784158359,4538869.65412214,33,23,Feneryolu Mahallesi,FENERYOLU,25300,4,6,2,1,0,1,0,4,29.0418949683247,40.983377206014,0,1,0,101,225,0.3085484094615354,259.7116960644227
827,1691,671724.784158359,4538869.65412214,671824.784158359,4538769.65412214,34,23,Feneryolu Mahallesi,FENERYOLU,25300,4,9,2,1,0,1,0,2,29.0418671907351,40.9824769526544,0,1,0,101,247,0.3113100351201655,285.4467893373405
828,1692,671724.784158359,4538769.65412214,671824.784158359,4538669.65412214,35,23,Feneryolu Mahallesi,FENERYOLU,25300,3,10,2,1,0,1,0,3,29.0418394144034,40.9815766991383,0,1,0,101,245,0.3108839671046364,283.08328597031795
829,1758,671824.784158359,4539369.65412214,671924.784158359,4539269.65412214,29,24,Feneryolu Mahallesi,FENERYOLU,25300,4,0,0,0,0,0,0,2,29.043194139115,40.9869571588027,0,0,0,101,255,0.0469740102616999,260.98918630836675
830,1759,671824.784158359,4539269.65412214,671924.784158359,4539169.65412214,30,24,Feneryolu Mahallesi,FENERYOLU,25300,4,0,0,3,0,0,0,1,29.043166340357,40.9860569067333,0,0,0,101,259,0.0724454836781665,268.38169013632256
831,1760,671824.784158359,4539169.65412214,671924.784158359,4539069.65412214,31,24,Feneryolu Mahallesi,FENERYOLU,25300,1,0,0,3,0,0,0,0,29.0431385428577,40.9851566545074,0,0,0,101,244,0.0450741327563924,249.4990441962799
832,1762,671824.784158359,4538969.65412214,671924.784158359,4538869.65412214,33,24,Feneryolu Mahallesi,FENERYOLU,25300,3,6,2,2,0,0,0,2,29.0430829516353,40.9833561495856,0,1,0,101,237,0.2366776252347488,265.0462985903177
833,1763,671824.784158359,4538869.65412214,671924.784158359,4538769.65412214,34,24,Feneryolu Mahallesi,FENERYOLU,25300,1,10,2,1,0,1,0,2,29.043055157912,40.9824558968899,0,1,0,101,244,0.292374093924323,279.6696394587674
834,1764,671824.784158359,4538769.65412214,671924.784158359,4538669.65412214,35,24,Feneryolu Mahallesi,FENERYOLU,25300,1,10,2,1,0,1,0,3,29.0430273654472,40.9815556440375,0,0,0,101,240,0.2950431963582345,275.40518356298816
835,1765,671824.784158359,4538669.65412214,671924.784158359,4538569.65412214,36,24,Feneryolu Mahallesi,FENERYOLU,25300,1,7,2,0,0,1,0,3,29.0429995742409,40.9806553910286,0,0,0,101,240,0.273729280969984,272.8475137163981
836,1830,671924.784158359,4539369.65412214,672024.784158359,4539269.65412214,29,25,Feneryolu Mahallesi,FENERYOLU,25300,4,0,0,2,0,0,0,2,29.0443821857089,40.9869360874841,0,0,0,101,218,0.0701409015396208,225.64535826781864
837,1831,671924.784158359,4539269.65412214,672024.784158359,4539169.65412214,30,25,Feneryolu Mahallesi,FENERYOLU,25300,4,0,0,2,0,0,0,2,29.0443543708143,40.986035836079,0,0,0,101,255,0.0701409015396208,263.94296494630163
838,1832,671924.784158359,4539169.65412214,672024.784158359,4539069.65412214,31,25,Feneryolu Mahallesi,FENERYOLU,25300,0,0,0,3,0,0,0,0,29.0443265571792,40.9851355845173,0,0,0,101,247,0.0292333620099906,250.61032020823384
839,1833,671924.784158359,4539069.65412214,672024.784158359,4538969.65412214,32,25,Feneryolu Mahallesi,FENERYOLU,25300,0,0,0,3,0,0,0,0,29.0442987448035,40.984235332799,0,0,0,101,238,0.0292333620099906,241.47877007918888
840,1834,671924.784158359,4538969.65412214,672024.784158359,4538869.65412214,33,25,Feneryolu Mahallesi,FENERYOLU,25300,0,1,1,3,0,0,0,0,29.0442709336872,40.9833350809241,0,0,0,101,238,0.126281231115249,253.02746650271467
841,1835,671924.784158359,4538869.65412214,672024.784158359,4538769.65412214,34,25,Feneryolu Mahallesi,FENERYOLU,25300,0,5,2,1,0,1,0,1,29.0442431238303,40.9824348288926,0,0,0,101,247,0.2600241085275321,279.11297740315024
842,1836,671924.784158359,4538769.65412214,672024.784158359,4538669.65412214,35,25,Feneryolu Mahallesi,FENERYOLU,25300,1,6,2,0,0,1,0,2,29.0442153152326,40.9815345767044,0,0,0,101,245,0.2682519494385901,277.8608638062273
843,1837,671924.784158359,4538669.65412214,672024.784158359,4538569.65412214,36,25,Feneryolu Mahallesi,FENERYOLU,25300,1,5,2,0,0,1,0,2,29.0441875078941,40.9806343243597,0,0,0,101,242,0.2650100868624627,274.066220510358
844,1838,671924.784158359,4538569.65412214,672024.784158359,4538469.65412214,37,25,Feneryolu Mahallesi,FENERYOLU,25300,1,4,2,0,0,1,0,4,29.0441597018147,40.9797340718583,0,0,0,101,207,0.2659151963842359,234.5222228257684
845,1902,672024.784158359,4539369.65412214,672124.784158359,4539269.65412214,29,26,Feneryolu Mahallesi,FENERYOLU,25300,13,0,1,2,0,0,0,3,29.0455702310432,40.9869150039308,0,0,0,101,240,0.1788109619483421,261.45731543380106
846,1903,672024.784158359,4539269.65412214,672124.784158359,4539169.65412214,30,26,Feneryolu Mahallesi,FENERYOLU,25300,9,0,0,2,0,0,0,2,29.0455424000121,40.9860147531904,0,0,0,101,255,0.0859816722860226,265.9626632164679
847,1904,672024.784158359,4539169.65412214,672124.784158359,4539069.65412214,31,26,Feneryolu Mahallesi,FENERYOLU,25300,9,0,0,3,0,0,0,2,29.0455145702412,40.9851145022934,0,0,0,101,244,0.0920481430180924,255.2298734482073
848,1905,672024.784158359,4539069.65412214,672124.784158359,4538969.65412214,32,26,Feneryolu Mahallesi,FENERYOLU,25300,0,0,0,3,0,0,0,1,29.0454867417305,40.9842142512397,0,0,0,101,262,0.0356643530374262,266.6720302479028
849,1906,672024.784158359,4538969.65412214,672124.784158359,4538869.65412214,33,26,Feneryolu Mahallesi,FENERYOLU,25300,0,0,0,2,0,0,0,0,29.0454589144799,40.9833140000294,0,0,0,101,259,0.0231668912779208,262.0001124204907
850,1907,672024.784158359,4538869.65412214,672124.784158359,4538769.65412214,34,26,Feneryolu Mahallesi,FENERYOLU,25300,0,2,0,2,0,0,0,0,29.0454310884894,40.9824137486625,0,0,0,101,259,0.0462712335247262,264.992124741452
851,1908,672024.784158359,4538769.65412214,672124.784158359,4538669.65412214,35,26,Feneryolu Mahallesi,FENERYOLU,25300,1,3,1,0,0,1,0,1,29.0454032637588,40.981513497139,0,0,0,101,232,0.2044788340674673,255.71954475182625
852,1909,672024.784158359,4538669.65412214,672124.784158359,4538569.65412214,36,26,Feneryolu Mahallesi,FENERYOLU,25300,1,3,1,0,0,1,0,2,29.0453754402882,40.9806132454588,0,0,0,101,240,0.2082407226609914,264.988886719319
853,1910,672024.784158359,4538569.65412214,672124.784158359,4538469.65412214,37,26,Feneryolu Mahallesi,FENERYOLU,25300,1,3,1,0,0,1,0,2,29.0453476180774,40.979712993622,0,0,0,101,237,0.2082407226609914,261.6765256353275
854,1983,672124.784158359,4538469.65412214,672224.784158359,4538369.65412214,38,27,Feneryolu Mahallesi,FENERYOLU,25300,1,3,1,0,0,0,1,2,29.0465076959986,40.9787916518256,0,0,0,101,240,0.1903296861035941,262.8395623324313
855,1982,672124.784158359,4538569.65412214,672224.784158359,4538469.65412214,37,27,Feneryolu Mahallesi,FENERYOLU,25300,1,3,0,0,0,0,1,2,29.0465355330802,40.9796919031541,0,0,0,101,242,0.1078590339585432,255.0509431089837
856,1981,672124.784158359,4538669.65412214,672224.784158359,4538569.65412214,36,27,Feneryolu Mahallesi,FENERYOLU,25300,1,2,0,0,0,0,1,2,29.0465633714224,40.980592154326,0,0,0,101,244,0.1018089422849335,256.4206909587619
857,1980,672124.784158359,4538769.65412214,672224.784158359,4538669.65412214,35,27,Feneryolu Mahallesi,FENERYOLU,25300,1,2,0,0,0,0,0,1,29.0465912110251,40.9814924053412,0,0,0,101,259,0.0453761040206428,264.87620547067326
858,1979,672124.784158359,4538869.65412214,672224.784158359,4538769.65412214,34,27,Feneryolu Mahallesi,FENERYOLU,25300,0,0,0,3,0,0,0,0,29.0466190518884,40.9823926561998,0,0,0,101,260,0.0292333620099906,263.8003370612988
859,1978,672124.784158359,4538969.65412214,672224.784158359,4538869.65412214,33,27,Feneryolu Mahallesi,FENERYOLU,25300,0,0,0,3,0,0,0,0,29.0466468940125,40.9832929069017,0,0,0,101,260,0.0292333620099906,263.8003370612988
860,1977,672124.784158359,4539069.65412214,672224.784158359,4538969.65412214,32,27,Feneryolu Mahallesi,FENERYOLU,25300,9,1,0,3,0,0,0,2,29.0466747373974,40.9841931574469,0,0,0,101,262,0.1066253599783,275.96792215715726
861,1976,672124.784158359,4539169.65412214,672224.784158359,4539069.65412214,31,27,Feneryolu Mahallesi,FENERYOLU,25300,9,1,0,3,0,0,0,2,29.0467025820431,40.9850934078356,0,0,0,101,252,0.1066253599783,265.4347953572658
862,1975,672124.784158359,4539269.65412214,672224.784158359,4539169.65412214,30,27,Feneryolu Mahallesi,FENERYOLU,25300,9,1,1,3,0,0,0,2,29.0467304279497,40.9859936580675,0,0,0,101,260,0.1890960121233509,284.5824815760356
863,2195,672424.784158359,4538869.65412214,672524.784158359,4538769.65412214,34,30,Feneryolu Mahallesi,FENERYOLU,25300,0,1,0,2,0,0,0,0,29.0501829345185,40.9823293054157,0,0,0,101,265,0.0377441082381283,270.001094341552
864,2194,672424.784158359,4538969.65412214,672524.784158359,4538869.65412214,33,30,Feneryolu Mahallesi,FENERYOLU,25300,0,2,0,2,0,1,0,2,29.0502108250427,40.9832295541203,0,1,0,101,265,0.1270460993738498,281.8336081670351
865,2193,672424.784158359,4539069.65412214,672524.784158359,4538969.65412214,32,30,Feneryolu Mahallesi,FENERYOLU,25300,13,5,0,1,0,1,0,4,29.05023871683,40.9841298026682,0,1,0,101,265,0.1981239616552426,291.2514249193197
866,2192,672424.784158359,4539169.65412214,672524.784158359,4539069.65412214,31,30,Feneryolu Mahallesi,FENERYOLU,25300,13,5,0,1,0,1,0,4,29.0502666098802,40.9850300510594,0,1,0,101,255,0.1981239616552426,280.26080511104345
867,2196,672424.784158359,4538769.65412214,672524.784158359,4538669.65412214,35,30,Feneryolu Mahallesi,FENERYOLU,25300,0,0,0,1,0,0,0,0,29.0501550452571,40.9814290565544,0,0,0,101,262,0.0146166810049953,263.9147852116544
868,2197,672424.784158359,4538669.65412214,672524.784158359,4538569.65412214,36,30,Feneryolu Mahallesi,FENERYOLU,25300,0,0,0,1,0,0,1,1,29.0501271572586,40.9805288075364,0,0,0,101,247,0.0737186217031975,256.1042497803449
869,2198,672424.784158359,4538569.65412214,672524.784158359,4538469.65412214,37,30,Feneryolu Mahallesi,FENERYOLU,25300,0,1,0,0,0,0,1,1,29.0500992705228,40.9796285583617,0,0,0,101,247,0.0736791576584097,256.0993759708136
870,2199,672424.784158359,4538469.65412214,672524.784158359,4538369.65412214,38,30,Feneryolu Mahallesi,FENERYOLU,25300,2,2,1,0,0,1,1,3,29.0500713850498,40.9787283090303,0,0,0,101,242,0.2667969399612256,274.2824297353083
871,2200,672424.784158359,4538369.65412214,672524.784158359,4538269.65412214,39,30,Feneryolu Mahallesi,FENERYOLU,25300,4,2,1,0,0,1,1,3,29.0500435008394,40.9778280595422,0,0,0,101,245,0.2784710429863983,279.1127027658338
872,2201,672424.784158359,4538269.65412214,672524.784158359,4538169.65412214,40,30,Feneryolu Mahallesi,FENERYOLU,25300,4,3,1,1,0,1,1,2,29.0500156178916,40.9769278098973,0,0,0,101,254,0.2964687132310918,291.6515265803487
873,2056,672224.784158359,4538369.65412214,672324.784158359,4538269.65412214,39,28,Feneryolu Mahallesi,FENERYOLU,25300,3,2,1,1,0,1,1,2,29.0476677416595,40.9778702989717,0,0,0,101,249,0.2853190324095455,284.52221953498844
874,2055,672224.784158359,4538469.65412214,672324.784158359,4538369.65412214,38,28,Feneryolu Mahallesi,FENERYOLU,25300,1,1,1,0,0,1,1,1,29.0476955936105,40.9787705497916,0,0,0,101,245,0.2425725667780264,274.7151394303082
875,2054,672224.784158359,4538569.65412214,672324.784158359,4538469.65412214,37,28,Feneryolu Mahallesi,FENERYOLU,25300,1,1,0,0,0,0,1,2,29.0477234468226,40.9796708004548,0,0,0,101,249,0.0932818169983356,260.6135862162928
876,2053,672224.784158359,4538669.65412214,672324.784158359,4538569.65412214,36,28,Feneryolu Mahallesi,FENERYOLU,25300,1,0,0,0,0,0,1,1,29.047751301296,40.9805710509613,0,0,0,101,250,0.074942711444604,259.36783893057554
877,2052,672224.784158359,4538769.65412214,672324.784158359,4538669.65412214,35,28,Feneryolu Mahallesi,FENERYOLU,25300,0,0,0,0,0,0,0,0,29.0477791570307,40.9814713013112,0,0,0,101,257,0.0,257.0
878,2051,672224.784158359,4538869.65412214,672324.784158359,4538769.65412214,34,28,Feneryolu Mahallesi,FENERYOLU,25300,0,0,0,1,0,0,0,0,29.0478070140268,40.9823715515044,0,0,0,101,252,0.0146166810049953,253.8417018066294
879,2050,672224.784158359,4538969.65412214,672324.784158359,4538869.65412214,33,28,Feneryolu Mahallesi,FENERYOLU,25300,0,1,0,3,0,0,0,0,29.0478348722843,40.9832718015409,0,0,0,101,252,0.0438105789701981,257.52013295024494
880,2049,672224.784158359,4539069.65412214,672324.784158359,4538969.65412214,32,28,Feneryolu Mahallesi,FENERYOLU,25300,9,1,0,3,0,0,0,2,29.0478627318034,40.9841720514207,0,0,0,101,262,0.1066253599783,275.96792215715726
881,2048,672224.784158359,4539169.65412214,672324.784158359,4539069.65412214,31,28,Feneryolu Mahallesi,FENERYOLU,25300,9,1,0,3,0,1,0,2,29.047890592584,40.985072301144,0,0,0,101,265,0.1772073462064639,288.4799733723565
882,2047,672224.784158359,4539269.65412214,672324.784158359,4539169.65412214,30,28,Feneryolu Mahallesi,FENERYOLU,25300,11,3,1,3,0,1,0,2,29.0479184546262,40.9859725507105,0,0,0,101,259,0.2784218830329514,295.0556338527672
883,2129,672324.784158359,4538269.65412214,672424.784158359,4538169.65412214,40,29,Feneryolu Mahallesi,FENERYOLU,25300,4,2,1,1,0,1,1,3,29.0488277550615,40.9769489350614,0,0,0,101,249,0.2930877239913936,285.4894216369285
884,2128,672324.784158359,4538369.65412214,672424.784158359,4538269.65412214,39,29,Feneryolu Mahallesi,FENERYOLU,25300,4,2,1,1,0,1,1,2,29.0488556218804,40.9778491853723,0,0,0,101,257,0.2904186215574821,294.31879287013646
885,2127,672324.784158359,4538469.65412214,672424.784158359,4538369.65412214,38,29,Feneryolu Mahallesi,FENERYOLU,25300,2,2,1,0,0,1,1,1,29.0488834899611,40.9787494355264,0,0,0,101,237,0.26036594893379,267.85336494865413
886,2126,672324.784158359,4538569.65412214,672424.784158359,4538469.65412214,37,29,Feneryolu Mahallesi,FENERYOLU,25300,0,1,0,0,0,0,1,1,29.0489113593037,40.9796496855239,0,0,0,101,240,0.0736791576584097,248.84149891900915
887,2125,672324.784158359,4538669.65412214,672424.784158359,4538569.65412214,36,29,Feneryolu Mahallesi,FENERYOLU,25300,0,0,0,0,0,0,1,0,29.0489392299083,40.9805499353647,0,0,0,101,250,0.0526709496707666,256.5838687088458
888,2124,672324.784158359,4538769.65412214,672424.784158359,4538669.65412214,35,29,Feneryolu Mahallesi,FENERYOLU,25300,0,0,0,0,0,0,1,0,29.048967101775,40.9814501850489,0,0,0,101,257,0.0526709496707666,263.7682170326935
889,2123,672324.784158359,4538869.65412214,672424.784158359,4538769.65412214,34,29,Feneryolu Mahallesi,FENERYOLU,25300,0,0,0,1,0,0,0,0,29.0489949749037,40.9823504345763,0,0,0,101,255,0.0146166810049953,256.8636268281369
890,2122,672324.784158359,4538969.65412214,672424.784158359,4538869.65412214,33,29,Feneryolu Mahallesi,FENERYOLU,25300,0,2,0,2,0,1,0,2,29.0490228492946,40.9832506839471,0,0,0,101,255,0.1270460993738498,271.1983776701658
891,2121,672324.784158359,4539069.65412214,672424.784158359,4538969.65412214,32,29,Feneryolu Mahallesi,FENERYOLU,25300,10,3,0,2,0,1,0,4,29.0490507249478,40.9841509331612,0,1,0,101,262,0.1926356733547584,287.23527320947335
892,2120,672324.784158359,4539169.65412214,672424.784158359,4539069.65412214,31,29,Feneryolu Mahallesi,FENERYOLU,25300,13,5,0,3,0,1,0,4,29.0490786018633,40.9850511822186,0,1,0,101,259,0.2127406426602379,286.5499132245008
893,2273,672524.784158359,4538269.65412214,672624.784158359,4538169.65412214,40,31,Feneryolu Mahallesi,FENERYOLU,25300,4,4,1,0,0,1,0,2,29.0512034794591,40.9769066725031,0,0,0,101,240,0.2338738982400891,268.06486778881066
894,2272,672524.784158359,4538369.65412214,672624.784158359,4538269.65412214,39,31,Feneryolu Mahallesi,FENERYOLU,25300,4,3,1,0,0,1,1,3,29.0512313785358,40.9778069214814,0,0,0,101,233,0.284521134660008,266.14671218789096
895,2271,672524.784158359,4538469.65412214,672624.784158359,4538369.65412214,38,31,Feneryolu Mahallesi,FENERYOLU,25300,2,1,0,0,0,1,1,2,29.0512592788759,40.9787071703031,0,0,0,101,255,0.1731300600956653,277.0740826621973
896,2270,672524.784158359,4538569.65412214,672624.784158359,4538469.65412214,37,31,Feneryolu Mahallesi,FENERYOLU,25300,0,0,0,1,0,0,1,1,29.0512871804792,40.979607418968,0,1,0,101,269,0.0737186217031975,278.9151546190801
897,2269,672524.784158359,4538669.65412214,672624.784158359,4538569.65412214,36,31,Feneryolu Mahallesi,FENERYOLU,25300,0,0,0,1,0,0,1,1,29.0513150833461,40.9805076674762,0,1,0,101,259,0.0737186217031975,268.5465615105641
898,2268,672524.784158359,4538769.65412214,672624.784158359,4538669.65412214,35,31,Feneryolu Mahallesi,FENERYOLU,25300,0,0,0,1,0,0,0,1,29.0513429874764,40.9814079158278,0,1,0,101,275,0.0210476720324309,277.89405490445927
899,2267,672524.784158359,4538869.65412214,672624.784158359,4538769.65412214,34,31,Feneryolu Mahallesi,FENERYOLU,25300,0,1,0,1,0,0,0,1,29.0513708928703,40.9823081640226,0,2,0,101,265,0.0356248889926384,269.7202977915246
900,2266,672524.784158359,4538969.65412214,672624.784158359,4538869.65412214,33,31,Feneryolu Mahallesi,FENERYOLU,25300,0,3,0,2,0,1,0,2,29.0513987995278,40.9832084120606,0,1,0,101,270,0.1330961910474594,287.967985791407
901,2265,672524.784158359,4539069.65412214,672624.784158359,4538969.65412214,32,31,Feneryolu Mahallesi,FENERYOLU,25300,4,8,0,2,0,1,0,2,29.0514267074491,40.984108659942,0,1,0,101,279,0.1869315722613954,305.0769543304647
902,2343,672624.784158359,4538469.65412214,672724.784158359,4538369.65412214,38,32,Feneryolu Mahallesi,FENERYOLU,25300,0,0,0,0,0,0,0,1,29.0524471714386,40.9786860193449,0,1,0,101,101,0.0064309910274356,101.3247650468855
903,2342,672624.784158359,4538569.65412214,672724.784158359,4538469.65412214,37,32,Feneryolu Mahallesi,FENERYOLU,25300,0,0,0,1,0,0,0,1,29.0524750891722,40.979586267343,0,1,0,101,213,0.0210476720324309,215.2415770714539
904,2341,672624.784158359,4538669.65412214,672724.784158359,4538569.65412214,36,32,Feneryolu Mahallesi,FENERYOLU,25300,0,0,0,1,0,0,0,2,29.0525030081701,40.9804865151844,0,1,0,101,212,0.024809560625955,214.6298134263512
905,2340,672624.784158359,4538769.65412214,672724.784158359,4538669.65412214,35,32,Feneryolu Mahallesi,FENERYOLU,25300,0,0,0,1,0,0,0,1,29.0525309284321,40.981386762869,0,1,0,101,282,0.0210476720324309,284.9677217565728
906,2339,672624.784158359,4538869.65412214,672724.784158359,4538769.65412214,34,32,Feneryolu Mahallesi,FENERYOLU,25300,0,3,0,1,0,0,0,1,29.0525588499585,40.9822870103969,0,2,0,101,282,0.050202105952846,289.0784969393513
907,2338,672624.784158359,4538969.65412214,672724.784158359,4538869.65412214,33,32,Feneryolu Mahallesi,FENERYOLU,25300,0,4,0,1,0,1,0,2,29.0525867727492,40.983187257768,0,1,0,101,280,0.1292387964592933,298.09343150430107
908,2337,672624.784158359,4539069.65412214,672724.784158359,4538969.65412214,32,32,Feneryolu Mahallesi,FENERYOLU,25300,5,7,0,1,0,1,0,3,29.0526146968044,40.9840875049824,0,1,0,101,279,0.1827400985306225,304.4922437450219
909,2413,672724.784158359,4538669.65412214,672824.784158359,4538569.65412214,36,33,Feneryolu Mahallesi,FENERYOLU,25300,0,0,0,1,0,0,0,2,29.0536909317298,40.9804653506608,0,1,1,101,232,0.024809560625955,234.8779090326108
910,2412,672724.784158359,4538769.65412214,672824.784158359,4538669.65412214,35,33,Feneryolu Mahallesi,FENERYOLU,25300,0,0,0,1,0,0,0,2,29.0537188681236,40.9813655976782,0,1,0,101,240,0.024809560625955,242.9771472751146
911,2411,672724.784158359,4538869.65412214,672824.784158359,4538769.65412214,34,33,Feneryolu Mahallesi,FENERYOLU,25300,0,3,0,1,0,0,0,2,29.0537468057824,40.9822658445387,0,1,0,101,240,0.05396399454637,246.4756793455644
912,2410,672724.784158359,4538969.65412214,672824.784158359,4538869.65412214,33,33,Feneryolu Mahallesi,FENERYOLU,25300,1,4,0,1,0,0,0,3,29.0537747447062,40.9831660912426,0,2,0,101,282,0.0771666834114428,292.8805023610135
913,2409,672724.784158359,4539069.65412214,672824.784158359,4538969.65412214,32,33,Feneryolu Mahallesi,FENERYOLU,25300,1,4,0,1,0,1,0,4,29.0538026848953,40.9840663377897,0,1,0,101,275,0.1498189863293068,295.6001106202797
914,2484,672824.784158359,4538769.65412214,672924.784158359,4538669.65412214,35,34,Feneryolu Mahallesi,FENERYOLU,25300,0,0,0,1,0,0,0,2,29.05490680655,40.9813444202553,0,1,0,101,277,0.024809560625955,280.43612414669474
915,2483,672824.784158359,4538869.65412214,672924.784158359,4538769.65412214,34,34,Feneryolu Mahallesi,FENERYOLU,25300,1,3,0,1,0,0,0,2,29.0549347603411,40.9822446664482,0,1,0,101,277,0.0698047652927719,286.6679599930489
916,2482,672824.784158359,4538969.65412214,672924.784158359,4538869.65412214,33,34,Feneryolu Mahallesi,FENERYOLU,25300,1,4,0,1,0,0,0,3,29.0549627153981,40.9831449124843,0,2,0,101,270,0.0771666834114428,280.41750226054484
917,2481,672824.784158359,4539069.65412214,672924.784158359,4538969.65412214,32,34,Feneryolu Mahallesi,FENERYOLU,25300,1,5,1,0,0,0,0,3,29.0549906717209,40.9840451583637,0,1,0,101,275,0.1488549641533368,295.46755757108383
918,2556,672924.784158359,4538769.65412214,673024.784158359,4538669.65412214,35,35,Feneryolu Mahallesi,FENERYOLU,25300,0,0,0,0,0,0,0,1,29.0560947437107,40.9813232306004,0,1,0,101,277,0.0064309910274356,277.8906922572998
919,2555,672924.784158359,4538869.65412214,673024.784158359,4538769.65412214,34,35,Feneryolu Mahallesi,FENERYOLU,25300,1,4,1,0,0,0,0,4,29.0561227136341,40.9822234761252,0,1,0,101,280,0.1470909712411984,300.5927359737678
920,2554,672924.784158359,4538969.65412214,673024.784158359,4538869.65412214,33,35,Feneryolu Mahallesi,FENERYOLU,25300,3,4,1,0,0,0,0,7,29.056150684824,40.9831237214933,0,0,0,101,264,0.1672924163253358,286.0825989549444
921,2553,672924.784158359,4539069.65412214,673024.784158359,4538969.65412214,32,35,Feneryolu Mahallesi,FENERYOLU,25300,3,4,1,0,0,0,0,6,29.0561786572806,40.9840239667045,0,0,0,101,262,0.1660535175576087,283.7530108000467
922,2627,673024.784158359,4538869.65412214,673124.784158359,4538769.65412214,34,36,Feneryolu Mahallesi,FENERYOLU,25300,3,1,1,1,0,0,0,7,29.0573106656605,40.9822022735699,0,0,0,101,270,0.1626390646853643,291.9562737325241
923,2626,673024.784158359,4538969.65412214,673124.784158359,4538869.65412214,33,36,Feneryolu Mahallesi,FENERYOLU,25300,3,4,1,2,0,0,0,7,29.0573386529833,40.9831025182695,0,0,0,101,272,0.1904593076032567,297.9024658340429
924,2625,673024.784158359,4539069.65412214,673124.784158359,4538969.65412214,32,36,Feneryolu Mahallesi,FENERYOLU,25300,3,5,1,1,0,0,0,7,29.0573666415736,40.9840027628123,0,0,0,101,222,0.1857434069321697,242.61751816947083
925,2697,673124.784158359,4539069.65412214,673224.784158359,4538969.65412214,32,37,Feneryolu Mahallesi,FENERYOLU,25300,3,5,1,2,0,1,0,7,29.0585546245992,40.9839815466869,0,0,0,101,223,0.2648756034332591,252.5336297828084
926,1205,671024.784158359,4537069.65412214,671124.784158359,4536969.65412214,52,16,Fenerbahçe Mahallesi,FENERBAHCE,20571,0,0,0,0,0,0,0,0,29.0333942051003,40.9666635628904,1,0,0,213,10,0.0,10.0
927,1277,671124.784158359,4537069.65412214,671224.784158359,4536969.65412214,52,17,Fenerbahçe Mahallesi,FENERBAHCE,20571,0,0,0,0,0,0,0,0,29.0341840191704,40.9666542470922,0,0,0,213,10,0.0,10.0
929,1276,671124.784158359,4537169.65412214,671224.784158359,4537069.65412214,51,17,Fenerbahçe Mahallesi,FENERBAHCE,20571,0,0,0,0,0,0,0,0,29.0342689796464,40.9672986317251,0,0,0,213,10,0.0,10.0
930,1204,671024.784158359,4537169.65412214,671124.784158359,4537069.65412214,51,16,Fenerbahçe Mahallesi,FENERBAHCE,20571,0,0,0,0,0,0,0,0,29.0331549824591,40.9673683270276,0,0,0,213,9,0.0,9.0
931,1132,670924.784158359,4537169.65412214,671024.784158359,4537069.65412214,51,15,Fenerbahçe Mahallesi,FENERBAHCE,20571,0,0,0,0,0,0,0,0,29.0319854606552,40.9675642577652,0,0,0,213,26,0.0,26.0
932,1131,670924.784158359,4537269.65412214,671024.784158359,4537169.65412214,50,15,Fenerbahçe Mahallesi,FENERBAHCE,20571,0,0,0,0,0,0,0,0,29.0320671917923,40.9682358373542,0,0,0,213,26,0.0,26.0
933,1275,671124.784158359,4537269.65412214,671224.784158359,4537169.65412214,50,17,Fenerbahçe Mahallesi,FENERBAHCE,20571,0,0,0,0,0,0,0,0,29.034296639133,40.9681988917195,0,0,0,213,26,0.0,26.0
934,1203,671024.784158359,4537269.65412214,671124.784158359,4537169.65412214,50,16,Fenerbahçe Mahallesi,FENERBAHCE,20571,0,0,0,0,0,0,0,0,29.0331089212145,40.9682198512777,0,0,0,213,39,0.0,39.0
935,1130,670924.784158359,4537369.65412214,671024.784158359,4537269.65412214,49,15,Fenerbahçe Mahallesi,FENERBAHCE,20571,0,0,0,0,0,0,0,0,29.0321793564407,40.9690884770708,0,0,0,213,20,0.0,20.0
936,1202,671024.784158359,4537369.65412214,671124.784158359,4537269.65412214,49,16,Fenerbahçe Mahallesi,FENERBAHCE,20571,0,0,0,0,0,0,0,0,29.0331365658309,40.9691201117764,0,0,0,213,60,0.0,60.0
937,1274,671124.784158359,4537369.65412214,671224.784158359,4537269.65412214,49,17,Fenerbahçe Mahallesi,FENERBAHCE,20571,0,0,0,0,0,0,0,1,29.0343242998719,40.9690991515574,0,0,0,213,36,0.0064309910274356,36.11575783849384
938,1129,670924.784158359,4537469.65412214,671024.784158359,4537369.65412214,48,15,Fenerbahçe Mahallesi,FENERBAHCE,20571,0,0,0,0,0,0,0,0,29.0322997454555,40.9699093331454,1,0,0,213,34,0.0,34.0
939,1201,671024.784158359,4537469.65412214,671124.784158359,4537369.65412214,48,16,Fenerbahçe Mahallesi,FENERBAHCE,20571,0,0,0,0,0,0,0,0,29.0332341452281,40.9699612232437,0,0,0,213,34,0.0,34.0
940,1273,671124.784158359,4537469.65412214,671224.784158359,4537369.65412214,48,17,Fenerbahçe Mahallesi,FENERBAHCE,20571,0,0,0,0,0,0,0,1,29.0343519618632,40.9699994112388,0,0,0,213,55,0.0064309910274356,55.17685225325448
941,1272,671124.784158359,4537569.65412214,671224.784158359,4537469.65412214,47,17,Fenerbahçe Mahallesi,FENERBAHCE,20571,0,0,0,0,0,0,0,0,29.0343423743222,40.9707788219671,0,0,0,213,40,0.0,40.0
942,1200,671024.784158359,4537569.65412214,671124.784158359,4537469.65412214,47,16,Fenerbahçe Mahallesi,FENERBAHCE,20571,0,0,0,0,0,0,0,0,29.0334720082593,40.9709099908182,0,0,0,213,40,0.0,40.0
943,1271,671124.784158359,4537669.65412214,671224.784158359,4537569.65412214,46,17,Fenerbahçe Mahallesi,FENERBAHCE,20571,0,0,0,0,0,0,0,0,29.0338910964369,40.9717841527953,1,0,0,213,10,0.0,10.0
944,1270,671124.784158359,4537769.65412214,671224.784158359,4537669.65412214,45,17,Fenerbahçe Mahallesi,FENERBAHCE,20571,0,0,0,0,0,0,0,0,29.0338844055536,40.9726450327611,1,0,0,213,10,0.0,10.0
945,1198,671024.784158359,4537769.65412214,671124.784158359,4537669.65412214,45,16,Fenerbahçe Mahallesi,FENERBAHCE,20571,0,0,0,0,0,0,0,0,29.0337708005774,40.9727477669012,1,0,0,213,10,0.0,10.0
946,1197,671024.784158359,4537869.65412214,671124.784158359,4537769.65412214,44,16,Fenerbahçe Mahallesi,FENERBAHCE,20571,0,0,0,0,0,0,0,0,29.0337708846682,40.973522392219,1,0,0,213,10,0.0,10.0
947,1269,671124.784158359,4537869.65412214,671224.784158359,4537769.65412214,44,17,Fenerbahçe Mahallesi,FENERBAHCE,20571,0,0,0,0,0,0,0,0,29.0341593369873,40.9738413443255,1,0,0,213,10,0.0,10.0
948,1268,671124.784158359,4537969.65412214,671224.784158359,4537869.65412214,43,17,Fenerbahçe Mahallesi,FENERBAHCE,20571,0,0,0,0,0,0,0,0,29.0343950315508,40.9740849423564,1,0,0,213,10,0.0,10.0
949,1267,671124.784158359,4538069.65412214,671224.784158359,4537969.65412214,42,17,Fenerbahçe Mahallesi,FENERBAHCE,20571,0,0,0,0,0,0,0,0,29.0350857447906,40.9757700991512,1,0,0,213,4,0.0,4.0
950,1266,671124.784158359,4538169.65412214,671224.784158359,4538069.65412214,41,17,Fenerbahçe Mahallesi,FENERBAHCE,20571,0,0,0,0,0,0,0,0,29.0349803768851,40.9762939707269,1,0,0,213,4,0.0,4.0
951,1339,671224.784158359,4538069.65412214,671324.784158359,4537969.65412214,42,18,Fenerbahçe Mahallesi,FENERBAHCE,20571,0,0,0,0,0,0,0,0,29.035389713331,40.9753587688647,1,0,0,213,4,0.0,4.0
952,1344,671224.784158359,4537569.65412214,671324.784158359,4537469.65412214,47,18,Fenerbahçe Mahallesi,FENERBAHCE,20571,0,0,0,0,0,0,0,1,29.0352562758644,40.9706843936702,1,0,0,213,68,0.0064309910274356,68.21865369493281
953,1345,671224.784158359,4537469.65412214,671324.784158359,4537369.65412214,48,18,Fenerbahçe Mahallesi,FENERBAHCE,20571,0,0,0,0,0,0,0,1,29.0354852419564,40.9699423343192,0,0,0,213,23,0.0064309910274356,23.07395639681551
954,1346,671224.784158359,4537369.65412214,671324.784158359,4537269.65412214,49,18,Fenerbahçe Mahallesi,FENERBAHCE,20571,0,0,0,0,0,0,0,1,29.0355120326604,40.9690781791111,0,0,0,213,17,0.0064309910274356,17.054663423733203
955,1347,671224.784158359,4537269.65412214,671324.784158359,4537169.65412214,50,18,Fenerbahçe Mahallesi,FENERBAHCE,20571,0,0,0,0,0,0,0,1,29.0354406959558,40.968206502305,0,0,0,213,22,0.0064309910274356,22.070740901301797
956,1348,671224.784158359,4537169.65412214,671324.784158359,4537069.65412214,51,18,Fenerbahçe Mahallesi,FENERBAHCE,20571,0,0,0,0,0,0,0,0,29.0351541285084,40.9674048292873,0,0,0,213,8,0.0,8.0
957,1349,671224.784158359,4537069.65412214,671324.784158359,4536969.65412214,52,18,Fenerbahçe Mahallesi,FENERBAHCE,20571,0,0,0,0,0,0,0,0,29.0348734823645,40.9668079725531,1,0,0,213,8,0.0,8.0
958,1419,671324.784158359,4537269.65412214,671424.784158359,4537169.65412214,50,19,Fenerbahçe Mahallesi,FENERBAHCE,20571,0,0,0,0,0,0,0,1,29.0363087941102,40.9684685984101,1,0,0,213,22,0.0064309910274356,22.070740901301797
959,1334,671224.784158359,4538569.65412214,671324.784158359,4538469.65412214,37,18,Fenerbahçe Mahallesi,FENERBAHCE,20571,1,0,0,0,0,0,0,0,29.0363820909934,40.9802784598496,1,0,0,213,14,0.0158407707464018,14.110885395224813
960,1340,671224.784158359,4537969.65412214,671324.784158359,4537869.65412214,43,18,Fenerbahçe Mahallesi,FENERBAHCE,20571,0,0,0,0,0,0,0,0,29.035863107494,40.9744138978396,1,0,0,213,39,0.0,39.0
961,1405,671324.784158359,4538669.65412214,671424.784158359,4538569.65412214,36,19,Fenerbahçe Mahallesi,FENERBAHCE,20571,1,0,0,0,0,0,0,0,29.0370598871136,40.9807605408924,0,0,0,213,33,0.0158407707464018,33.26137271731563
962,1406,671324.784158359,4538569.65412214,671424.784158359,4538469.65412214,37,19,Fenerbahçe Mahallesi,FENERBAHCE,20571,1,0,0,0,0,0,0,0,29.0371869610192,40.9799827536511,0,0,0,213,33,0.0158407707464018,33.26137271731563
963,1407,671324.784158359,4538469.65412214,671424.784158359,4538369.65412214,38,19,Fenerbahçe Mahallesi,FENERBAHCE,20571,1,0,0,0,0,0,0,0,29.0375775063124,40.9793650333627,1,0,0,213,11,0.0158407707464018,11.08712423910521
964,1408,671324.784158359,4538369.65412214,671424.784158359,4538269.65412214,39,19,Fenerbahçe Mahallesi,FENERBAHCE,20571,0,0,0,0,0,0,0,0,29.0373490099735,40.9776481511456,1,0,0,213,4,0.0,4.0
965,1409,671324.784158359,4538269.65412214,671424.784158359,4538169.65412214,40,19,Fenerbahçe Mahallesi,FENERBAHCE,20571,0,0,0,0,0,0,0,0,29.0368004539544,40.9773766078837,0,0,0,213,4,0.0,4.0
966,1412,671324.784158359,4537969.65412214,671424.784158359,4537869.65412214,43,19,Fenerbahçe Mahallesi,FENERBAHCE,20571,0,0,0,0,0,0,0,0,29.0369795940601,40.9742914872455,1,0,0,213,64,0.0,64.0
967,1418,671324.784158359,4537369.65412214,671424.784158359,4537269.65412214,49,19,Fenerbahçe Mahallesi,FENERBAHCE,20571,0,0,0,0,0,0,0,1,29.0367019195598,40.9690693249266,0,0,0,213,20,0.0064309910274356,20.06430991027436
968,1481,671424.784158359,4538269.65412214,671524.784158359,4538169.65412214,40,20,Fenerbahçe Mahallesi,FENERBAHCE,20571,0,0,0,0,0,0,0,0,29.0377287183946,40.9775562559667,1,0,0,213,38,0.0,38.0
969,1480,671424.784158359,4538369.65412214,671524.784158359,4538269.65412214,39,20,Fenerbahçe Mahallesi,FENERBAHCE,20571,1,0,0,0,0,0,0,1,29.0383510368378,40.9779928544776,0,0,0,213,38,0.0222717617738374,38.42316347370291
970,1479,671424.784158359,4538469.65412214,671524.784158359,4538369.65412214,38,20,Fenerbahçe Mahallesi,FENERBAHCE,20571,1,0,0,0,0,0,0,1,29.0383249604534,40.9790000649076,0,0,0,213,32,0.0222717617738374,32.3563481883814
971,1478,671424.784158359,4538569.65412214,671524.784158359,4538469.65412214,37,20,Fenerbahçe Mahallesi,FENERBAHCE,20571,1,1,0,0,0,0,0,1,29.0382201016301,40.9798392795655,0,0,0,213,11,0.036848978734045,11.202669383037248
972,1477,671424.784158359,4538669.65412214,671524.784158359,4538569.65412214,36,20,Fenerbahçe Mahallesi,FENERBAHCE,20571,1,4,0,0,0,0,0,1,29.0382478270514,40.9807395353839,0,0,0,213,47,0.0561190113790119,48.31879676740677
973,1482,671424.784158359,4538169.65412214,671524.784158359,4538069.65412214,41,20,Fenerbahçe Mahallesi,FENERBAHCE,20571,1,0,0,0,0,0,0,0,29.038273648854,40.9759953352808,1,0,0,213,73,0.0158407707464018,73.57818813224367
974,1483,671424.784158359,4538069.65412214,671524.784158359,4537969.65412214,42,20,Fenerbahçe Mahallesi,FENERBAHCE,20571,1,0,0,0,0,0,0,1,29.0385667416547,40.9749477697884,1,0,0,213,76,0.0222717617738374,76.84632694740581
975,1484,671424.784158359,4537969.65412214,671524.784158359,4537869.65412214,43,20,Fenerbahçe Mahallesi,FENERBAHCE,20571,0,0,0,0,0,0,0,1,29.038097852926,40.9743751568096,0,0,0,213,39,0.0064309910274356,39.12540432503499
976,1485,671424.784158359,4537869.65412214,671524.784158359,4537769.65412214,44,20,Fenerbahçe Mahallesi,FENERBAHCE,20571,6,0,0,0,0,0,0,1,29.0381597416523,40.9735769941545,0,0,0,213,64,0.0509016567515329,65.62885301604905
977,1486,671424.784158359,4537769.65412214,671524.784158359,4537669.65412214,45,20,Fenerbahçe Mahallesi,FENERBAHCE,20571,6,0,0,0,0,0,0,1,29.0382515227531,40.9726721813358,0,0,0,213,120,0.0509016567515329,123.05409940509196
978,1487,671424.784158359,4537669.65412214,671524.784158359,4537569.65412214,46,20,Fenerbahçe Mahallesi,FENERBAHCE,20571,6,0,0,0,0,0,0,3,29.0384143856742,40.9717725293314,1,0,0,213,120,0.0573326477789685,123.43995886673812
979,1488,671424.784158359,4537569.65412214,671524.784158359,4537469.65412214,47,20,Fenerbahçe Mahallesi,FENERBAHCE,20571,6,0,0,0,0,0,0,3,29.038332242973,40.9707360562952,1,0,0,213,129,0.0573326477789685,132.69795578174347
980,1489,671424.784158359,4537469.65412214,671524.784158359,4537369.65412214,48,20,Fenerbahçe Mahallesi,FENERBAHCE,20571,6,0,0,0,0,0,0,2,29.0379787791605,40.9698881542771,0,0,0,213,92,0.054663545345057,94.5145230858726
981,1490,671424.784158359,4537369.65412214,671524.784158359,4537269.65412214,49,20,Fenerbahçe Mahallesi,FENERBAHCE,20571,1,0,0,0,0,0,0,2,29.0378940914838,40.9691072599791,0,0,0,213,92,0.0260336503673615,93.19754791689864
982,1549,671524.784158359,4538669.65412214,671624.784158359,4538569.65412214,36,21,Fenerbahçe Mahallesi,FENERBAHCE,20571,2,8,2,0,0,1,0,3,29.0394357657339,40.9807185176432,0,0,0,213,90,0.2854725714521379,102.8462657153462
983,1548,671524.784158359,4538769.65412214,671624.784158359,4538669.65412214,35,21,Fenerbahçe Mahallesi,FENERBAHCE,20571,5,8,2,0,0,2,0,3,29.0394635085432,40.9816187726424,0,1,0,213,158,0.3426011573684328,185.06549143210617
984,1547,671524.784158359,4538869.65412214,671624.784158359,4538769.65412214,34,21,Fenerbahçe Mahallesi,FENERBAHCE,20571,5,7,1,1,0,2,0,4,29.0394912526088,40.9825190274851,0,1,0,213,163,0.3085688825352664,188.1483639266242
985,1550,671524.784158359,4538569.65412214,671624.784158359,4538469.65412214,37,21,Fenerbahçe Mahallesi,FENERBAHCE,20571,1,3,2,0,0,1,0,2,29.0394080241807,40.9798182624875,0,0,0,213,38,0.2564829615758649,42.87317626994143
986,1551,671524.784158359,4538469.65412214,671624.784158359,4538369.65412214,38,21,Fenerbahçe Mahallesi,FENERBAHCE,20571,1,1,0,0,0,0,0,1,29.0393802838838,40.9789180071752,0,0,0,213,32,0.036848978734045,32.58958365974472
987,1552,671524.784158359,4538369.65412214,671624.784158359,4538269.65412214,39,21,Fenerbahçe Mahallesi,FENERBAHCE,20571,2,0,0,0,0,0,0,1,29.0393577750942,40.9780212074855,0,0,0,213,38,0.0315380186430032,38.59922235421706
988,1553,671524.784158359,4538269.65412214,671624.784158359,4538169.65412214,40,21,Fenerbahçe Mahallesi,FENERBAHCE,20571,1,0,0,0,0,0,0,1,29.0394769797495,40.9771520263093,0,0,0,213,133,0.0222717617738374,134.48107215796017
989,1554,671524.784158359,4538169.65412214,671624.784158359,4538069.65412214,41,21,Fenerbahçe Mahallesi,FENERBAHCE,20571,1,1,0,0,0,0,0,1,29.039513398527,40.9762952748951,0,0,0,213,73,0.036848978734045,74.34498772379264
990,1555,671524.784158359,4538069.65412214,671624.784158359,4537969.65412214,42,21,Fenerbahçe Mahallesi,FENERBAHCE,20571,2,2,0,0,0,0,0,2,29.0393999377382,40.9751125467301,0,0,0,213,142,0.0584042494833326,146.14670171331662
991,1556,671524.784158359,4537969.65412214,671624.784158359,4537869.65412214,43,21,Fenerbahçe Mahallesi,FENERBAHCE,20571,4,1,0,0,0,0,0,2,29.0392416012388,40.9744167282657,0,0,0,213,76,0.0615512272219075,78.33894663443249
992,1557,671524.784158359,4537869.65412214,671624.784158359,4537769.65412214,44,21,Fenerbahçe Mahallesi,FENERBAHCE,20571,7,1,0,1,0,0,0,1,29.0392138684773,40.9735164720142,0,0,0,213,108,0.083147201231844,112.48994886651955
993,1558,671524.784158359,4537769.65412214,671624.784158359,4537669.65412214,45,21,Fenerbahçe Mahallesi,FENERBAHCE,20571,6,0,0,1,0,0,0,1,29.0391861369715,40.9726162156062,0,0,0,213,120,0.0655183377565282,123.9311002653917
994,1559,671524.784158359,4537669.65412214,671624.784158359,4537569.65412214,46,21,Fenerbahçe Mahallesi,FENERBAHCE,20571,6,0,0,0,0,0,0,3,29.0391584067214,40.9717159590417,0,0,0,213,120,0.0573326477789685,123.43995886673812
995,1560,671524.784158359,4537569.65412214,671624.784158359,4537469.65412214,47,21,Fenerbahçe Mahallesi,FENERBAHCE,20571,6,0,0,0,0,0,0,3,29.0391306777268,40.9708157023207,0,0,0,213,129,0.0573326477789685,132.69795578174347
996,1561,671524.784158359,4537469.65412214,671624.784158359,4537369.65412214,48,21,Fenerbahçe Mahallesi,FENERBAHCE,20571,6,0,0,0,0,0,0,2,29.0391029499877,40.9699154454431,0,0,0,213,115,0.054663545345057,118.14315385734076
997,1562,671524.784158359,4537369.65412214,671624.784158359,4537269.65412214,49,21,Fenerbahçe Mahallesi,FENERBAHCE,20571,4,0,0,0,0,0,0,2,29.039075223504,40.969015188409,0,0,0,213,56,0.0469740102616999,57.3152722873276
998,1563,671524.784158359,4537269.65412214,671624.784158359,4537169.65412214,50,21,Fenerbahçe Mahallesi,FENERBAHCE,20571,0,0,0,0,0,0,0,2,29.03907354423,40.9684150226334,1,0,0,213,56,0.0101928796209596,56.28540062938687
999,1620,671624.784158359,4538769.65412214,671724.784158359,4538669.65412214,35,22,Fenerbahçe Mahallesi,FENERBAHCE,20571,5,9,2,1,0,1,0,2,29.0406514621018,40.9815977420066,0,1,0,213,122,0.3154767028413947,141.2440788733251
1000,1621,671624.784158359,4538669.65412214,671724.784158359,4538569.65412214,36,22,Fenerbahçe Mahallesi,FENERBAHCE,20571,2,10,2,0,0,1,0,3,29.04062370316,40.9806974876704,0,0,0,213,151,0.2896927722224049,172.87180430279156
1001,1622,671624.784158359,4538569.65412214,671724.784158359,4538469.65412214,37,22,Fenerbahçe Mahallesi,FENERBAHCE,20571,1,6,2,0,0,1,0,2,29.0405959454753,40.9797972331777,0,0,0,213,148,0.2682519494385901,167.85064425845567
1002,1623,671624.784158359,4538469.65412214,671724.784158359,4538369.65412214,38,22,Fenerbahçe Mahallesi,FENERBAHCE,20571,1,4,1,0,0,1,0,2,29.0405681890474,40.9788969785284,0,0,0,213,151,0.2129335383457507,167.07648214510417
1003,1624,671624.784158359,4538369.65412214,671724.784158359,4538269.65412214,39,22,Fenerbahçe Mahallesi,FENERBAHCE,20571,1,0,0,0,0,0,0,1,29.0405404338763,40.9779967237225,0,0,0,213,150,0.0222717617738374,151.6703821330378
1004,1625,671624.784158359,4538269.65412214,671724.784158359,4538169.65412214,40,22,Fenerbahçe Mahallesi,FENERBAHCE,20571,1,1,0,0,0,0,0,2,29.0405126799619,40.9770964687601,0,0,0,213,152,0.040610867327569,155.08642591689522
1005,1626,671624.784158359,4538169.65412214,671724.784158359,4538069.65412214,41,22,Fenerbahçe Mahallesi,FENERBAHCE,20571,2,2,0,0,0,0,0,2,29.0404849273042,40.9761962136412,0,0,0,213,154,0.0584042494833326,158.4971272102166
1006,1627,671624.784158359,4538069.65412214,671724.784158359,4537969.65412214,42,22,Fenerbahçe Mahallesi,FENERBAHCE,20571,2,3,0,1,0,0,0,3,29.0404571759032,40.9752959583657,0,0,0,213,152,0.0817401245958492,158.21224946928453
1007,1628,671624.784158359,4537969.65412214,671724.784158359,4537869.65412214,43,22,Fenerbahçe Mahallesi,FENERBAHCE,20571,2,3,0,1,0,0,0,3,29.0404294257587,40.9743957029337,0,0,0,213,146,0.0817401245958492,151.967029095497
1008,1629,671624.784158359,4537869.65412214,671724.784158359,4537769.65412214,44,22,Fenerbahçe Mahallesi,FENERBAHCE,20571,8,3,0,1,0,0,0,3,29.0404016768706,40.9734954473451,0,0,0,213,140,0.1068471522114168,147.47930065479918
1009,1630,671624.784158359,4537769.65412214,671724.784158359,4537669.65412214,45,22,Fenerbahçe Mahallesi,FENERBAHCE,20571,7,1,0,1,0,0,0,1,29.040373929239,40.9725951916,0,0,0,213,139,0.083147201231844,144.77873048561315
1010,1631,671624.784158359,4537669.65412214,671724.784158359,4537569.65412214,46,22,Fenerbahçe Mahallesi,FENERBAHCE,20571,6,0,0,1,0,0,0,2,29.0403461828638,40.9716949356983,0,0,0,213,139,0.0692802263500523,143.81497573132864
1011,1632,671624.784158359,4537569.65412214,671724.784158359,4537469.65412214,47,22,Fenerbahçe Mahallesi,FENERBAHCE,20571,6,0,0,0,0,0,0,3,29.0403184377448,40.9707946796401,0,0,0,213,139,0.0573326477789685,142.9846190206383
1012,1633,671624.784158359,4537469.65412214,671724.784158359,4537369.65412214,48,22,Fenerbahçe Mahallesi,FENERBAHCE,20571,6,0,0,0,0,0,0,2,29.0402906938821,40.9698944234253,0,0,0,213,131,0.054663545345057,134.58046222010125
1014,1635,671624.784158359,4537269.65412214,671724.784158359,4537169.65412214,50,22,Fenerbahçe Mahallesi,FENERBAHCE,20571,0,0,0,0,0,0,0,2,29.0403020704516,40.9681339532692,0,0,0,213,36,0.0101928796209596,36.18347183317727
1015,1636,671624.784158359,4537169.65412214,671724.784158359,4537069.65412214,51,22,Fenerbahçe Mahallesi,FENERBAHCE,20571,0,0,0,0,0,0,0,1,29.0405079291264,40.9672024641108,0,0,0,213,9,0.0064309910274356,9.02893945962346
1016,1637,671624.784158359,4537069.65412214,671724.784158359,4536969.65412214,52,22,Fenerbahçe Mahallesi,FENERBAHCE,20571,0,0,0,0,0,0,0,0,29.0405392330447,40.9663401478788,0,0,0,213,6,0.0,6.0
1017,1638,671624.784158359,4536969.65412214,671724.784158359,4536869.65412214,53,22,Fenerbahçe Mahallesi,FENERBAHCE,20571,0,0,0,0,0,0,0,0,29.0407264554919,40.9658009507766,1,0,0,213,6,0.0,6.0
1018,1693,671724.784158359,4538669.65412214,671824.784158359,4538569.65412214,36,23,Fenerbahçe Mahallesi,FENERBAHCE,20571,1,10,2,0,0,1,0,4,29.0418116393293,40.9806764454655,0,0,0,213,161,0.2824968320429393,183.74099497945664
1019,1694,671724.784158359,4538569.65412214,671824.784158359,4538469.65412214,37,23,Fenerbahçe Mahallesi,FENERBAHCE,20571,2,5,2,0,0,1,0,3,29.0417838655129,40.9797761916362,0,0,0,213,158,0.2769454461655401,179.87869024707766
1020,1695,671724.784158359,4538469.65412214,671824.784158359,4538369.65412214,38,23,Fenerbahçe Mahallesi,FENERBAHCE,20571,1,4,1,0,0,1,0,3,29.0417560929541,40.9788759376503,0,0,0,213,157,0.2156026407796622,173.9248073012035
1021,1696,671724.784158359,4538369.65412214,671824.784158359,4538269.65412214,39,23,Fenerbahçe Mahallesi,FENERBAHCE,20571,1,3,0,0,0,0,0,2,29.0417283216529,40.9779756835078,0,0,0,213,160,0.0551880842877766,164.41504674302212
1022,1697,671724.784158359,4538269.65412214,671824.784158359,4538169.65412214,40,23,Fenerbahçe Mahallesi,FENERBAHCE,20571,1,1,0,0,0,0,0,3,29.0417005516091,40.9770754292088,0,0,0,213,163,0.0432799697614806,166.52731753556066
1023,1698,671724.784158359,4538169.65412214,671824.784158359,4538069.65412214,41,23,Fenerbahçe Mahallesi,FENERBAHCE,20571,2,4,0,0,0,0,0,3,29.0416727828228,40.9761751747532,0,0,0,213,157,0.0718162592756132,162.6375763531356
1024,1699,671724.784158359,4538069.65412214,671824.784158359,4537969.65412214,42,23,Fenerbahçe Mahallesi,FENERBAHCE,20571,2,5,0,2,0,0,0,2,29.0416450152938,40.975274920141,0,0,0,213,154,0.096148357721461,161.4034235445525
1025,1700,671724.784158359,4537969.65412214,671824.784158359,4537869.65412214,43,23,Fenerbahçe Mahallesi,FENERBAHCE,20571,2,6,0,2,0,0,0,3,29.041617249022,40.9743746653722,0,0,0,213,150,0.1020593227314998,157.6544492048625
1026,1701,671724.784158359,4537869.65412214,671824.784158359,4537769.65412214,44,23,Fenerbahçe Mahallesi,FENERBAHCE,20571,8,4,0,2,0,0,0,3,29.0415894840075,40.9734744104469,0,0,0,213,152,0.1200901781691017,161.12685354085173
1027,1702,671724.784158359,4537769.65412214,671824.784158359,4537669.65412214,45,23,Fenerbahçe Mahallesi,FENERBAHCE,20571,7,2,0,1,0,0,0,3,29.0415617202501,40.9725741553651,0,0,0,213,155,0.0981053175458775,162.6031621098055
1028,1703,671724.784158359,4537669.65412214,671824.784158359,4537569.65412214,46,23,Fenerbahçe Mahallesi,FENERBAHCE,20571,7,1,0,1,0,0,0,3,29.0415339577499,40.9716739001267,0,0,0,213,155,0.0895781922592796,161.94230990009416
1029,1704,671724.784158359,4537569.65412214,671824.784158359,4537469.65412214,47,23,Fenerbahçe Mahallesi,FENERBAHCE,20571,6,0,0,0,0,0,0,3,29.0415061965066,40.9707736447317,0,0,0,213,150,0.0573326477789685,154.29994858342263
1030,1705,671724.784158359,4537469.65412214,671824.784158359,4537369.65412214,48,23,Fenerbahçe Mahallesi,FENERBAHCE,20571,6,0,0,0,0,0,0,2,29.0414784365203,40.9698733891801,0,0,0,213,131,0.054663545345057,134.58046222010125
1035,1710,671724.784158359,4536969.65412214,671824.784158359,4536869.65412214,53,23,Fenerbahçe Mahallesi,FENERBAHCE,20571,0,0,0,0,0,0,0,0,29.0413931723682,40.9657521602665,1,0,0,213,11,0.0,11.0
1036,1766,671824.784158359,4538569.65412214,671924.784158359,4538469.65412214,37,24,Fenerbahçe Mahallesi,FENERBAHCE,20571,1,5,2,0,0,1,0,3,29.042971784293,40.9797551378631,0,0,0,213,132,0.2676791892963743,149.6668264935607
1037,1767,671824.784158359,4538469.65412214,671924.784158359,4538369.65412214,38,24,Fenerbahçe Mahallesi,FENERBAHCE,20571,1,4,1,0,0,1,0,2,29.0429439956034,40.9788548845409,0,0,0,213,162,0.2129335383457507,179.2476166060058
1038,1768,671824.784158359,4538369.65412214,671924.784158359,4538269.65412214,39,24,Fenerbahçe Mahallesi,FENERBAHCE,20571,2,4,0,0,0,0,0,2,29.0429162081721,40.9779546310622,0,0,0,213,161,0.0691471568417017,166.566346125757
1039,1769,671824.784158359,4538269.65412214,671924.784158359,4538169.65412214,40,24,Fenerbahçe Mahallesi,FENERBAHCE,20571,1,4,0,0,0,0,0,3,29.042888421999,40.9770543774269,0,0,0,213,152,0.0625500024064475,156.75380018289
1040,1770,671824.784158359,4538169.65412214,671924.784158359,4538069.65412214,41,24,Fenerbahçe Mahallesi,FENERBAHCE,20571,2,7,0,1,0,0,0,2,29.042860637084,40.976154123635,0,0,0,213,155,0.0936482391221452,162.25773853196625
1041,1771,671824.784158359,4538069.65412214,671924.784158359,4537969.65412214,42,24,Fenerbahçe Mahallesi,FENERBAHCE,20571,2,7,0,2,0,0,0,2,29.0428328534271,40.9752538696865,0,0,0,213,151,0.1021984493950707,158.71598292932782
1042,1772,671824.784158359,4537969.65412214,671924.784158359,4537869.65412214,43,24,Fenerbahçe Mahallesi,FENERBAHCE,20571,2,8,0,2,0,0,0,4,29.0428050710282,40.9743536155815,0,0,0,213,155,0.1094149021316705,163.47965491520446
1043,1773,671824.784158359,4537869.65412214,671924.784158359,4537769.65412214,44,24,Fenerbahçe Mahallesi,FENERBAHCE,20571,1,8,0,2,0,0,0,5,29.0427772898873,40.9734533613198,0,0,0,213,142,0.1018402171663287,149.2306554188093
1044,1774,671824.784158359,4537769.65412214,671924.784158359,4537669.65412214,45,24,Fenerbahçe Mahallesi,FENERBAHCE,20571,1,4,0,2,0,0,0,5,29.0427495100042,40.9725531069016,0,0,0,213,156,0.0894787822778924,162.9793450176756
1045,1775,671824.784158359,4537669.65412214,671924.784158359,4537569.65412214,46,24,Fenerbahçe Mahallesi,FENERBAHCE,20571,4,1,0,1,0,0,0,4,29.0427217313789,40.9716528523268,0,0,0,213,156,0.0809073273505144,162.31077153334013
1046,1776,671824.784158359,4537569.65412214,671924.784158359,4537469.65412214,47,24,Fenerbahçe Mahallesi,FENERBAHCE,20571,0,0,0,0,0,0,0,2,29.0426939540114,40.9707525975955,0,0,0,213,150,0.0101928796209596,150.76446597157198
1051,1781,671824.784158359,4537069.65412214,671924.784158359,4536969.65412214,52,24,Fenerbahçe Mahallesi,FENERBAHCE,20571,0,0,0,0,0,0,0,0,29.042468705847,40.9663415854899,0,0,0,213,3,0.0,3.0
1052,1782,671824.784158359,4536969.65412214,671924.784158359,4536869.65412214,53,24,Fenerbahçe Mahallesi,FENERBAHCE,20571,0,0,0,0,0,0,0,0,29.0420177600718,40.9657710333162,1,0,0,213,6,0.0,6.0
1053,1839,671924.784158359,4538469.65412214,672024.784158359,4538369.65412214,38,25,Fenerbahçe Mahallesi,FENERBAHCE,20571,1,3,1,0,0,1,0,3,29.0441318969944,40.9788338192003,0,0,0,213,158,0.2109098250949029,174.66187618249734
1054,1840,671924.784158359,4538369.65412214,672024.784158359,4538269.65412214,39,25,Fenerbahçe Mahallesi,FENERBAHCE,20571,1,3,0,0,0,0,0,3,29.0441040934331,40.9779335663858,0,0,0,213,158,0.0578571867216881,162.57071775101338
1055,1841,671924.784158359,4538269.65412214,672024.784158359,4538169.65412214,40,25,Fenerbahçe Mahallesi,FENERBAHCE,20571,2,4,0,1,0,0,0,5,29.0440762911307,40.9770333134146,0,0,0,213,157,0.0901948288741326,164.08029406661942
1056,1842,671924.784158359,4538169.65412214,672024.784158359,4538069.65412214,41,25,Fenerbahçe Mahallesi,FENERBAHCE,20571,2,8,0,2,0,0,0,2,29.0440484900871,40.9761330602868,0,0,0,213,151,0.1046754830080588,158.90299896710843
1057,1843,671924.784158359,4538069.65412214,672024.784158359,4537969.65412214,42,25,Fenerbahçe Mahallesi,FENERBAHCE,20571,2,8,0,3,0,0,0,5,29.0440206903024,40.9752328070024,0,0,0,213,156,0.1171729447675643,165.13948969187
1058,1844,671924.784158359,4537969.65412214,672024.784158359,4537869.65412214,43,25,Fenerbahçe Mahallesi,FENERBAHCE,20571,1,9,0,2,0,0,0,5,29.0439928917764,40.9743325535614,0,0,0,213,154,0.1040559992380999,162.0123119413337
1059,1845,671924.784158359,4537869.65412214,672024.784158359,4537769.65412214,44,25,Fenerbahçe Mahallesi,FENERBAHCE,20571,1,9,0,2,0,0,0,5,29.0439650945091,40.9734322999638,0,0,0,213,152,0.1040559992380999,159.9082559420956
1060,1846,671924.784158359,4537769.65412214,672024.784158359,4537669.65412214,45,25,Fenerbahçe Mahallesi,FENERBAHCE,20571,1,7,0,2,0,0,0,3,29.0439372985004,40.9725320462096,0,0,0,213,151,0.0956012949598165,158.21789776946613
1061,1847,671924.784158359,4537669.65412214,672024.784158359,4537569.65412214,46,25,Fenerbahçe Mahallesi,FENERBAHCE,20571,0,0,0,1,0,0,0,2,29.0439095037502,40.9716317922989,0,0,0,213,151,0.024809560625955,152.87312182725958
1062,1848,671924.784158359,4537569.65412214,672024.784158359,4537469.65412214,47,25,Fenerbahçe Mahallesi,FENERBAHCE,20571,0,0,0,0,0,0,0,2,29.0438817102585,40.9707315382315,0,0,0,213,118,0.0101928796209596,118.60137989763662
1063,1849,671924.784158359,4537469.65412214,672024.784158359,4537369.65412214,48,25,Fenerbahçe Mahallesi,FENERBAHCE,20571,0,0,0,0,0,0,0,2,29.0438539180253,40.9698312840075,0,0,0,213,83,0.0101928796209596,83.42300450426983
1066,1852,671924.784158359,4537169.65412214,672024.784158359,4537069.65412214,51,25,Fenerbahçe Mahallesi,FENERBAHCE,20571,0,0,0,0,0,0,0,0,29.0437163643462,40.9671767472071,0,0,0,213,9,0.0,9.0
1067,1853,671924.784158359,4537069.65412214,672024.784158359,4536969.65412214,52,25,Fenerbahçe Mahallesi,FENERBAHCE,20571,0,0,0,0,0,0,0,0,29.0433486749503,40.9665654325089,1,0,0,213,3,0.0,3.0
1068,1911,672024.784158359,4538469.65412214,672124.784158359,4538369.65412214,38,26,Fenerbahçe Mahallesi,FENERBAHCE,20571,1,4,0,0,0,0,1,2,29.0453197971264,40.9788127416285,0,0,0,213,156,0.1125518496433025,164.7790442721776
1069,1912,672024.784158359,4538369.65412214,672124.784158359,4538269.65412214,39,26,Fenerbahçe Mahallesi,FENERBAHCE,20571,1,3,1,1,0,0,0,2,29.0452919774351,40.9779124894785,0,0,0,213,156,0.1522754174378228,167.87748256015018
1070,1913,672024.784158359,4538269.65412214,672124.784158359,4538169.65412214,40,26,Fenerbahçe Mahallesi,FENERBAHCE,20571,1,5,1,1,0,0,0,2,29.0452641590035,40.9770122371718,0,0,0,213,152,0.1608025427244206,164.220993247056
1071,1914,672024.784158359,4538169.65412214,672124.784158359,4538069.65412214,41,26,Fenerbahçe Mahallesi,FENERBAHCE,20571,0,8,1,2,0,0,0,5,29.0452363418315,40.9761119847085,0,0,0,213,155,0.1684700985649777,168.05643263878576
1072,1915,672024.784158359,4538069.65412214,672124.784158359,4537969.65412214,42,26,Fenerbahçe Mahallesi,FENERBAHCE,20571,1,10,1,2,0,0,0,5,29.045208525919,40.9752117320886,0,0,0,213,155,0.1885310700816466,169.6111579313276
1073,1916,672024.784158359,4537969.65412214,672124.784158359,4537869.65412214,43,26,Fenerbahçe Mahallesi,FENERBAHCE,20571,1,10,0,3,0,0,0,5,29.045180711266,40.9743114793121,0,0,0,213,152,0.1121268886686656,160.52164353881858
1074,1917,672024.784158359,4537869.65412214,672124.784158359,4537769.65412214,44,26,Fenerbahçe Mahallesi,FENERBAHCE,20571,1,9,0,2,0,0,0,6,29.0451528978724,40.9734112263789,0,0,0,213,155,0.1054862029042843,163.17518072508204
1075,1918,672024.784158359,4537769.65412214,672124.784158359,4537669.65412214,45,26,Fenerbahçe Mahallesi,FENERBAHCE,20571,0,9,0,2,0,0,0,4,29.0451250857381,40.9725109732891,0,0,0,213,152,0.0865236565878741,158.57579790067842
1076,1919,672024.784158359,4537669.65412214,672124.784158359,4537569.65412214,46,26,Fenerbahçe Mahallesi,FENERBAHCE,20571,0,1,0,1,0,0,0,2,29.0450972748631,40.9716107200428,0,0,0,213,140,0.0393867775861625,142.75707443103138
1077,1920,672024.784158359,4537569.65412214,672124.784158359,4537469.65412214,47,26,Fenerbahçe Mahallesi,FENERBAHCE,20571,0,0,0,0,0,0,0,2,29.0450694652473,40.9707104666398,0,0,0,213,140,0.0101928796209596,140.71350157346717
1078,1921,672024.784158359,4537469.65412214,672124.784158359,4537369.65412214,48,26,Fenerbahçe Mahallesi,FENERBAHCE,20571,0,0,0,0,0,0,0,1,29.0450125633292,40.9698330538786,0,0,0,213,132,0.0064309910274356,132.42444540781074
1079,1922,672024.784158359,4537369.65412214,672124.784158359,4537269.65412214,49,26,Fenerbahçe Mahallesi,FENERBAHCE,20571,0,0,0,0,0,0,0,1,29.0447260323053,40.968956691304,0,0,0,213,55,0.0064309910274356,55.17685225325448
1080,1923,672024.784158359,4537269.65412214,672124.784158359,4537169.65412214,50,26,Fenerbahçe Mahallesi,FENERBAHCE,20571,0,0,0,0,0,0,0,0,29.0445915937398,40.968050099075,0,0,0,213,18,0.0,18.0
1081,1924,672024.784158359,4537169.65412214,672124.784158359,4537069.65412214,51,26,Fenerbahçe Mahallesi,FENERBAHCE,20571,0,0,0,0,0,0,0,0,29.0444762515188,40.9673989272396,1,0,0,213,18,0.0,18.0
1082,1993,672124.784158359,4537469.65412214,672224.784158359,4537369.65412214,48,27,Fenerbahçe Mahallesi,FENERBAHCE,20571,0,0,0,0,0,0,0,1,29.0462361428047,40.9699463326145,0,0,0,213,131,0.0064309910274356,131.42122991229704
1083,1992,672124.784158359,4537569.65412214,672224.784158359,4537469.65412214,47,27,Fenerbahçe Mahallesi,FENERBAHCE,20571,0,0,0,0,0,0,0,2,29.0462572189769,40.9706893828204,0,0,0,213,138,0.0101928796209596,138.70330869384622
1084,1991,672124.784158359,4537669.65412214,672224.784158359,4537569.65412214,46,27,Fenerbahçe Mahallesi,FENERBAHCE,20571,0,3,0,0,0,0,0,3,29.0462850447167,40.9715896355586,0,0,0,213,138,0.0420164159752863,140.89913270229476
1085,1990,672124.784158359,4537769.65412214,672224.784158359,4537669.65412214,45,27,Fenerbahçe Mahallesi,FENERBAHCE,20571,0,6,0,1,0,0,0,4,29.0463128717165,40.9724898881402,0,0,0,213,154,0.0704724015327068,159.4263749180184
1086,1989,672124.784158359,4537869.65412214,672224.784158359,4537769.65412214,44,27,Fenerbahçe Mahallesi,FENERBAHCE,20571,0,8,0,2,0,0,0,4,29.0463406999763,40.9733901405652,0,0,0,213,152,0.0843078745161029,158.40739846322384
1087,1988,672124.784158359,4537969.65412214,672224.784158359,4537869.65412214,43,27,Fenerbahçe Mahallesi,FENERBAHCE,20571,0,8,0,2,0,0,0,4,29.0463685294961,40.9742903928335,0,0,0,213,151,0.0843078745161029,157.36524452596578
1088,1987,672124.784158359,4538069.65412214,672224.784158359,4537969.65412214,42,27,Fenerbahçe Mahallesi,FENERBAHCE,20571,0,8,1,2,0,0,0,4,29.0463963602761,40.9751906449452,0,0,0,213,155,0.1667785266611537,167.9253358162394
1089,1986,672124.784158359,4538169.65412214,672224.784158359,4538069.65412214,41,27,Fenerbahçe Mahallesi,FENERBAHCE,20571,0,8,1,2,0,1,0,4,29.0464241923163,40.9760908969003,0,0,0,213,153,0.2373605128893176,171.1580792360328
1090,1985,672124.784158359,4538269.65412214,672224.784158359,4538169.65412214,40,27,Fenerbahçe Mahallesi,FENERBAHCE,20571,1,3,1,1,0,1,1,2,29.0464520256167,40.9769911486987,0,0,0,213,160,0.2755283533367533,182.04226826694023
1091,1984,672124.784158359,4538369.65412214,672224.784158359,4538269.65412214,39,27,Fenerbahçe Mahallesi,FENERBAHCE,20571,1,1,1,1,0,1,1,2,29.0464798601775,40.9778914003405,0,0,0,213,130,0.2609511363765457,146.9618238644755
1092,2202,672424.784158359,4538169.65412214,672524.784158359,4538069.65412214,41,30,Fenerbahçe Mahallesi,FENERBAHCE,20571,4,3,1,1,0,1,0,3,29.0499877362062,40.9760275600959,0,0,0,213,165,0.2464668659942367,185.3335164445245
1093,2203,672424.784158359,4538069.65412214,672524.784158359,4537969.65412214,42,30,Fenerbahçe Mahallesi,FENERBAHCE,20571,4,5,1,1,0,1,0,4,29.0499598557834,40.9751273101377,0,0,0,213,152,0.2570643079705346,171.53688740576064
1094,2204,672424.784158359,4537969.65412214,672524.784158359,4537869.65412214,43,30,Fenerbahçe Mahallesi,FENERBAHCE,20571,4,5,0,0,0,1,0,5,29.0499319766229,40.9742270600228,0,0,0,213,151,0.1616685467243124,163.2059752776856
1095,2205,672424.784158359,4537869.65412214,672524.784158359,4537769.65412214,44,30,Fenerbahçe Mahallesi,FENERBAHCE,20571,0,2,0,0,0,0,0,4,29.0499040987247,40.9733268097512,0,0,0,213,153,0.0380366409913767,155.90980303584033
1096,2206,672424.784158359,4537769.65412214,672524.784158359,4537669.65412214,45,30,Fenerbahçe Mahallesi,FENERBAHCE,20571,0,3,0,0,0,0,0,1,29.0498762220888,40.972426559323,0,0,0,213,149,0.0355854249478506,151.6511141586149
1097,2207,672424.784158359,4537669.65412214,672524.784158359,4537569.65412214,46,30,Fenerbahçe Mahallesi,FENERBAHCE,20571,0,2,0,0,0,0,0,1,29.0498483467151,40.971526308738,0,0,0,213,137,0.029535333274241,139.0231703292855
1098,2208,672424.784158359,4537569.65412214,672524.784158359,4537469.65412214,47,30,Fenerbahçe Mahallesi,FENERBAHCE,20571,0,2,0,0,0,0,0,2,29.0498204726035,40.9706260579964,0,0,0,213,137,0.033297221867765,139.2808596979419
1099,2065,672224.784158359,4537469.65412214,672324.784158359,4537369.65412214,48,28,Fenerbahçe Mahallesi,FENERBAHCE,20571,0,0,0,0,0,0,0,0,29.0474488924203,40.9698483129736,0,0,0,213,127,0.0,127.0
1100,2064,672224.784158359,4537569.65412214,672324.784158359,4537469.65412214,47,28,Fenerbahçe Mahallesi,FENERBAHCE,20571,0,0,0,0,0,0,0,1,29.0474449714466,40.9706682867733,0,0,0,213,142,0.0064309910274356,142.45660036294794
1101,2063,672224.784158359,4537669.65412214,672324.784158359,4537569.65412214,46,28,Fenerbahçe Mahallesi,FENERBAHCE,20571,0,2,0,0,0,0,0,4,29.0474728133104,40.9715685388464,0,0,0,213,142,0.0380366409913767,144.70060151038774
1102,2062,672224.784158359,4537769.65412214,672324.784158359,4537669.65412214,45,28,Fenerbahçe Mahallesi,FENERBAHCE,20571,0,4,0,0,0,0,0,5,29.0475006564349,40.9724687907628,0,0,0,213,149,0.0504711202535697,152.76009845889095
1103,2061,672224.784158359,4537869.65412214,672324.784158359,4537769.65412214,44,28,Fenerbahçe Mahallesi,FENERBAHCE,20571,0,6,0,1,0,0,0,3,29.0475285008201,40.9733690425226,0,0,0,213,128,0.0684020848430067,132.37773342995243
1104,2060,672224.784158359,4537969.65412214,672324.784158359,4537869.65412214,43,28,Fenerbahçe Mahallesi,FENERBAHCE,20571,0,7,1,2,0,0,0,4,29.0475563464662,40.9742692941257,0,0,0,213,155,0.1643014930481656,167.73336571123284
1105,2059,672224.784158359,4538069.65412214,672324.784158359,4537969.65412214,42,28,Fenerbahçe Mahallesi,FENERBAHCE,20571,4,9,1,2,0,1,0,4,29.047584193373,40.9751695455722,0,0,0,213,154,0.2763574256018292,175.27952177134085
1106,2058,672224.784158359,4538169.65412214,672324.784158359,4538069.65412214,41,28,Fenerbahçe Mahallesi,FENERBAHCE,20571,4,9,1,1,0,1,0,5,29.0476120415408,40.976069796862,0,0,0,213,165,0.2694987872327277,187.2336499467
1107,2057,672224.784158359,4538269.65412214,672324.784158359,4538169.65412214,40,28,Fenerbahçe Mahallesi,FENERBAHCE,20571,4,2,1,1,0,1,1,4,29.0476398909696,40.9769700479952,0,0,0,213,160,0.2951580406810937,183.61264325448752
1108,2130,672324.784158359,4538169.65412214,672424.784158359,4538069.65412214,41,29,Fenerbahçe Mahallesi,FENERBAHCE,20571,4,4,1,1,0,1,0,4,29.0487998895044,40.9760486845939,0,0,0,213,166,0.2532299983686961,187.0180898646018
1109,2131,672324.784158359,4538069.65412214,672424.784158359,4537969.65412214,42,29,Fenerbahçe Mahallesi,FENERBAHCE,20571,4,5,1,1,0,1,0,4,29.048772025209,40.9751484339697,0,0,0,213,156,0.2570643079705346,176.05101602170168
1110,2132,672324.784158359,4537969.65412214,672424.784158359,4537869.65412214,43,29,Fenerbahçe Mahallesi,FENERBAHCE,20571,4,5,1,1,0,1,0,5,29.0487441621753,40.9742481831888,0,0,0,213,154,0.2587558798743586,173.9242027503256
1111,2133,672324.784158359,4537869.65412214,672424.784158359,4537769.65412214,44,29,Fenerbahçe Mahallesi,FENERBAHCE,20571,0,3,0,0,0,0,0,4,29.0487163004032,40.9733479322513,0,0,0,213,154,0.0440867326649863,157.39467841520397
1112,2134,672324.784158359,4537769.65412214,672424.784158359,4537669.65412214,45,29,Fenerbahçe Mahallesi,FENERBAHCE,20571,0,3,0,0,0,0,0,3,29.0486884398926,40.9724476811571,0,0,0,213,152,0.0420164159752863,155.1932476141218
1113,2135,672324.784158359,4537669.65412214,672424.784158359,4537569.65412214,46,29,Fenerbahçe Mahallesi,FENERBAHCE,20571,0,2,0,0,0,0,0,1,29.0486605806435,40.9715474299062,0,0,0,213,137,0.029535333274241,139.0231703292855
1114,2136,672324.784158359,4537569.65412214,672424.784158359,4537469.65412214,47,29,Fenerbahçe Mahallesi,FENERBAHCE,20571,0,0,0,0,0,0,0,1,29.0486327226557,40.9706471784987,0,0,0,213,137,0.0064309910274356,137.44052288537935
1115,2137,672324.784158359,4537469.65412214,672424.784158359,4537369.65412214,48,29,Fenerbahçe Mahallesi,FENERBAHCE,20571,0,0,0,0,0,0,0,0,29.0486091541367,40.9697505227045,0,0,0,213,32,0.0,32.0
1116,2138,672324.784158359,4537369.65412214,672424.784158359,4537269.65412214,49,29,Fenerbahçe Mahallesi,FENERBAHCE,20571,0,0,0,0,0,0,0,0,29.0489235939578,40.9692115847984,1,0,0,213,50,0.0,50.0
1117,2279,672524.784158359,4537669.65412214,672624.784158359,4537569.65412214,46,31,Fenerbahçe Mahallesi,FENERBAHCE,20571,0,2,0,0,0,0,0,2,29.0510361115246,40.971505175342,0,0,0,213,151,0.033297221867765,153.5139402510163
1118,2278,672524.784158359,4537769.65412214,672624.784158359,4537669.65412214,45,31,Fenerbahçe Mahallesi,FENERBAHCE,20571,0,2,0,0,0,0,0,1,29.0510640030229,40.9724054252606,0,0,0,213,151,0.029535333274241,153.2299176622052
1119,2277,672524.784158359,4537869.65412214,672624.784158359,4537769.65412214,44,31,Fenerbahçe Mahallesi,FENERBAHCE,20571,0,6,0,0,0,0,0,2,29.051091895784,40.9733056750225,0,0,0,213,154,0.0511163014040998,157.9359552081157
1120,2276,672524.784158359,4537969.65412214,672624.784158359,4537869.65412214,43,31,Fenerbahçe Mahallesi,FENERBAHCE,20571,4,6,0,0,0,0,0,3,29.0511197898082,40.9742059246277,0,0,0,213,118,0.0905665344787517,123.34342553424636
1121,2275,672524.784158359,4538069.65412214,672624.784158359,4537969.65412214,42,31,Fenerbahçe Mahallesi,FENERBAHCE,20571,4,5,0,0,0,1,0,2,29.0511476850954,40.9751061740762,0,0,0,213,148,0.1552375556968768,159.4875791215689
1122,2350,672624.784158359,4537769.65412214,672724.784158359,4537669.65412214,45,32,Fenerbahçe Mahallesi,FENERBAHCE,20571,0,5,0,0,0,0,0,2,29.052251782694,40.9723842789699,0,0,0,213,152,0.0478744388279726,155.63845735092593
1123,2349,672624.784158359,4537869.65412214,672724.784158359,4537769.65412214,44,32,Fenerbahçe Mahallesi,FENERBAHCE,20571,0,8,0,0,0,0,0,3,29.0522796915803,40.9732845280651,0,0,0,213,154,0.059070666548482,158.5484413242331
1124,2348,672624.784158359,4537969.65412214,672724.784158359,4537869.65412214,43,32,Fenerbahçe Mahallesi,FENERBAHCE,20571,3,7,0,0,0,0,0,4,29.0523076017304,40.9741847770035,0,0,0,213,150,0.0903454911179976,156.77591183384982
1125,2347,672624.784158359,4538069.65412214,672724.784158359,4537969.65412214,42,32,Fenerbahçe Mahallesi,FENERBAHCE,20571,4,8,0,0,0,0,0,3,29.0523355131442,40.9750850257853,0,0,0,213,146,0.0958517971892223,152.99718119481324
1126,2423,672724.784158359,4537669.65412214,672824.784158359,4537569.65412214,46,33,Fenerbahçe Mahallesi,FENERBAHCE,20571,0,3,1,1,0,0,0,3,29.0534116373544,40.9714628718662,0,0,0,213,153,0.1391037491253325,163.64143680808792
1127,2422,672724.784158359,4537769.65412214,672824.784158359,4537669.65412214,45,33,Fenerbahçe Mahallesi,FENERBAHCE,20571,0,8,0,1,0,0,0,3,29.0534395611015,40.972363120451,0,0,0,213,152,0.0736873475534773,157.60023841406428
1128,2421,672724.784158359,4537869.65412214,672824.784158359,4537769.65412214,44,33,Fenerbahçe Mahallesi,FENERBAHCE,20571,0,8,0,1,0,0,0,2,29.0534674861129,40.9732633688791,0,0,0,213,154,0.0710182451195657,159.46840487420658
1129,2420,672724.784158359,4537969.65412214,672824.784158359,4537869.65412214,43,33,Fenerbahçe Mahallesi,FENERBAHCE,20571,0,7,0,1,0,0,0,2,29.0534954123888,40.9741636171504,0,0,0,213,145,0.0685412115065776,149.9692378342269
1130,2493,672824.784158359,4537869.65412214,672924.784158359,4537769.65412214,44,34,Fenerbahçe Mahallesi,FENERBAHCE,20571,0,7,0,4,1,0,0,1,29.0546552793811,40.9732421974645,0,0,0,213,152,0.4063995608702673,182.8863666261403
1131,2492,672824.784158359,4537969.65412214,672924.784158359,4537869.65412214,43,34,Fenerbahçe Mahallesi,FENERBAHCE,20571,0,7,0,3,0,0,0,1,29.0546832217827,40.9741424450683,0,0,0,213,148,0.0793960039180488,153.87530428993563
1132,4516,675624.784158359,4537169.65412214,675724.784158359,4537069.65412214,51,62,Kozyatağı Mahallesi,KOZYATAGI,36873,0,7,0,1,0,0,1,3,29.0877142532819,40.9663428275022,0,0,0,152,288,0.1238812636112558,305.83890196002085
1133,4590,675724.784158359,4536969.65412214,675824.784158359,4536869.65412214,53,63,Kozyatağı Mahallesi,KOZYATAGI,36873,0,8,0,2,0,0,0,4,29.088845098539,40.9645208473951,0,0,0,152,255,0.0843078745161029,265.74925400080315
1134,4589,675724.784158359,4537069.65412214,675824.784158359,4536969.65412214,52,63,Kozyatağı Mahallesi,KOZYATAGI,36873,0,9,0,1,0,0,1,5,29.0888734969854,40.9654210768889,0,0,0,152,271,0.1323359678895392,288.93152364903256
1135,4588,675724.784158359,4537169.65412214,675824.784158359,4537069.65412214,51,63,Kozyatağı Mahallesi,KOZYATAGI,36873,0,7,0,1,0,0,1,3,29.0889018967175,40.9663213062255,0,0,0,152,288,0.1238812636112558,305.83890196002085
1136,4587,675724.784158359,4537269.65412214,675824.784158359,4537169.65412214,50,63,Kozyatağı Mahallesi,KOZYATAGI,36873,0,6,0,0,0,0,1,4,29.0889302977355,40.9672215354047,0,0,0,152,282,0.1085266701984781,297.3022604979854
1137,4586,675724.784158359,4537369.65412214,675824.784158359,4537269.65412214,49,63,Kozyatağı Mahallesi,KOZYATAGI,36873,0,5,0,0,0,0,1,4,29.0889587000394,40.9681217644267,0,1,0,152,284,0.1052848076223508,298.9504426823738
1138,4661,675824.784158359,4537069.65412214,675924.784158359,4536969.65412214,52,64,Kozyatağı Mahallesi,KOZYATAGI,36873,0,8,0,1,0,0,0,4,29.0900611230172,40.9653995440663,0,0,0,152,228,0.0757576642431774,236.63637372372224
1139,4660,675824.784158359,4537169.65412214,675924.784158359,4537069.65412214,51,64,Kozyatağı Mahallesi,KOZYATAGI,36873,0,5,0,0,0,0,1,3,29.0900895388673,40.966299772724,0,0,0,152,279,0.1032144909326508,293.3984214851048
1140,4659,675824.784158359,4537269.65412214,675924.784158359,4537169.65412214,50,64,Kozyatağı Mahallesi,KOZYATAGI,36873,0,2,0,1,0,0,1,4,29.090117956004,40.9672000012243,0,1,0,152,295,0.1053242716671386,310.53533007090294
1141,4658,675824.784158359,4537369.65412214,675924.784158359,4537269.65412214,49,64,Kozyatağı Mahallesi,KOZYATAGI,36873,0,1,0,1,0,0,0,2,29.0901463744273,40.9681002295673,0,1,0,152,295,0.0393867775861625,300.80954969395896
1142,4657,675824.784158359,4537469.65412214,675924.784158359,4537369.65412214,48,64,Kozyatağı Mahallesi,KOZYATAGI,36873,0,0,0,1,0,0,0,2,29.0901747941374,40.969000457753,0,1,0,152,298,0.024809560625955,301.69662453326725
1143,4656,675824.784158359,4537569.65412214,675924.784158359,4537469.65412214,47,64,Kozyatağı Mahallesi,KOZYATAGI,36873,0,0,0,0,0,0,0,3,29.0902032151342,40.9699006857815,0,1,0,152,299,0.0128619820548712,300.9228663172033
1144,4662,675824.784158359,4536969.65412214,675924.784158359,4536869.65412214,53,64,Kozyatağı Mahallesi,KOZYATAGI,36873,0,7,0,2,0,0,0,2,29.0900327084535,40.9644993152514,0,0,0,152,254,0.0770914217795031,263.7906105659969
1145,4663,675824.784158359,4536869.65412214,675924.784158359,4536769.65412214,54,64,Kozyatağı Mahallesi,KOZYATAGI,36873,0,6,0,2,0,0,0,2,29.0900042951764,40.9635990862792,0,0,0,152,208,0.0742831926820207,215.72545203893017
1146,4736,675924.784158359,4536769.65412214,676024.784158359,4536669.65412214,55,65,Kozyatağı Mahallesi,KOZYATAGI,36873,0,5,0,2,0,0,0,3,29.0911634595815,40.9626773141407,0,0,0,152,249,0.073710432539805,258.17694885120574
1147,4735,675924.784158359,4536869.65412214,676024.784158359,4536769.65412214,54,65,Kozyatağı Mahallesi,KOZYATAGI,36873,0,6,0,2,0,0,0,2,29.091191887688,40.9635775425909,0,0,0,152,255,0.0742831926820207,264.47110706695764
1148,4734,675924.784158359,4536969.65412214,676024.784158359,4536869.65412214,53,65,Kozyatağı Mahallesi,KOZYATAGI,36873,0,6,0,1,0,0,0,2,29.0912203170817,40.9644777708838,0,0,0,152,260,0.0657329824090952,268.54528771318235
1149,4733,675924.784158359,4537069.65412214,676024.784158359,4536969.65412214,52,65,Kozyatağı Mahallesi,KOZYATAGI,36873,0,6,0,1,0,0,0,2,29.0912487477625,40.9653779990194,0,0,0,152,273,0.0657329824090952,281.9725520988415
1150,4732,675924.784158359,4537169.65412214,676024.784158359,4537069.65412214,51,65,Kozyatağı Mahallesi,KOZYATAGI,36873,0,2,0,1,0,0,0,0,29.0912771797305,40.9662782269977,0,0,0,152,277,0.0377210232518007,282.2243617203744
1151,4731,675924.784158359,4537269.65412214,676024.784158359,4537169.65412214,50,65,Kozyatağı Mahallesi,KOZYATAGI,36873,0,0,0,1,0,0,0,1,29.0913056129858,40.9671784548187,0,1,0,152,282,0.0210476720324309,284.9677217565728
1152,4730,675924.784158359,4537369.65412214,676024.784158359,4537269.65412214,49,65,Kozyatağı Mahallesi,KOZYATAGI,36873,0,0,0,1,0,0,0,2,29.0913340475285,40.9680786824824,0,1,0,152,260,0.024809560625955,263.22524288137413
1153,4729,675924.784158359,4537469.65412214,676024.784158359,4537369.65412214,48,65,Kozyatağı Mahallesi,KOZYATAGI,36873,0,0,0,1,0,0,0,1,29.0913624833587,40.9689789099888,0,1,0,152,95,0.0210476720324309,95.99976442154046
1154,4728,675924.784158359,4537569.65412214,676024.784158359,4537469.65412214,47,65,Kozyatağı Mahallesi,KOZYATAGI,36873,0,0,0,1,0,0,0,2,29.0913909204763,40.9698791373379,0,1,1,152,252,0.024809560625955,255.1260046388703
1155,4727,675924.784158359,4537669.65412214,676024.784158359,4537569.65412214,46,65,Kozyatağı Mahallesi,KOZYATAGI,36873,0,0,0,0,0,0,0,2,29.0914193588815,40.9707793645296,0,1,0,152,252,0.0101928796209596,253.2843028322409
1156,4726,675924.784158359,4537769.65412214,676024.784158359,4537669.65412214,45,65,Kozyatağı Mahallesi,KOZYATAGI,36873,0,0,0,0,0,0,0,4,29.0914477985743,40.971679591564,0,1,0,152,277,0.0149322987445713,279.06812337612314
1157,4809,676024.784158359,4536669.65412214,676124.784158359,4536569.65412214,56,66,Kozyatağı Mahallesi,KOZYATAGI,36873,0,7,0,2,0,1,1,4,29.092322591756,40.9617555309805,0,0,0,152,243,0.2050837768020453,267.9176788814485
1158,4808,676024.784158359,4536769.65412214,676124.784158359,4536669.65412214,55,66,Kozyatağı Mahallesi,KOZYATAGI,36873,0,6,0,2,0,0,1,5,29.0923510346904,40.9626557589084,0,0,0,152,252,0.1333851333802229,268.8065268059081
1159,4807,676024.784158359,4536869.65412214,676124.784158359,4536769.65412214,54,66,Kozyatağı Mahallesi,KOZYATAGI,36873,0,5,0,1,0,0,0,2,29.0923794789126,40.963555986679,0,0,0,152,255,0.0624911198329679,262.9676177787034
1160,4806,676024.784158359,4536969.65412214,676124.784158359,4536869.65412214,53,66,Kozyatağı Mahallesi,KOZYATAGI,36873,0,5,0,1,0,0,0,2,29.0924079244226,40.9644562142923,0,0,0,152,258,0.0624911198329679,266.06135445845285
1161,4805,676024.784158359,4537069.65412214,676124.784158359,4536969.65412214,52,66,Kozyatağı Mahallesi,KOZYATAGI,36873,0,1,0,0,0,0,0,0,29.0924363712205,40.9653564417482,0,0,0,152,274,0.0145772169602075,275.99707872354844
1162,4804,676024.784158359,4537169.65412214,676124.784158359,4537069.65412214,51,66,Kozyatağı Mahallesi,KOZYATAGI,36873,0,0,0,1,0,0,0,0,29.0924648193064,40.9662566690468,0,0,0,152,274,0.0146166810049953,276.0024852976844
1163,4803,676024.784158359,4537269.65412214,676124.784158359,4537169.65412214,50,66,Kozyatağı Mahallesi,KOZYATAGI,36873,0,0,0,1,0,0,0,0,29.0924932686803,40.9671568961881,0,1,0,152,279,0.0146166810049953,281.0390270001968
1164,4802,676024.784158359,4537369.65412214,676124.784158359,4537269.65412214,49,66,Kozyatağı Mahallesi,KOZYATAGI,36873,0,0,0,1,0,0,0,0,29.0925217193423,40.9680571231721,0,1,0,152,257,0.0146166810049953,258.8782435091419
1165,4801,676024.784158359,4537469.65412214,676124.784158359,4537369.65412214,48,66,Kozyatağı Mahallesi,KOZYATAGI,36873,0,0,0,1,0,0,0,1,29.0925501712925,40.9689573499987,0,1,0,152,156,0.0210476720324309,157.6417184185296
1166,4800,676024.784158359,4537569.65412214,676124.784158359,4537469.65412214,47,66,Kozyatağı Mahallesi,KOZYATAGI,36873,0,0,0,1,0,0,0,2,29.0925786245309,40.969857576668,0,1,0,152,172,0.024809560625955,174.13362221383213
1167,4799,676024.784158359,4537669.65412214,676124.784158359,4537569.65412214,46,66,Kozyatağı Mahallesi,KOZYATAGI,36873,0,0,0,1,0,0,0,1,29.0926070790576,40.97075780318,0,1,0,152,172,0.0210476720324309,173.81009979478904
1168,4798,676024.784158359,4537769.65412214,676124.784158359,4537669.65412214,45,66,Kozyatağı Mahallesi,KOZYATAGI,36873,0,0,0,0,0,0,0,2,29.0926355348726,40.9716580295346,0,1,0,152,181,0.0101928796209596,181.92245560569685
1169,4797,676024.784158359,4537869.65412214,676124.784158359,4537769.65412214,44,66,Kozyatağı Mahallesi,KOZYATAGI,36873,0,0,0,1,0,0,0,5,29.0926639919761,40.9725582557319,0,0,0,152,238,0.0312405516533906,241.71762564675348
1170,4796,676024.784158359,4537969.65412214,676124.784158359,4537869.65412214,43,66,Kozyatağı Mahallesi,KOZYATAGI,36873,0,0,0,2,0,0,0,4,29.0926924503681,40.9734584817719,0,0,0,152,280,0.0380991900224921,285.3338866031489
1171,4868,676124.784158359,4537969.65412214,676224.784158359,4537869.65412214,43,67,Kozyatağı Mahallesi,KOZYATAGI,36873,1,0,0,3,0,0,0,6,29.0938802176244,40.973436906155,0,0,0,152,274,0.0631282070709721,282.6485643687232
1172,4869,676124.784158359,4537869.65412214,676224.784158359,4537769.65412214,44,67,Kozyatağı Mahallesi,KOZYATAGI,36873,1,0,0,1,0,0,0,5,29.0938517431088,40.9725366807953,0,0,0,152,291,0.0470813223997924,297.8503324091698
1173,4870,676124.784158359,4537769.65412214,676224.784158359,4537669.65412214,45,67,Kozyatağı Mahallesi,KOZYATAGI,36873,1,0,0,0,0,0,0,4,29.0938232698825,40.9716364552782,0,0,0,152,276,0.0307730694909731,280.2466835897543
1174,4871,676124.784158359,4537669.65412214,676224.784158359,4537569.65412214,46,67,Kozyatağı Mahallesi,KOZYATAGI,36873,1,0,0,1,0,0,0,3,29.0937947979453,40.9707362296038,0,1,0,152,269,0.0433194338062684,274.8264638469431
1175,4872,676124.784158359,4537569.65412214,676224.784158359,4537469.65412214,47,67,Kozyatağı Mahallesi,KOZYATAGI,36873,0,0,0,1,0,0,0,0,29.0937663272971,40.969836003772,0,1,0,152,269,0.0146166810049953,270.96594359517184
1176,4873,676124.784158359,4537469.65412214,676224.784158359,4537369.65412214,48,67,Kozyatağı Mahallesi,KOZYATAGI,36873,0,0,0,1,0,0,0,0,29.0937378579381,40.9689357777828,0,1,0,152,235,0.0146166810049953,236.7174600180869
1177,4874,676124.784158359,4537369.65412214,676224.784158359,4537269.65412214,49,67,Kozyatağı Mahallesi,KOZYATAGI,36873,0,0,0,1,0,0,0,0,29.0937093898679,40.9680355516363,0,1,0,152,257,0.0146166810049953,258.8782435091419
1178,4875,676124.784158359,4537269.65412214,676224.784158359,4537169.65412214,50,67,Kozyatağı Mahallesi,KOZYATAGI,36873,0,0,0,1,0,0,0,0,29.0936809230867,40.9671353253325,0,0,0,152,279,0.0146166810049953,281.0390270001968
1179,4876,676124.784158359,4537169.65412214,676224.784158359,4537069.65412214,51,67,Kozyatağı Mahallesi,KOZYATAGI,36873,0,0,0,1,0,0,0,0,29.0936524575943,40.9662350988713,0,0,0,152,279,0.0146166810049953,281.0390270001968
1180,4877,676124.784158359,4537069.65412214,676224.784158359,4536969.65412214,52,67,Kozyatağı Mahallesi,KOZYATAGI,36873,0,0,0,1,0,0,0,0,29.0936239933906,40.9653348722528,0,0,0,152,276,0.0146166810049953,278.01710197868937
1181,4878,676124.784158359,4536969.65412214,676224.784158359,4536869.65412214,53,67,Kozyatağı Mahallesi,KOZYATAGI,36873,0,0,0,1,0,0,0,0,29.0935955304757,40.9644346454769,0,0,0,152,260,0.0146166810049953,261.9001685306494
1182,4879,676124.784158359,4536869.65412214,676224.784158359,4536769.65412214,54,67,Kozyatağı Mahallesi,KOZYATAGI,36873,0,1,0,1,0,0,0,0,29.0935670688493,40.9635344185437,0,0,0,152,257,0.0291938979652028,260.7514158885286
1183,4880,676124.784158359,4536769.65412214,676224.784158359,4536669.65412214,55,67,Kozyatağı Mahallesi,KOZYATAGI,36873,0,4,0,2,0,0,1,2,29.0935386085115,40.9626341914531,0,0,0,152,254,0.1198779701748215,269.2245022122024
1184,4881,676124.784158359,4536669.65412214,676224.784158359,4536569.65412214,56,67,Kozyatağı Mahallesi,KOZYATAGI,36873,0,5,0,3,0,1,1,3,29.0935101494622,40.9617339642052,0,0,0,152,246,0.2030298391708053,270.97267021800906
1185,4882,676124.784158359,4536569.65412214,676224.784158359,4536469.65412214,57,67,Kozyatağı Mahallesi,KOZYATAGI,36873,2,6,0,2,0,1,1,3,29.0934816917014,40.9608337368,0,0,0,152,137,0.2253122586304304,152.4338897161845
1186,4953,676224.784158359,4536669.65412214,676324.784158359,4536569.65412214,56,68,Kozyatağı Mahallesi,KOZYATAGI,36873,2,5,0,2,0,0,1,3,29.0946977058801,40.9617123852072,0,0,0,152,254,0.1514884098261392,273.2390280479197
1187,4952,676224.784158359,4536769.65412214,676324.784158359,4536669.65412214,55,68,Kozyatağı Mahallesi,KOZYATAGI,36873,0,5,0,1,0,0,1,2,29.0947261810442,40.9626126117747,0,0,0,152,255,0.1151620695037345,269.68316386172614
1188,4951,676224.784158359,4536869.65412214,676324.784158359,4536769.65412214,54,68,Kozyatağı Mahallesi,KOZYATAGI,36873,0,0,0,1,0,0,0,0,29.0947546574975,40.9635128381849,0,0,0,152,258,0.0146166810049953,259.8855518496444
1189,4950,676224.784158359,4536969.65412214,676324.784158359,4536869.65412214,53,68,Kozyatağı Mahallesi,KOZYATAGI,36873,0,0,0,1,0,0,0,0,29.0947831352401,40.9644130644377,0,0,0,152,269,0.0146166810049953,270.96594359517184
1190,4949,676224.784158359,4537069.65412214,676324.784158359,4536969.65412214,52,68,Kozyatağı Mahallesi,KOZYATAGI,36873,0,0,0,1,0,0,0,0,29.094811614272,40.9653132905331,0,0,0,152,280,0.0146166810049953,282.04633534069933
1191,5024,676324.784158359,4536769.65412214,676424.784158359,4536669.65412214,55,69,Kozyatağı Mahallesi,KOZYATAGI,36873,0,1,0,3,0,0,1,2,29.0959137522876,40.9625910198733,0,0,0,152,255,0.1066744082619244,268.6009870533954
1192,5023,676324.784158359,4536869.65412214,676424.784158359,4536769.65412214,54,69,Kozyatağı Mahallesi,KOZYATAGI,36873,0,0,0,2,0,0,0,0,29.0959422448564,40.9634912456027,0,0,0,152,255,0.0231668912779208,257.9537786379349
1193,5022,676324.784158359,4536969.65412214,676424.784158359,4536869.65412214,53,69,Kozyatağı Mahallesi,KOZYATAGI,36873,0,0,0,2,0,0,0,0,29.0959707387152,40.9643914711747,0,0,0,152,273,0.0231668912779208,276.16228065943614
1194,5021,676324.784158359,4537069.65412214,676424.784158359,4536969.65412214,52,69,Kozyatağı Mahallesi,KOZYATAGI,36873,0,0,0,1,0,0,0,0,29.095999233864,40.9652916965893,0,0,0,152,284,0.0146166810049953,286.07556870270935
1195,5020,676324.784158359,4537169.65412214,676424.784158359,4537069.65412214,51,69,Kozyatağı Mahallesi,KOZYATAGI,36873,0,0,0,1,0,0,0,0,29.096027730303,40.9661919218465,0,0,0,152,287,0.0146166810049953,289.0974937242168
1196,4948,676224.784158359,4537169.65412214,676324.784158359,4537069.65412214,51,68,Kozyatağı Mahallesi,KOZYATAGI,36873,0,0,0,2,0,0,0,0,29.0948400945934,40.9662135164712,0,0,0,152,284,0.0231668912779208,287.2896985614647
1197,4947,676224.784158359,4537269.65412214,676324.784158359,4537169.65412214,50,68,Kozyatağı Mahallesi,KOZYATAGI,36873,0,0,0,1,0,0,0,0,29.0948685762043,40.9671137422519,0,0,0,152,268,0.0146166810049953,269.9586352546694
1198,5019,676324.784158359,4537269.65412214,676424.784158359,4537169.65412214,50,69,Kozyatağı Mahallesi,KOZYATAGI,36873,0,0,0,1,0,0,0,0,29.0960562280323,40.9670921469463,0,0,0,152,271,0.0146166810049953,272.98056027617685
1199,5018,676324.784158359,4537369.65412214,676424.784158359,4537269.65412214,49,69,Kozyatağı Mahallesi,KOZYATAGI,36873,0,0,0,1,0,0,0,0,29.0960847270518,40.9679923718888,0,0,0,152,274,0.0146166810049953,276.0024852976844
1200,4946,676224.784158359,4537369.65412214,676324.784158359,4537269.65412214,49,68,Kozyatağı Mahallesi,KOZYATAGI,36873,0,0,0,1,0,0,0,0,29.0948970591047,40.9680139678752,0,0,0,152,266,0.0146166810049953,267.9440185736644
1201,5017,676324.784158359,4537469.65412214,676424.784158359,4537369.65412214,48,69,Kozyatağı Mahallesi,KOZYATAGI,36873,0,0,0,2,0,0,0,0,29.0961132273616,40.9688925966739,0,0,0,152,274,0.0231668912779208,277.1738641050751
1202,4945,676224.784158359,4537469.65412214,676324.784158359,4537369.65412214,48,68,Kozyatağı Mahallesi,KOZYATAGI,36873,0,0,0,1,0,0,0,0,29.0949255432947,40.9689141933412,0,1,0,152,265,0.0146166810049953,266.9367102331619
1203,4944,676224.784158359,4537569.65412214,676324.784158359,4537469.65412214,47,68,Kozyatağı Mahallesi,KOZYATAGI,36873,9,0,0,2,0,0,0,1,29.0949540287744,40.9698144186498,0,1,0,152,274,0.0822197836924985,285.26411036587234
1204,5016,676324.784158359,4537569.65412214,676424.784158359,4537469.65412214,47,69,Kozyatağı Mahallesi,KOZYATAGI,36873,10,1,0,1,0,0,0,2,29.0961417289619,40.9697928213016,0,0,0,152,284,0.0941868407698498,297.3745313893187
1205,4943,676224.784158359,4537669.65412214,676324.784158359,4537569.65412214,46,68,Kozyatağı Mahallesi,KOZYATAGI,36873,10,0,0,1,0,0,0,2,29.0949825155439,40.9707146438011,0,0,0,152,274,0.0796096238096423,284.906518461921
1206,5015,676324.784158359,4537669.65412214,676424.784158359,4537569.65412214,46,69,Kozyatağı Mahallesi,KOZYATAGI,36873,10,1,0,2,0,0,0,2,29.0961702318527,40.9706930457719,0,0,0,152,284,0.1027370510427753,298.58866124807406
1207,5014,676324.784158359,4537769.65412214,676424.784158359,4537669.65412214,45,69,Kozyatağı Mahallesi,KOZYATAGI,36873,10,1,0,2,0,0,0,2,29.096198736034,40.9715932700848,0,0,0,152,279,0.1027370510427753,293.3318186204671
1208,4942,676224.784158359,4537769.65412214,676324.784158359,4537669.65412214,45,68,Kozyatağı Mahallesi,KOZYATAGI,36873,10,0,0,2,0,0,0,4,29.0950110036032,40.9716148687949,0,0,0,152,288,0.0928992532061794,301.3774924616899
1209,5013,676324.784158359,4537869.65412214,676424.784158359,4537769.65412214,44,69,Kozyatağı Mahallesi,KOZYATAGI,36873,10,4,0,2,0,0,0,2,29.0962272415059,40.9724934942403,0,0,0,152,137,0.1220070836877422,145.35748523261034
1210,4941,676224.784158359,4537869.65412214,676324.784158359,4537769.65412214,44,68,Kozyatağı Mahallesi,KOZYATAGI,36873,10,0,0,2,0,0,0,4,29.0950394929523,40.9725150936314,0,0,0,152,271,0.0928992532061794,283.58784880943733
1211,5012,676324.784158359,4537969.65412214,676424.784158359,4537869.65412214,43,69,Kozyatağı Mahallesi,KOZYATAGI,36873,14,6,0,3,0,0,0,5,29.0962557482685,40.9733937182384,0,0,0,152,247,0.1486688126978341,265.36059836818254
1212,4940,676224.784158359,4537969.65412214,676324.784158359,4537869.65412214,43,68,Kozyatağı Mahallesi,KOZYATAGI,36873,1,0,0,2,0,0,0,4,29.0950679835914,40.9734153183105,0,0,0,152,284,0.0539399607688939,291.6594744291829
1213,5095,676424.784158359,4536869.65412214,676524.784158359,4536769.65412214,54,70,Kozyatağı Mahallesi,KOZYATAGI,36873,0,0,0,3,0,0,0,1,29.0971298309252,40.9634696407971,0,0,0,152,268,0.0356643530374262,272.7790233070151
1214,5094,676424.784158359,4536969.65412214,676524.784158359,4536869.65412214,53,70,Kozyatağı Mahallesi,KOZYATAGI,36873,0,0,0,3,0,0,0,0,29.0971583409001,40.9643698656879,0,0,0,152,268,0.0292333620099906,271.9172705093387
1215,5093,676424.784158359,4537069.65412214,676524.784158359,4536969.65412214,52,70,Kozyatağı Mahallesi,KOZYATAGI,36873,0,0,1,2,0,0,0,0,29.0971868521659,40.9652700904213,0,0,0,152,284,0.1056375434229716,299.000531166062
1216,5092,676424.784158359,4537169.65412214,676524.784158359,4537069.65412214,51,70,Kozyatağı Mahallesi,KOZYATAGI,36873,0,0,1,0,0,0,0,0,29.0972153647225,40.9661703149973,0,0,0,152,273,0.0824706521450508,284.2572440177994
1217,5091,676424.784158359,4537269.65412214,676524.784158359,4537169.65412214,50,70,Kozyatağı Mahallesi,KOZYATAGI,36873,0,0,1,0,0,0,0,0,29.09724387857,40.9670705394159,0,0,0,152,271,0.0824706521450508,282.17477336565435
1218,5090,676424.784158359,4537369.65412214,676524.784158359,4537269.65412214,49,70,Kozyatağı Mahallesi,KOZYATAGI,36873,0,0,0,0,0,0,0,0,29.0972723937085,40.9679707636771,0,0,0,152,269,0.0,269.0
1219,5089,676424.784158359,4537469.65412214,676524.784158359,4537369.65412214,48,70,Kozyatağı Mahallesi,KOZYATAGI,36873,9,1,0,2,0,0,0,0,29.0973009101382,40.9688709877808,0,0,0,152,285,0.0903660096252705,297.877156371601
1220,5088,676424.784158359,4537569.65412214,676524.784158359,4537469.65412214,47,70,Kozyatağı Mahallesi,KOZYATAGI,36873,9,1,0,2,0,0,0,2,29.0973294278589,40.9697712117272,0,0,0,152,285,0.1005588892462301,299.32964171758783
1221,5087,676424.784158359,4537669.65412214,676524.784158359,4537569.65412214,46,70,Kozyatağı Mahallesi,KOZYATAGI,36873,10,1,0,2,0,0,0,3,29.0973579468709,40.9706714355162,0,0,0,152,269,0.1054061534766868,283.1771276426144
1222,5086,676424.784158359,4537769.65412214,676524.784158359,4537669.65412214,45,70,Kozyatağı Mahallesi,KOZYATAGI,36873,10,4,0,3,0,0,0,2,29.0973864671741,40.9715716591478,0,0,0,152,247,0.128073554419812,262.8170839708468
1223,5085,676424.784158359,4537869.65412214,676524.784158359,4537769.65412214,44,70,Kozyatağı Mahallesi,KOZYATAGI,36873,10,7,0,3,0,0,0,2,29.0974149887687,40.9724718826219,0,0,0,152,271,0.1379579556952602,289.69330299670776
1224,5167,676524.784158359,4536869.65412214,676624.784158359,4536769.65412214,54,71,Kozyatağı Mahallesi,KOZYATAGI,36873,0,0,0,3,0,0,0,2,29.0983174157034,40.9634480237682,0,0,0,152,257,0.0394262416309503,262.06627204957715
1225,5166,676524.784158359,4536969.65412214,676624.784158359,4536869.65412214,53,71,Kozyatağı Mahallesi,KOZYATAGI,36873,0,0,1,3,0,0,0,2,29.0983459417943,40.9643482479774,0,0,0,152,257,0.1218968937760012,272.66375085021616
1226,5165,676524.784158359,4537069.65412214,676624.784158359,4536969.65412214,52,71,Kozyatağı Mahallesi,KOZYATAGI,36873,0,0,1,3,0,0,0,1,29.0983744691768,40.9652484720292,0,0,0,152,265,0.1181350051824771,280.65288818667824
1227,5164,676524.784158359,4537169.65412214,676624.784158359,4537069.65412214,51,71,Kozyatağı Mahallesi,KOZYATAGI,36873,0,0,1,0,0,0,0,0,29.0984029978509,40.9661486959236,0,0,0,152,269,0.0824706521450508,280.0923027135093
1228,5163,676524.784158359,4537269.65412214,676624.784158359,4537169.65412214,50,71,Kozyatağı Mahallesi,KOZYATAGI,36873,0,1,1,0,0,0,0,0,29.0984315278167,40.9670489196605,0,0,0,152,228,0.0970478691052584,239.06345707799943
1229,5162,676524.784158359,4537369.65412214,676624.784158359,4537269.65412214,49,71,Kozyatağı Mahallesi,KOZYATAGI,36873,0,1,1,0,0,0,0,0,29.0984600590742,40.9679491432401,0,0,0,152,271,0.0970478691052584,284.1499862637625
1230,5161,676524.784158359,4537469.65412214,676624.784158359,4537369.65412214,48,71,Kozyatağı Mahallesi,KOZYATAGI,36873,5,5,0,2,0,0,0,3,29.0984885916235,40.9688493666622,0,0,0,152,284,0.1146582309017744,300.281468788052
1231,5160,676524.784158359,4537569.65412214,676624.784158359,4537469.65412214,47,71,Kozyatağı Mahallesi,KOZYATAGI,36873,11,3,0,2,0,0,0,3,29.0985171254647,40.9697495899269,0,0,0,152,284,0.1219718763615784,301.3200064433441
1232,5159,676524.784158359,4537669.65412214,676624.784158359,4537569.65412214,46,71,Kozyatağı Mahallesi,KOZYATAGI,36873,12,1,0,2,0,0,0,5,29.0985456605979,40.9706498130341,0,0,0,152,276,0.1129857961224765,291.5920398649018
1233,5158,676524.784158359,4537769.65412214,676624.784158359,4537669.65412214,45,71,Kozyatağı Mahallesi,KOZYATAGI,36873,12,5,0,2,0,0,0,5,29.098574197023,40.971550035984,0,0,0,152,265,0.1360901383692819,283.03194333392986
1234,5157,676524.784158359,4537869.65412214,676624.784158359,4537769.65412214,44,71,Kozyatağı Mahallesi,KOZYATAGI,36873,10,7,0,3,0,0,0,4,29.0986027347402,40.9724502587764,0,0,0,152,266,0.1426973748188718,284.97875085091
1235,5238,676624.784158359,4536969.65412214,676724.784158359,4536869.65412214,53,72,Kozyatağı Mahallesi,KOZYATAGI,36873,0,0,1,2,0,0,0,2,29.099533541397,40.9643266180433,0,0,0,152,263,0.1158304230439313,278.231700630277
1236,5237,676624.784158359,4537069.65412214,676724.784158359,4536969.65412214,52,72,Kozyatağı Mahallesi,KOZYATAGI,36873,0,0,1,2,0,0,0,2,29.0995620848962,40.9652268414131,0,0,0,152,263,0.1158304230439313,278.231700630277
1237,5236,676624.784158359,4537169.65412214,676724.784158359,4537069.65412214,51,72,Kozyatağı Mahallesi,KOZYATAGI,36873,0,1,1,0,0,0,0,2,29.0995906296877,40.9661270646254,0,0,0,152,263,0.107240748726218,277.10215845749764
1238,5235,676624.784158359,4537269.65412214,676724.784158359,4537169.65412214,50,72,Kozyatağı Mahallesi,KOZYATAGI,36873,0,3,1,0,0,0,0,1,29.0996191757717,40.9670272876804,0,0,0,152,260,0.1180560770929015,275.3472900220772
1239,5234,676624.784158359,4537369.65412214,676724.784158359,4537269.65412214,49,72,Kozyatağı Mahallesi,KOZYATAGI,36873,0,4,1,1,0,0,0,3,29.0996477231481,40.9679275105779,0,0,0,152,269,0.1437965648100918,288.3406379669574
1240,5233,676624.784158359,4537469.65412214,676724.784158359,4537369.65412214,48,72,Kozyatağı Mahallesi,KOZYATAGI,36873,2,5,0,2,0,0,0,4,29.099676271817,40.9688277333179,0,0,0,152,280,0.1008877768450726,294.12428875831023
1241,5232,676624.784158359,4537569.65412214,676724.784158359,4537469.65412214,47,72,Kozyatağı Mahallesi,KOZYATAGI,36873,11,5,0,2,0,0,0,4,29.0997048217786,40.9697279559005,0,0,0,152,277,0.1325693183378763,295.36085058979586
1242,5231,676624.784158359,4537669.65412214,676724.784158359,4537569.65412214,46,72,Kozyatağı Mahallesi,KOZYATAGI,36873,11,4,0,2,0,0,0,4,29.0997333730328,40.9706281783257,0,0,0,152,263,0.1287350087360378,279.928653648789
1243,5230,676624.784158359,4537769.65412214,676724.784158359,4537669.65412214,45,72,Kozyatağı Mahallesi,KOZYATAGI,36873,11,6,0,2,0,0,0,4,29.0997619255798,40.9715284005934,0,0,0,152,233,0.1358111809140036,248.82200257648145
1244,5229,676624.784158359,4537869.65412214,676724.784158359,4537769.65412214,44,72,Kozyatağı Mahallesi,KOZYATAGI,36873,12,5,0,2,0,0,0,4,29.0997904794195,40.9724286227037,0,0,0,152,241,0.1343985664654579,257.1950272590877
1245,5228,676624.784158359,4537969.65412214,676724.784158359,4537869.65412214,43,72,Kozyatağı Mahallesi,KOZYATAGI,36873,13,7,0,1,0,0,0,2,29.0997907459062,40.9733118664796,0,0,0,152,125,0.1288526479770768,133.0532904985673
1246,5381,676824.784158359,4537069.65412214,676924.784158359,4536969.65412214,52,74,Kozyatağı Mahallesi,KOZYATAGI,36873,1,0,1,0,0,0,1,7,29.1019373124572,40.9651835435088,0,0,0,152,271,0.1702753456445262,294.0723093348333
1247,5309,676724.784158359,4537069.65412214,676824.784158359,4536969.65412214,52,73,Kozyatağı Mahallesi,KOZYATAGI,36873,0,0,1,2,0,0,0,5,29.1007496993232,40.9652051985729,0,0,0,152,263,0.122261414071367,279.07737595038475
1248,5453,676924.784158359,4537069.65412214,677024.784158359,4536969.65412214,52,75,Kozyatağı Mahallesi,KOZYATAGI,36873,1,0,1,0,0,0,1,8,29.1031249242973,40.9651618762207,0,0,0,152,262,0.1713681318041387,284.4492252663422
1249,5084,676424.784158359,4537969.65412214,676524.784158359,4537869.65412214,43,70,Kozyatağı Mahallesi,KOZYATAGI,36873,14,6,0,2,0,0,0,4,29.0974435116547,40.9733721059387,0,0,0,152,236,0.1409107700619402,252.62747086730892
1250,5156,676524.784158359,4537969.65412214,676624.784158359,4537869.65412214,43,71,Kozyatağı Mahallesi,KOZYATAGI,36873,14,7,0,2,0,0,0,4,29.0986312737495,40.9733504814114,0,0,0,152,177,0.1437189991594226,189.7191314256089
1251,5227,676624.784158359,4538069.65412214,676724.784158359,4537969.65412214,42,72,Kozyatağı Mahallesi,KOZYATAGI,36873,4,6,0,1,0,0,0,2,29.0995772424488,40.974155861568,0,0,0,152,93,0.1025141130498355,97.76690625681736
1252,5083,676424.784158359,4538069.65412214,676524.784158359,4537969.65412214,42,70,Kozyatağı Mahallesi,KOZYATAGI,36873,5,7,0,2,0,0,0,4,29.0974720358322,40.974272329098,0,0,0,152,247,0.1227786392650841,262.1631619492379
1253,5155,676524.784158359,4538069.65412214,676624.784158359,4537969.65412214,42,71,Kozyatağı Mahallesi,KOZYATAGI,36873,5,7,0,1,0,0,0,3,29.0986598140511,40.9742507038889,0,0,0,152,145,0.1121581123024586,153.13146314192824
1254,5011,676324.784158359,4538069.65412214,676424.784158359,4537969.65412214,42,69,Kozyatağı Mahallesi,KOZYATAGI,36873,5,7,0,2,0,0,0,5,29.0962842563218,40.9742939420791,0,0,0,152,274,0.1244702111689081,291.05241893014045
1255,5226,676624.784158359,4538169.65412214,676724.784158359,4538069.65412214,41,72,Kozyatağı Mahallesi,KOZYATAGI,36873,4,7,0,1,0,0,0,2,29.0993679604281,40.9748265061964,1,0,0,152,128,0.1053223421473179,134.7406298974283
1256,5154,676524.784158359,4538169.65412214,676624.784158359,4538069.65412214,41,71,Kozyatağı Mahallesi,KOZYATAGI,36873,4,8,0,1,0,0,0,2,29.0986478398964,40.9751278684301,0,0,0,152,128,0.107799375760306,134.89916004865958
1257,5082,676424.784158359,4538169.65412214,676524.784158359,4538069.65412214,41,70,Kozyatağı Mahallesi,KOZYATAGI,36873,4,8,0,2,0,0,0,2,29.0975005613012,40.9751725520999,0,0,0,152,238,0.1163495860332315,251.84560073795456
1258,5010,676324.784158359,4538169.65412214,676424.784158359,4538069.65412214,41,69,Kozyatağı Mahallesi,KOZYATAGI,36873,4,7,0,2,0,0,0,2,29.096312765666,40.9751941657625,0,0,0,152,274,0.1138725524202434,289.60053968157337
1259,5153,676524.784158359,4538269.65412214,676624.784158359,4538169.65412214,40,71,Kozyatağı Mahallesi,KOZYATAGI,36873,4,7,0,1,0,0,0,2,29.0984205354534,40.9759701510123,0,0,0,152,128,0.1053223421473179,134.7406298974283
1260,5081,676424.784158359,4538269.65412214,676524.784158359,4538169.65412214,40,70,Kozyatağı Mahallesi,KOZYATAGI,36873,4,6,0,2,0,0,0,2,29.0975290880619,40.9760727749444,0,0,0,152,238,0.111064323322761,251.21665447540852
1261,5152,676524.784158359,4538369.65412214,676624.784158359,4538269.65412214,39,71,Kozyatağı Mahallesi,KOZYATAGI,36873,4,4,0,0,0,0,0,2,29.0982172794626,40.9766216437004,1,0,0,152,126,0.0808212598668744,131.0917393716131
1262,5080,676424.784158359,4538369.65412214,676524.784158359,4538269.65412214,39,70,Kozyatağı Mahallesi,KOZYATAGI,36873,4,4,0,0,0,0,0,2,29.0975087768836,40.9769477447679,0,0,0,152,95,0.0808212598668744,98.83900984367654
1263,5524,677024.784158359,4537169.65412214,677124.784158359,4537069.65412214,51,76,Kozyatağı Mahallesi,KOZYATAGI,36873,1,0,0,0,0,0,1,8,29.1041070461254,40.9659612318563,0,0,0,152,148,0.0888974796590878,154.5784134947725
1264,5380,676824.784158359,4537169.65412214,676924.784158359,4537069.65412214,51,74,Kozyatağı Mahallesi,KOZYATAGI,36873,1,2,1,0,0,0,0,5,29.1019658894834,40.966083765356,0,0,0,152,217,0.1380396357866534,231.97730048285192
1265,5308,676724.784158359,4537169.65412214,676824.784158359,4537069.65412214,51,73,Kozyatağı Mahallesi,KOZYATAGI,36873,0,1,1,0,0,0,0,4,29.1007782602321,40.9661054211029,0,0,0,152,262,0.1119801678498297,276.66940198832765
1266,5452,676924.784158359,4537169.65412214,677024.784158359,4537069.65412214,51,75,Kozyatağı Mahallesi,KOZYATAGI,36873,1,1,1,0,0,0,1,7,29.1031535174408,40.9660620973848,0,0,0,152,247,0.1848525626047337,269.8292914816846
1267,5523,677024.784158359,4537269.65412214,677124.784158359,4537169.65412214,50,76,Kozyatağı Mahallesi,KOZYATAGI,36873,1,2,0,0,0,0,1,5,29.1038619738641,40.9666218215122,1,0,0,152,197,0.1082399333123691,207.6616334312684
1268,5451,676924.784158359,4537269.65412214,677024.784158359,4537169.65412214,50,75,Kozyatağı Mahallesi,KOZYATAGI,36873,1,4,1,0,0,0,0,5,29.1031363697646,40.9669372768829,0,0,0,152,197,0.1487825431450224,211.6550804997847
1269,5379,676824.784158359,4537269.65412214,676924.784158359,4537169.65412214,50,74,Kozyatağı Mahallesi,KOZYATAGI,36873,0,4,1,0,0,0,0,6,29.1019944678035,40.9669839870457,0,0,0,152,244,0.134371976064805,260.3933810799062
1270,5307,676724.784158359,4537269.65412214,676824.784158359,4537169.65412214,50,73,Kozyatağı Mahallesi,KOZYATAGI,36873,0,4,1,0,0,0,0,4,29.1008068224342,40.9670056434754,0,0,0,152,269,0.1312502004947966,286.6531519665501
1271,5450,676924.784158359,4537369.65412214,677024.784158359,4537269.65412214,49,75,Kozyatağı Mahallesi,KOZYATAGI,36873,0,4,0,0,0,0,0,3,29.1029118532962,40.9677909034518,0,0,0,152,103,0.0467092316600456,105.40552543049236
1272,5378,676824.784158359,4537369.65412214,676924.784158359,4537269.65412214,49,74,Kozyatağı Mahallesi,KOZYATAGI,36873,2,4,1,0,0,0,0,5,29.1020230474175,40.967884208578,0,0,0,152,203,0.1580488000141882,219.0419532014401
1273,5306,676724.784158359,4537369.65412214,676824.784158359,4537269.65412214,49,73,Kozyatağı Mahallesi,KOZYATAGI,36873,2,4,1,0,0,0,0,5,29.1008353859295,40.9679058656905,0,0,0,152,197,0.1580488000141882,212.56780680139752
1274,5449,676924.784158359,4537469.65412214,677024.784158359,4537369.65412214,48,75,Kozyatağı Mahallesi,KOZYATAGI,36873,2,4,0,0,0,0,0,6,29.1027283216086,40.9684810121842,1,0,0,152,137,0.0770083515353217,142.27507208016956
1275,5377,676824.784158359,4537469.65412214,676924.784158359,4537369.65412214,48,74,Kozyatağı Mahallesi,KOZYATAGI,36873,2,4,0,1,0,0,0,4,29.1020251205617,40.9687692057826,0,0,0,152,137,0.0885032569703086,143.06247310246616
1276,5305,676724.784158359,4537469.65412214,676824.784158359,4537369.65412214,48,73,Kozyatağı Mahallesi,KOZYATAGI,36873,2,5,0,1,0,0,0,4,29.100863950718,40.9688060877481,0,0,0,152,263,0.0923375665721471,275.14239000423737
1277,5376,676824.784158359,4537569.65412214,676924.784158359,4537469.65412214,47,74,Kozyatağı Mahallesi,KOZYATAGI,36873,2,5,0,1,0,0,0,4,29.1018427119807,40.969631908003,0,0,0,152,210,0.0923375665721471,219.69544449007543
1278,5304,676724.784158359,4537569.65412214,676824.784158359,4537469.65412214,47,73,Kozyatağı Mahallesi,KOZYATAGI,36873,2,5,0,1,0,0,0,4,29.1008925167998,40.9697063096483,0,0,0,152,266,0.0923375665721471,278.28089635409555
1279,5375,676824.784158359,4537669.65412214,676924.784158359,4537569.65412214,46,74,Kozyatağı Mahallesi,KOZYATAGI,36873,2,5,0,1,0,0,0,4,29.1016469950014,40.9704183126574,1,0,0,152,158,0.0923375665721471,165.29466775919963
1280,5303,676724.784158359,4537669.65412214,676824.784158359,4537569.65412214,46,73,Kozyatağı Mahallesi,KOZYATAGI,36873,9,5,0,2,0,0,0,4,29.1009204771477,40.9706061069444,0,0,0,152,197,0.1284026506166472,209.6476610857397
1281,5302,676724.784158359,4537769.65412214,676824.784158359,4537669.65412214,45,73,Kozyatağı Mahallesi,KOZYATAGI,36873,11,5,0,2,0,0,0,4,29.1008316705216,40.9714739418242,0,0,0,152,148,0.1325693183378763,157.81012955700285
1282,5301,676724.784158359,4537869.65412214,676824.784158359,4537769.65412214,44,73,Kozyatağı Mahallesi,KOZYATAGI,36873,11,5,0,1,0,0,0,3,29.1006484290435,40.9723475419684,0,0,0,152,140,0.1219487913752508,148.53641539626756
1283,5300,676724.784158359,4537969.65412214,676824.784158359,4537869.65412214,43,73,Kozyatağı Mahallesi,KOZYATAGI,36873,4,6,0,1,0,0,0,4,29.1005019629027,40.9730399429605,1,0,0,152,136,0.1072535321734471,143.2932401877944
1284,4309,675324.784158359,4536269.65412214,675424.784158359,4536169.65412214,60,59,Bostancı Mahallesi,BOSTANCI,32415,6,9,0,0,0,0,1,2,29.0838963441085,40.9583052238892,0,0,0,214,189,0.1557589615812055,203.7192218694239
1285,4310,675324.784158359,4536169.65412214,675424.784158359,4536069.65412214,61,59,Bostancı Mahallesi,BOSTANCI,32415,0,8,0,0,0,0,0,2,29.0838680203923,40.9574049904261,0,0,0,214,184,0.0564015641145704,189.1889438985405
1286,4311,675324.784158359,4536069.65412214,675424.784158359,4535969.65412214,62,59,Bostancı Mahallesi,BOSTANCI,32415,0,8,0,0,0,0,0,2,29.0838396979584,40.9565047568058,0,0,0,214,167,0.0564015641145704,171.70953060356663
1287,4312,675324.784158359,4535969.65412214,675424.784158359,4535869.65412214,63,59,Bostancı Mahallesi,BOSTANCI,32415,0,4,0,0,0,0,0,1,29.0838113768067,40.9556045230284,0,0,0,214,107,0.04027824063261,109.15488587384463
1288,4313,675324.784158359,4535869.65412214,675424.784158359,4535769.65412214,64,59,Bostancı Mahallesi,BOSTANCI,32415,0,0,0,0,0,0,0,1,29.0837375420701,40.9547481454642,0,0,0,214,42,0.0064309910274356,42.13505081157615
1289,4314,675324.784158359,4535769.65412214,675424.784158359,4535669.65412214,65,59,Bostancı Mahallesi,BOSTANCI,32415,0,0,0,0,0,0,0,1,29.0835317774925,40.9537991303877,0,0,0,214,42,0.0064309910274356,42.13505081157615
1290,4315,675324.784158359,4535669.65412214,675424.784158359,4535569.65412214,66,59,Bostancı Mahallesi,BOSTANCI,32415,0,0,0,0,0,0,0,1,29.0841330557528,40.9532664591106,1,0,0,214,42,0.0064309910274356,42.13505081157615
1291,4382,675424.784158359,4536169.65412214,675524.784158359,4536069.65412214,61,60,Bostancı Mahallesi,BOSTANCI,32415,0,8,0,0,0,0,0,3,29.0850555065315,40.9573835125968,0,0,0,214,186,0.059070666548482,191.4935719890088
1292,4383,675424.784158359,4536069.65412214,675524.784158359,4535969.65412214,62,60,Bostancı Mahallesi,BOSTANCI,32415,0,8,0,0,0,0,0,3,29.0850271679866,40.9564832796538,0,0,0,214,160,0.059070666548482,164.72565332387856
1293,4384,675424.784158359,4535969.65412214,675524.784158359,4535869.65412214,63,60,Bostancı Mahallesi,BOSTANCI,32415,0,6,0,0,0,0,0,2,29.0849988307246,40.9555830465535,0,0,0,214,79,0.0511163014040998,81.01909390546194
1294,4385,675424.784158359,4535869.65412214,675524.784158359,4535769.65412214,64,60,Bostancı Mahallesi,BOSTANCI,32415,0,1,0,0,0,0,0,1,29.0849229649541,40.9548970282636,0,0,0,214,79,0.0210082079876431,79.8298242155119
1295,4386,675424.784158359,4535769.65412214,675524.784158359,4535669.65412214,65,60,Bostancı Mahallesi,BOSTANCI,32415,0,0,0,0,0,0,0,1,29.0844360955869,40.9533585170844,1,0,0,214,42,0.0064309910274356,42.13505081157615
1296,4387,675424.784158359,4535669.65412214,675524.784158359,4535569.65412214,66,60,Bostancı Mahallesi,BOSTANCI,32415,0,0,0,0,0,0,0,1,29.0844801848433,40.9532084946505,1,0,0,214,42,0.0064309910274356,42.13505081157615
1297,4453,675524.784158359,4536269.65412214,675624.784158359,4536169.65412214,60,61,Bostancı Mahallesi,BOSTANCI,32415,1,9,0,0,0,0,1,2,29.0862713473271,40.9582622546548,0,0,0,214,184,0.1271290666035101,195.69587412752296
1298,4454,675524.784158359,4536169.65412214,675624.784158359,4536069.65412214,61,61,Bostancı Mahallesi,BOSTANCI,32415,1,9,0,0,0,0,0,2,29.0862429913876,40.9573620225466,0,0,0,214,175,0.0744581169327435,181.51508523161505
1299,4455,675524.784158359,4536069.65412214,675624.784158359,4535969.65412214,62,61,Bostancı Mahallesi,BOSTANCI,32415,1,8,0,0,0,0,0,3,29.0862146367319,40.9564617902811,0,0,0,214,169,0.0749114372948838,175.3300164514177
1300,4456,675524.784158359,4535969.65412214,675624.784158359,4535869.65412214,63,61,Bostancı Mahallesi,BOSTANCI,32415,1,7,0,0,0,0,0,2,29.0861862833597,40.9555615578583,0,0,0,214,99,0.0697653012479841,102.45338241177522
1301,4457,675524.784158359,4535869.65412214,675624.784158359,4535769.65412214,64,61,Bostancı Mahallesi,BOSTANCI,32415,1,4,0,0,0,0,0,3,29.0861936132424,40.9549213257597,0,0,0,214,99,0.0625500024064475,102.09622511911914
1302,4530,675624.784158359,4535769.65412214,675724.784158359,4535669.65412214,65,62,Bostancı Mahallesi,BOSTANCI,32415,2,0,0,0,0,0,0,1,29.087830747955,40.954088673284,1,0,0,214,42,0.0315380186430032,42.66229839150307
1303,4529,675624.784158359,4535869.65412214,675724.784158359,4535769.65412214,64,62,Bostancı Mahallesi,BOSTANCI,32415,2,2,0,0,0,0,0,3,29.0874355603847,40.9547610548244,0,0,0,214,67,0.0610733519172442,69.04595728922769
1304,4528,675624.784158359,4535969.65412214,675724.784158359,4535869.65412214,63,62,Bostancı Mahallesi,BOSTANCI,32415,2,5,0,0,0,0,0,3,29.0873737347112,40.955540056943,0,0,0,214,98,0.0756505688774517,101.70687787499514
1305,4527,675624.784158359,4536069.65412214,675724.784158359,4535969.65412214,62,62,Bostancı Mahallesi,BOSTANCI,32415,2,7,0,0,0,0,0,2,29.0874021041935,40.9564402886878,0,0,0,214,135,0.0790315581171498,140.33463017290762
1306,4526,675624.784158359,4536169.65412214,675724.784158359,4536069.65412214,61,62,Bostancı Mahallesi,BOSTANCI,32415,1,9,0,0,0,0,0,2,29.0874304749601,40.9573405202753,0,0,0,214,174,0.0744581169327435,180.47785617314867
1307,4525,675624.784158359,4536269.65412214,675724.784158359,4536169.65412214,60,62,Bostancı Mahallesi,BOSTANCI,32415,1,9,0,1,0,0,0,2,29.0874588470111,40.9582407517056,0,0,0,214,188,0.0890747979377388,196.37303100614744
1308,4524,675624.784158359,4536369.65412214,675724.784158359,4536269.65412214,59,62,Bostancı Mahallesi,BOSTANCI,32415,0,9,0,1,0,0,1,2,29.0874872203467,40.9591409829786,0,0,0,214,139,0.1259049768621036,147.75039589191618
1309,4602,675724.784158359,4535769.65412214,675824.784158359,4535669.65412214,65,63,Bostancı Mahallesi,BOSTANCI,32415,1,0,0,0,0,0,0,3,29.0885994745849,40.9537778303051,0,0,0,214,42,0.028702752801273,42.60275780882673
1310,4601,675724.784158359,4535869.65412214,675824.784158359,4535769.65412214,64,63,Bostancı Mahallesi,BOSTANCI,32415,2,1,0,0,0,0,0,3,29.0885328004712,40.9546183125838,0,0,0,214,67,0.0525462266306463,68.76029859212665
1311,4600,675724.784158359,4535969.65412214,675824.784158359,4535869.65412214,63,63,Bostancı Mahallesi,BOSTANCI,32415,2,4,0,0,0,0,0,3,29.0885611847784,40.9555185438075,0,0,0,214,126,0.0718162592756132,130.52442433436363
1312,4599,675724.784158359,4536069.65412214,675824.784158359,4535969.65412214,62,63,Bostancı Mahallesi,BOSTANCI,32415,2,6,0,0,0,0,0,3,29.0885895703707,40.9564187748739,0,0,0,214,140,0.078892431453579,145.52247020175054
1313,4598,675724.784158359,4536169.65412214,675824.784158359,4536069.65412214,61,63,Bostancı Mahallesi,BOSTANCI,32415,2,7,0,1,0,0,0,1,29.088617957248,40.9573190057831,0,0,0,214,175,0.0898863505286211,182.86505567125437
1314,4597,675724.784158359,4536269.65412214,675824.784158359,4536169.65412214,60,63,Bostancı Mahallesi,BOSTANCI,32415,1,7,0,1,0,0,0,2,29.0886463454106,40.958219236535,0,0,0,214,184,0.0843819822529794,191.7631423672741
1315,4596,675724.784158359,4536369.65412214,675824.784158359,4536269.65412214,59,63,Bostancı Mahallesi,BOSTANCI,32415,1,6,0,1,0,1,0,2,29.0886747348584,40.9591194671297,0,0,0,214,175,0.1521557393836609,188.31362719607037
1316,4603,675724.784158359,4535669.65412214,675824.784158359,4535569.65412214,66,63,Bostancı Mahallesi,BOSTANCI,32415,0,0,0,0,0,0,1,2,29.0889139878604,40.9530968199233,1,0,0,214,67,0.0628638292917263,69.10593828127284
1317,4604,675724.784158359,4535569.65412214,675824.784158359,4535469.65412214,67,63,Bostancı Mahallesi,BOSTANCI,32415,0,0,0,0,0,0,1,1,29.0889280796522,40.951754385978,1,0,0,214,29,0.0591019406982022,29.85697814012393
1318,4669,675824.784158359,4536269.65412214,675924.784158359,4536169.65412214,60,64,Bostancı Mahallesi,BOSTANCI,32415,2,1,0,2,0,1,0,2,29.0898338425248,40.9581977091432,0,0,0,214,174,0.1436260017028195,186.4954621481453
1319,4670,675824.784158359,4536169.65412214,675924.784158359,4536069.65412214,61,64,Bostancı Mahallesi,BOSTANCI,32415,2,4,0,1,0,0,0,2,29.0898054382508,40.95729747907,0,0,0,214,180,0.083763837846697,187.53874540620276
1320,4671,675824.784158359,4536069.65412214,675924.784158359,4535969.65412214,62,64,Bostancı Mahallesi,BOSTANCI,32415,2,1,0,0,0,0,0,3,29.0897770352628,40.9563972488396,0,0,0,214,160,0.0525462266306463,164.2036981304517
1321,4672,675824.784158359,4535969.65412214,675924.784158359,4535869.65412214,63,64,Bostancı Mahallesi,BOSTANCI,32415,2,1,0,0,0,0,0,4,29.0897486335606,40.9554970184519,0,0,0,214,134,0.0546165433203464,137.6593084024632
1322,4673,675824.784158359,4535869.65412214,675924.784158359,4535769.65412214,64,64,Bostancı Mahallesi,BOSTANCI,32415,2,1,0,0,0,0,0,3,29.0897202331441,40.9545967879069,0,0,0,214,123,0.0525462266306463,126.23159293778474
1323,4674,675824.784158359,4535769.65412214,675924.784158359,4535669.65412214,65,64,Bostancı Mahallesi,BOSTANCI,32415,1,0,0,0,0,0,1,3,29.0896918340134,40.9536965572047,0,0,0,214,67,0.0813737024720397,69.72601903281333
1324,4675,675824.784158359,4535669.65412214,675924.784158359,4535569.65412214,66,64,Bostancı Mahallesi,BOSTANCI,32415,0,0,0,0,0,0,1,2,29.0897033917718,40.9528223458511,0,0,0,214,59,0.0628638292917263,60.854482964105934
1325,4676,675824.784158359,4535569.65412214,675924.784158359,4535469.65412214,67,64,Bostancı Mahallesi,BOSTANCI,32415,0,0,0,0,0,0,1,2,29.0897669516329,40.9519441036666,0,0,0,214,29,0.0628638292917263,29.911525524730035
1326,4677,675824.784158359,4535469.65412214,675924.784158359,4535369.65412214,68,64,Bostancı Mahallesi,BOSTANCI,32415,0,0,0,0,0,0,1,1,29.0901682135091,40.9513913808737,1,0,0,214,20,0.0591019406982022,20.59101940698202
1327,4745,675924.784158359,4535869.65412214,676024.784158359,4535769.65412214,64,65,Bostancı Mahallesi,BOSTANCI,32415,4,1,0,1,0,2,1,4,29.0909076645313,40.9545752510103,0,0,0,214,134,0.245448078419338,150.44502125409562
1328,4744,675924.784158359,4535969.65412214,676024.784158359,4535869.65412214,63,65,Bostancı Mahallesi,BOSTANCI,32415,4,1,0,1,0,2,0,5,29.0909360810569,40.9554754808761,0,0,0,214,164,0.1944687006523953,179.9464334534964
1329,4743,675924.784158359,4536069.65412214,676024.784158359,4535969.65412214,62,65,Bostancı Mahallesi,BOSTANCI,32415,2,1,0,1,0,0,0,4,29.090964498869,40.9563757105847,0,0,0,214,178,0.0692332243253417,184.16175696495543
1330,4742,675924.784158359,4536169.65412214,676024.784158359,4536069.65412214,61,65,Bostancı Mahallesi,BOSTANCI,32415,2,1,0,1,0,0,0,1,29.0909929179677,40.957275940136,0,0,0,214,183,0.060731916608206,188.55697036965083
1331,4741,675924.784158359,4536269.65412214,676024.784158359,4536169.65412214,60,65,Bostancı Mahallesi,BOSTANCI,32415,2,1,0,3,0,1,0,1,29.091021338353,40.9581761695301,0,0,0,214,183,0.1459305838413653,196.35264842148493
1332,4740,675924.784158359,4536369.65412214,676024.784158359,4536269.65412214,59,65,Bostancı Mahallesi,BOSTANCI,32415,0,3,0,3,0,1,1,3,29.091049760025,40.9590763987668,0,0,0,214,183,0.1945027138842075,200.796998320405
1333,4746,675924.784158359,4535769.65412214,676024.784158359,4535669.65412214,65,65,Bostancı Mahallesi,BOSTANCI,32415,7,0,0,1,0,1,2,3,29.0908792492922,40.9536750209871,0,0,0,214,99,0.2290644416327724,110.33868986082224
1334,4747,675924.784158359,4535669.65412214,676024.784158359,4535569.65412214,66,65,Bostancı Mahallesi,BOSTANCI,32415,4,0,0,0,0,0,2,3,29.0908508353394,40.9527747908066,0,0,0,214,99,0.1331245928011479,105.58966734365684
1335,4748,675924.784158359,4535569.65412214,676024.784158359,4535469.65412214,67,65,Bostancı Mahallesi,BOSTANCI,32415,4,0,0,0,0,0,3,2,29.0907581045558,40.9519482742038,0,0,0,214,108,0.1523159096032332,116.2250591185746
1336,4749,675924.784158359,4535469.65412214,676024.784158359,4535369.65412214,68,65,Bostancı Mahallesi,BOSTANCI,32415,0,0,0,0,0,0,3,0,29.0908060189489,40.9510364542276,1,0,0,214,20,0.1053418993415332,21.05341899341533
1337,4814,676024.784158359,4536169.65412214,676124.784158359,4536069.65412214,61,66,Bostancı Mahallesi,BOSTANCI,32415,1,2,0,2,0,0,0,4,29.092180396398,40.9572543889813,0,0,0,214,178,0.0770443030156993,184.85694296839725
1338,4813,676024.784158359,4536269.65412214,676124.784158359,4536169.65412214,60,66,Bostancı Mahallesi,BOSTANCI,32415,2,6,0,2,0,1,0,4,29.0922088328946,40.9581546176957,0,0,0,214,178,0.1747116256493638,193.54933468279336
1339,4812,676024.784158359,4536369.65412214,676124.784158359,4536269.65412214,59,66,Bostancı Mahallesi,BOSTANCI,32415,2,6,0,3,0,1,1,5,29.0922372706786,40.9590548462529,0,0,0,214,178,0.2351406179560243,198.92751499808617
1340,4811,676024.784158359,4536469.65412214,676124.784158359,4536369.65412214,58,66,Bostancı Mahallesi,BOSTANCI,32415,2,6,0,3,0,1,1,3,29.0922657097501,40.9599550746528,0,0,0,214,180,0.2313787293625002,200.824085642625
1341,4810,676024.784158359,4536569.65412214,676124.784158359,4536469.65412214,57,66,Bostancı Mahallesi,BOSTANCI,32415,2,5,0,3,0,1,1,3,29.0922941501092,40.9608553028953,0,0,0,214,186,0.2281368667863729,207.21672861113268
1342,4815,676024.784158359,4536069.65412214,676124.784158359,4535969.65412214,62,66,Bostancı Mahallesi,BOSTANCI,32415,4,2,0,1,0,2,0,6,29.0921519611887,40.9563541601095,0,0,0,214,182,0.2044260296051775,200.6027686940712
1343,4816,676024.784158359,4535969.65412214,676124.784158359,4535869.65412214,63,66,Bostancı Mahallesi,BOSTANCI,32415,3,1,0,1,0,2,1,6,29.0921235272668,40.9554539310804,0,0,0,214,173,0.2434702648414097,194.06017790878192
1344,4817,676024.784158359,4535869.65412214,676124.784158359,4535769.65412214,64,66,Bostancı Mahallesi,BOSTANCI,32415,7,1,0,1,0,2,3,5,29.0920950946321,40.954553701894,0,0,0,214,143,0.3105517815923938,165.20445238385616
1345,4818,676024.784158359,4535769.65412214,676124.784158359,4535669.65412214,65,66,Bostancı Mahallesi,BOSTANCI,32415,10,0,0,1,0,2,7,5,29.0920666632845,40.9536534725502,0,0,0,214,131,0.3559232652474347,154.31297387370697
1346,4819,676024.784158359,4535669.65412214,676124.784158359,4535569.65412214,66,66,Bostancı Mahallesi,BOSTANCI,32415,9,0,0,1,0,2,7,4,29.0920382332241,40.9527532430492,0,0,0,214,131,0.3520535315470655,154.0595063163328
1347,4820,676024.784158359,4535569.65412214,676124.784158359,4535469.65412214,67,66,Bostancı Mahallesi,BOSTANCI,32415,5,0,0,0,0,0,6,3,29.0918818832412,40.9521273081332,0,0,0,214,78,0.2016758302245157,85.86535737875612
1348,4821,676024.784158359,4535469.65412214,676124.784158359,4535369.65412214,68,66,Bostancı Mahallesi,BOSTANCI,32415,4,0,0,0,0,0,6,0,29.0917288785123,40.9505995244172,1,0,0,214,7,0.1846471804484153,7.646265131569454
1349,4822,676024.784158359,4535369.65412214,676124.784158359,4535269.65412214,69,66,Bostancı Mahallesi,BOSTANCI,32415,5,0,0,0,0,0,6,1,29.0921236094053,40.9504153652652,1,0,0,214,7,0.1952448391970801,7.68335693718978
1350,4883,676124.784158359,4536469.65412214,676224.784158359,4536369.65412214,58,67,Bostancı Mahallesi,BOSTANCI,32415,2,6,0,2,0,1,1,5,29.0934532352289,40.9599335092374,0,0,0,214,178,0.2290741472239544,198.387599102932
1351,4884,676124.784158359,4536369.65412214,676224.784158359,4536269.65412214,59,67,Bostancı Mahallesi,BOSTANCI,32415,2,6,0,2,0,1,1,7,29.0934247800446,40.9590332815175,0,0,0,214,178,0.231743249657866,198.62514921955008
1352,4885,676124.784158359,4536269.65412214,676224.784158359,4536169.65412214,60,67,Bostancı Mahallesi,BOSTANCI,32415,2,6,0,2,0,1,1,8,29.0933963261487,40.9581330536402,0,0,0,214,178,0.2328360358174785,198.7224071877556
1353,4886,676124.784158359,4536169.65412214,676224.784158359,4536069.65412214,61,67,Bostancı Mahallesi,BOSTANCI,32415,4,2,0,2,0,0,0,9,29.0933678735408,40.9572328256057,0,0,0,214,180,0.1044156539374734,189.3974088543726
1354,4887,676124.784158359,4536069.65412214,676224.784158359,4535969.65412214,62,67,Bostancı Mahallesi,BOSTANCI,32415,3,1,0,2,0,2,0,9,29.0933394222211,40.9563325974138,0,0,0,214,178,0.2026587409009958,196.03662794018865
1355,4888,676124.784158359,4535969.65412214,676224.784158359,4535869.65412214,63,67,Bostancı Mahallesi,BOSTANCI,32415,4,1,0,3,0,2,1,8,29.0933109721894,40.9554323690646,0,0,0,214,166,0.2655182199216813,188.0380122534996
1356,4889,676124.784158359,4535869.65412214,676224.784158359,4535769.65412214,64,67,Bostancı Mahallesi,BOSTANCI,32415,17,1,0,2,0,2,3,7,29.0932825234456,40.954532140558,0,0,0,214,135,0.3403036080375624,157.97049354253548
1357,4890,676124.784158359,4535769.65412214,676224.784158359,4535669.65412214,65,67,Bostancı Mahallesi,BOSTANCI,32415,16,1,0,1,0,2,7,6,29.0932540759898,40.9536319118941,0,0,0,214,131,0.3818791844928221,156.01308658427985
1358,4891,676124.784158359,4535669.65412214,676224.784158359,4535569.65412214,66,67,Bostancı Mahallesi,BOSTANCI,32415,16,0,0,1,0,2,7,3,29.0932074847579,40.9527572335396,0,0,0,214,131,0.3621098752729062,154.71819683037538
1359,4892,676124.784158359,4535569.65412214,676224.784158359,4535469.65412214,67,67,Bostancı Mahallesi,BOSTANCI,32415,16,0,0,0,0,2,7,2,29.0927610840331,40.9522500310437,1,0,0,214,131,0.3448240918339993,153.58597801512695
1360,4893,676124.784158359,4535469.65412214,676224.784158359,4535369.65412214,68,67,Bostancı Mahallesi,BOSTANCI,32415,5,0,0,0,0,0,6,1,29.0925809475835,40.950493544677,1,0,0,214,7,0.1952448391970801,7.68335693718978
1361,4894,676124.784158359,4535369.65412214,676224.784158359,4535269.65412214,69,67,Bostancı Mahallesi,BOSTANCI,32415,5,0,0,0,0,0,6,1,29.093136210629,40.9503147238631,1,0,0,214,10,0.1952448391970801,10.9762241959854
1362,4966,676224.784158359,4535369.65412214,676324.784158359,4535269.65412214,69,68,Bostancı Mahallesi,BOSTANCI,32415,5,0,0,0,0,0,6,1,29.094267827396,40.9501653763823,1,0,0,214,10,0.1952448391970801,10.9762241959854
1363,4964,676224.784158359,4535569.65412214,676324.784158359,4535469.65412214,67,68,Bostancı Mahallesi,BOSTANCI,32415,14,0,0,0,0,2,7,1,29.0943530748889,40.9519122736666,0,0,0,214,129,0.3382017996941002,150.81401608026945
1364,4963,676224.784158359,4535669.65412214,676324.784158359,4535569.65412214,66,68,Bostancı Mahallesi,BOSTANCI,32415,16,1,0,1,0,2,7,4,29.0944176966901,40.9527138141117,0,0,0,214,129,0.3787574089228138,153.42985287552148
1365,4962,676224.784158359,4535769.65412214,676324.784158359,4535669.65412214,65,68,Bostancı Mahallesi,BOSTANCI,32415,16,1,0,4,0,2,7,7,29.0944414874072,40.9536103390188,0,0,0,214,112,0.4024402845350591,134.5366559339633
1366,4961,676224.784158359,4535869.65412214,676324.784158359,4535769.65412214,64,68,Bostancı Mahallesi,BOSTANCI,32415,16,1,0,4,0,2,4,8,29.0944699509713,40.9545105670025,0,0,0,214,145,0.3678183795073231,171.6668325142809
1367,4960,676224.784158359,4535969.65412214,676324.784158359,4535869.65412214,63,68,Bostancı Mahallesi,BOSTANCI,32415,9,1,0,4,0,2,1,9,29.094498415824,40.9554107948288,0,0,0,214,177,0.2870420414676852,202.40322066989012
1368,4959,676224.784158359,4536069.65412214,676324.784158359,4535969.65412214,62,68,Bostancı Mahallesi,BOSTANCI,32415,2,4,0,4,0,2,1,8,29.0945268819655,40.9563110224977,0,0,0,214,180,0.27781966981099,205.00377028298908
1369,4958,676224.784158359,4536169.65412214,676324.784158359,4536069.65412214,61,68,Bostancı Mahallesi,BOSTANCI,32415,5,4,0,4,0,1,0,8,29.0945553493956,40.9572112500094,0,0,0,214,179,0.1997016757167322,196.8732999766476
1370,4957,676224.784158359,4536269.65412214,676324.784158359,4536169.65412214,60,68,Bostancı Mahallesi,BOSTANCI,32415,2,8,0,2,0,0,1,9,29.0945838181146,40.9581114773636,0,0,0,214,179,0.1685168428298727,194.0822574332736
1371,4956,676224.784158359,4536369.65412214,676324.784158359,4536269.65412214,59,68,Bostancı Mahallesi,BOSTANCI,32415,2,6,0,2,0,1,1,6,29.0946122881225,40.9590117045606,0,0,0,214,179,0.2305043508901388,199.63013940466743
1372,4955,676224.784158359,4536469.65412214,676324.784158359,4536369.65412214,58,68,Bostancı Mahallesi,BOSTANCI,32415,2,6,0,2,0,1,1,8,29.0946407594193,40.9599119316001,0,0,0,214,196,0.2328360358174785,218.8179315101129
1373,4954,676224.784158359,4536569.65412214,676324.784158359,4536469.65412214,57,68,Bostancı Mahallesi,BOSTANCI,32415,2,6,0,2,0,1,1,4,29.0946692320052,40.9608121584823,0,0,0,214,199,0.2273825753201304,221.624566244353
1374,5036,676324.784158359,4535569.65412214,676424.784158359,4535469.65412214,67,69,Bostancı Mahallesi,BOSTANCI,32415,16,0,0,0,0,2,7,2,29.0950424430846,40.9522089457978,1,0,0,214,111,0.3448240918339993,130.13773709678696
1375,5035,676324.784158359,4535669.65412214,676424.784158359,4535569.65412214,66,69,Bostancı Mahallesi,BOSTANCI,32415,16,1,0,1,0,2,7,4,29.0954479153174,40.9528066842322,0,0,0,214,111,0.3787574089228138,132.02103619521617
1376,5034,676324.784158359,4535769.65412214,676424.784158359,4535669.65412214,65,69,Bostancı Mahallesi,BOSTANCI,32415,16,1,0,4,0,2,6,6,29.0956288975361,40.9535887539244,0,0,0,214,111,0.3910545865627071,132.70352955423024
1377,5033,676324.784158359,4535869.65412214,676424.784158359,4535769.65412214,64,69,Bostancı Mahallesi,BOSTANCI,32415,16,1,0,4,0,2,3,6,29.0956573772084,40.9544889812274,0,0,0,214,158,0.3485304360965653,185.53390445162867
1378,5032,676324.784158359,4535969.65412214,676424.784158359,4535869.65412214,63,69,Bostancı Mahallesi,BOSTANCI,32415,13,3,0,4,0,2,1,9,29.09568585817,40.9553892083731,0,0,0,214,173,0.3093087935112498,199.7552106387231
1379,5031,676324.784158359,4536069.65412214,676424.784158359,4535969.65412214,62,69,Bostancı Mahallesi,BOSTANCI,32415,7,4,0,5,0,2,1,12,29.0957143404211,40.9562894353614,0,0,0,214,177,0.3074913798210514,204.21298711416304
1380,5030,676324.784158359,4536169.65412214,676424.784158359,4536069.65412214,61,69,Bostancı Mahallesi,BOSTANCI,32415,4,4,0,4,0,0,0,11,29.0957428239616,40.9571896621923,0,0,0,214,177,0.1276221242012507,188.29455799181068
1381,5029,676324.784158359,4536269.65412214,676424.784158359,4536169.65412214,60,69,Bostancı Mahallesi,BOSTANCI,32415,4,6,0,3,0,0,0,8,29.0957713087917,40.9580898888659,0,0,0,214,183,0.1273236736757905,194.6501161413348
1382,5028,676324.784158359,4536369.65412214,676424.784158359,4536269.65412214,59,69,Bostancı Mahallesi,BOSTANCI,32415,3,8,0,3,0,0,1,8,29.0957997949114,40.9589901153821,0,0,0,214,183,0.1801802969090911,199.48649716718185
1383,5027,676324.784158359,4536469.65412214,676424.784158359,4536369.65412214,58,69,Bostancı Mahallesi,BOSTANCI,32415,2,6,0,2,0,0,1,8,29.0958282823207,40.959890341741,0,0,0,214,196,0.1622540495893146,211.90089685975283
1384,5026,676324.784158359,4536569.65412214,676424.784158359,4536469.65412214,57,69,Bostancı Mahallesi,BOSTANCI,32415,2,6,0,1,0,0,1,3,29.0958567710198,40.9607905679425,0,0,0,214,200,0.146180062129341,214.6180062129341
1385,5025,676324.784158359,4536669.65412214,676424.784158359,4536569.65412214,56,69,Bostancı Mahallesi,BOSTANCI,32415,0,5,0,3,0,0,1,3,29.0958852610088,40.9616907939866,0,0,0,214,206,0.1324478529426414,219.6421288530921
1386,5107,676424.784158359,4535669.65412214,676524.784158359,4535569.65412214,66,70,Bostancı Mahallesi,BOSTANCI,32415,16,1,0,3,0,2,6,4,29.096225873643,40.9531023470812,1,0,0,214,111,0.3832272907231843,132.26911463513673
1387,5106,676424.784158359,4535769.65412214,676524.784158359,4535669.65412214,65,70,Bostancı Mahallesi,BOSTANCI,32415,16,1,0,3,0,2,4,5,29.0967229014105,40.9537360412116,0,0,0,214,166,0.3593509706442846,195.82613056347563
1388,5105,676424.784158359,4535869.65412214,676524.784158359,4535769.65412214,64,70,Bostancı Mahallesi,BOSTANCI,32415,16,3,0,3,0,2,1,7,29.0968448021561,40.9544673832328,0,0,0,214,162,0.306970081884219,186.86457663262172
1389,5104,676424.784158359,4535969.65412214,676524.784158359,4535869.65412214,63,70,Bostancı Mahallesi,BOSTANCI,32415,18,4,0,4,0,2,1,8,29.0968732992266,40.9553676096975,0,0,0,214,162,0.3200030880832151,187.92025013474043
1390,5103,676424.784158359,4536069.65412214,676524.784158359,4535969.65412214,62,70,Bostancı Mahallesi,BOSTANCI,32415,7,4,0,4,0,1,0,12,29.0969017975872,40.9562678360047,0,0,0,214,173,0.2096879249769807,191.1380055105088
1391,5102,676424.784158359,4536169.65412214,676524.784158359,4536069.65412214,61,70,Bostancı Mahallesi,BOSTANCI,32415,9,5,0,4,0,0,0,10,29.096930297238,40.9571680621546,0,0,0,214,171,0.1464899165731437,183.5248878670038
1392,5101,676424.784158359,4536269.65412214,676524.784158359,4536169.65412214,60,70,Bostancı Mahallesi,BOSTANCI,32415,8,4,0,3,0,0,0,9,29.0969587981791,40.9580682881472,0,0,0,214,166,0.1346579566183072,177.1766103993195
1393,5100,676424.784158359,4536369.65412214,676524.784158359,4536269.65412214,59,70,Bostancı Mahallesi,BOSTANCI,32415,4,5,0,1,0,0,0,6,29.0969873004105,40.9589685139823,0,0,0,214,195,0.1071334451673282,205.4455109038145
1394,5099,676424.784158359,4536469.65412214,676524.784158359,4536369.65412214,58,70,Bostancı Mahallesi,BOSTANCI,32415,2,4,0,1,0,0,0,6,29.0970158039324,40.95986873966,0,0,0,214,199,0.091625032540317,208.1166907377616
1395,5098,676424.784158359,4536569.65412214,676524.784158359,4536469.65412214,57,70,Bostancı Mahallesi,BOSTANCI,32415,2,4,0,1,0,0,1,4,29.0970443087447,40.9607689651804,0,0,0,214,204,0.1411742066410753,218.3997690773897
1396,5097,676424.784158359,4536669.65412214,676524.784158359,4536569.65412214,56,70,Bostancı Mahallesi,BOSTANCI,32415,0,2,0,3,0,0,0,2,29.0970728148476,40.9616691905433,0,0,0,214,213,0.0625305838777557,219.65950718298097
1397,5096,676424.784158359,4536769.65412214,676524.784158359,4536669.65412214,55,70,Bostancı Mahallesi,BOSTANCI,32415,0,0,0,3,0,0,0,2,29.0971013222411,40.9625694157489,0,0,0,214,208,0.0394262416309503,212.10032912961884
1398,5178,676524.784158359,4535769.65412214,676624.784158359,4535669.65412214,65,71,Bostancı Mahallesi,BOSTANCI,32415,13,2,0,3,0,2,1,4,29.0975356016257,40.9538746776763,1,0,0,214,166,0.29212219054069,190.2461418148773
1399,5177,676524.784158359,4535869.65412214,676624.784158359,4535769.65412214,64,71,Bostancı Mahallesi,BOSTANCI,32415,16,4,0,3,0,0,1,5,29.0979038168705,40.9545579550654,0,0,0,214,170,0.1971239937370099,186.75553946764583
1400,5176,676524.784158359,4535969.65412214,676624.784158359,4535869.65412214,63,71,Bostancı Mahallesi,BOSTANCI,32415,8,4,0,4,0,0,0,6,29.098060738993,40.955345998802,0,0,0,214,167,0.1360542614303944,178.36053082943792
1401,5175,676524.784158359,4536069.65412214,676624.784158359,4535969.65412214,62,71,Bostancı Mahallesi,BOSTANCI,32415,7,4,0,4,0,0,0,10,29.0980892534631,40.9562462244278,0,0,0,214,177,0.1375560178233686,189.1737075773681
1402,5174,676524.784158359,4536169.65412214,676624.784158359,4536069.65412214,61,71,Bostancı Mahallesi,BOSTANCI,32415,7,3,0,4,0,0,0,12,29.0981177692241,40.9571464498963,0,0,0,214,164,0.1344131230640574,175.02187609125272
1403,5173,676524.784158359,4536269.65412214,676624.784158359,4536169.65412214,60,71,Bostancı Mahallesi,BOSTANCI,32415,7,3,0,1,0,0,0,11,29.0981462862762,40.9580466752074,0,0,0,214,161,0.1143482888404468,170.20503725165597
1404,5172,676524.784158359,4536369.65412214,676624.784158359,4536269.65412214,59,71,Bostancı Mahallesi,BOSTANCI,32415,4,3,0,1,0,0,0,7,29.0981748046193,40.958946900361,0,0,0,214,193,0.0998452186484575,202.63506359957617
1405,5171,676524.784158359,4536469.65412214,676624.784158359,4536369.65412214,58,71,Bostancı Mahallesi,BOSTANCI,32415,2,1,0,1,0,0,0,6,29.0982033242536,40.9598471253573,0,0,0,214,199,0.0723549998953501,206.19932248958736
1406,5170,676524.784158359,4536569.65412214,676624.784158359,4536469.65412214,57,71,Bostancı Mahallesi,BOSTANCI,32415,0,0,0,2,0,0,0,3,29.098231845179,40.9607473501961,0,0,0,214,204,0.036028873332792,207.6749450799448
1407,5169,676524.784158359,4536669.65412214,676624.784158359,4536569.65412214,56,71,Bostancı Mahallesi,BOSTANCI,32415,0,0,0,2,0,0,0,3,29.0982603673958,40.9616475748776,0,0,0,214,211,0.036028873332792,214.8010461366096
1408,5168,676524.784158359,4536769.65412214,676624.784158359,4536669.65412214,55,71,Bostancı Mahallesi,BOSTANCI,32415,0,0,0,3,0,0,0,2,29.0982888909039,40.9625477994016,0,0,0,214,219,0.0394262416309503,223.31717345858908
1409,5248,676624.784158359,4535969.65412214,676724.784158359,4535869.65412214,63,72,Bostancı Mahallesi,BOSTANCI,32415,7,3,0,4,0,0,0,5,29.099224008069,40.9553426109445,0,0,0,214,166,0.127239499087521,176.56087842426425
1410,5247,676624.784158359,4536069.65412214,676724.784158359,4535969.65412214,62,72,Bostancı Mahallesi,BOSTANCI,32415,7,3,0,4,0,0,0,6,29.0992767080481,40.9562246006307,0,0,0,214,177,0.1286697027537054,188.3872686937029
1411,5246,676624.784158359,4536169.65412214,676724.784158359,4536069.65412214,61,72,Bostancı Mahallesi,BOSTANCI,32415,7,3,0,2,0,0,0,8,29.0993052399193,40.9571248254174,0,0,0,214,166,0.1202293966794608,175.97903992439527
1412,5245,676624.784158359,4536269.65412214,676724.784158359,4536169.65412214,60,72,Bostancı Mahallesi,BOSTANCI,32415,7,3,0,1,0,0,0,9,29.0993337730822,40.9580250500466,0,0,0,214,179,0.1126567169366228,189.0827761658277
1413,5244,676624.784158359,4536369.65412214,676724.784158359,4536269.65412214,59,72,Bostancı Mahallesi,BOSTANCI,32415,3,2,0,1,0,0,0,9,29.099362307537,40.9589252745184,0,0,0,214,191,0.0907658545166113,199.6681391063364
1414,5243,676624.784158359,4536469.65412214,676724.784158359,4536369.65412214,58,72,Bostancı Mahallesi,BOSTANCI,32415,0,0,0,1,0,1,0,5,29.0993908432836,40.9598254988328,0,0,0,214,187,0.1018225378815545,196.52040729192532
1415,5242,676624.784158359,4536569.65412214,676724.784158359,4536469.65412214,57,72,Bostancı Mahallesi,BOSTANCI,32415,0,0,0,2,0,1,0,4,29.0994193803221,40.9607257229897,0,0,0,214,196,0.108681176250656,206.6507552725643
1416,5241,676624.784158359,4536669.65412214,676724.784158359,4536569.65412214,56,72,Bostancı Mahallesi,BOSTANCI,32415,0,0,0,2,0,1,0,5,29.0994479186527,40.9616259469893,0,0,0,214,201,0.11037274815448,212.09246118952524
1417,5240,676624.784158359,4536769.65412214,676724.784158359,4536669.65412214,55,72,Bostancı Mahallesi,BOSTANCI,32415,0,0,0,2,0,0,0,4,29.0994764582753,40.9625261708314,0,0,0,214,197,0.0380991900224921,200.7527702172155
1418,5239,676624.784158359,4536869.65412214,676724.784158359,4536769.65412214,54,72,Bostancı Mahallesi,BOSTANCI,32415,0,0,1,2,0,0,0,2,29.09950499919,40.963426394516,0,0,0,214,217,0.1158304230439313,229.5676009002665
1419,5249,676624.784158359,4535869.65412214,676724.784158359,4535769.65412214,64,72,Bostancı Mahallesi,BOSTANCI,32415,7,3,0,3,0,0,0,6,29.0989194909479,40.9547899061354,1,0,0,214,166,0.1239641824841909,176.28902714618783
1420,5320,676724.784158359,4535969.65412214,676824.784158359,4535869.65412214,63,73,Bostancı Mahallesi,BOSTANCI,32415,7,3,0,3,0,0,0,5,29.1000435379779,40.9555577256452,1,0,0,214,145,0.1225339788180065,153.88371346430546
1421,5319,676724.784158359,4536069.65412214,676824.784158359,4535969.65412214,62,73,Bostancı Mahallesi,BOSTANCI,32415,7,3,0,1,0,0,0,6,29.1003957228201,40.9562572763139,0,0,0,214,145,0.1093475014791956,152.92769385724168
1422,5391,676824.784158359,4536069.65412214,676924.784158359,4535969.65412214,62,74,Bostancı Mahallesi,BOSTANCI,32415,6,1,0,0,0,0,0,5,29.1016351444669,40.9564639191671,0,0,0,214,143,0.0756717533327001,148.41053036328805
1423,5462,676924.784158359,4536169.65412214,677024.784158359,4536069.65412214,61,75,Bostancı Mahallesi,BOSTANCI,32415,0,0,0,0,0,0,0,3,29.1028676442513,40.9570598786574,0,0,0,214,145,0.0128619820548712,145.93249369897816
1424,5318,676724.784158359,4536169.65412214,676824.784158359,4536069.65412214,61,73,Bostancı Mahallesi,BOSTANCI,32415,7,3,0,1,0,0,0,6,29.1004927093227,40.9571031887179,0,0,0,214,167,0.1093475014791956,176.13051637351282
1425,5390,676824.784158359,4536169.65412214,676924.784158359,4536069.65412214,61,74,Bostancı Mahallesi,BOSTANCI,32415,6,1,0,0,0,0,0,5,29.1016801774336,40.9570815397979,0,0,0,214,143,0.0756717533327001,148.41053036328805
1426,5461,676924.784158359,4536269.65412214,677024.784158359,4536169.65412214,60,75,Bostancı Mahallesi,BOSTANCI,32415,0,0,0,0,0,0,0,3,29.1028962257466,40.9579601012388,0,0,0,214,193,0.0128619820548712,194.2411812682951
1427,5389,676824.784158359,4536269.65412214,676924.784158359,4536169.65412214,60,74,Bostancı Mahallesi,BOSTANCI,32415,5,0,0,0,0,0,0,6,29.1017087428181,40.9579817630623,0,0,0,214,187,0.0590018726765491,192.5166750952573
1428,5317,676724.784158359,4536269.65412214,676824.784158359,4536169.65412214,60,73,Bostancı Mahallesi,BOSTANCI,32415,7,3,0,1,0,0,0,7,29.1005212585964,40.9580034126649,0,0,0,214,187,0.1105864002469228,197.33982842308728
1429,5316,676724.784158359,4536369.65412214,676824.784158359,4536269.65412214,59,73,Bostancı Mahallesi,BOSTANCI,32415,3,0,0,1,0,1,0,6,29.1005498091627,40.9589036364545,0,0,0,214,187,0.1349342830405426,199.6163554642907
1430,5460,676924.784158359,4536369.65412214,677024.784158359,4536269.65412214,59,75,Bostancı Mahallesi,BOSTANCI,32415,0,0,0,0,0,1,0,4,29.1029248085357,40.9588603236627,0,0,0,214,196,0.0855142849727352,204.38039992732803
1431,5388,676824.784158359,4536369.65412214,676924.784158359,4536269.65412214,59,74,Bostancı Mahallesi,BOSTANCI,32415,0,0,0,0,0,1,0,5,29.1017373094959,40.9588819861692,0,0,0,214,186,0.0872058568765592,194.11014468952
1432,5315,676724.784158359,4536469.65412214,676824.784158359,4536369.65412214,58,73,Bostancı Mahallesi,BOSTANCI,32415,0,0,0,0,0,1,0,8,29.1005783610216,40.9598038600866,0,0,0,214,191,0.0909677454700832,199.68741969239295
1433,5459,676924.784158359,4536469.65412214,677024.784158359,4536369.65412214,58,75,Bostancı Mahallesi,BOSTANCI,32415,0,0,0,0,0,1,0,4,29.102953392619,40.9597605459292,0,0,0,214,200,0.0855142849727352,208.5514284972735
1434,5387,676824.784158359,4536469.65412214,676924.784158359,4536369.65412214,58,74,Bostancı Mahallesi,BOSTANCI,32415,0,0,0,0,0,1,0,5,29.101765877467,40.9597822091187,0,0,0,214,193,0.0872058568765592,201.41536518858797
1435,5314,676724.784158359,4536569.65412214,676824.784158359,4536469.65412214,57,73,Bostancı Mahallesi,BOSTANCI,32415,0,0,0,1,0,1,0,5,29.1006069141732,40.9607040835613,0,0,0,214,205,0.1018225378815545,215.43681013285936
1436,5458,676924.784158359,4536569.65412214,677024.784158359,4536469.65412214,57,75,Bostancı Mahallesi,BOSTANCI,32415,0,0,0,0,0,1,0,3,29.1029819779964,40.9606607680381,0,0,0,214,193,0.0834439682830351,201.0523429393129
1437,5386,676824.784158359,4536569.65412214,676924.784158359,4536469.65412214,57,74,Bostancı Mahallesi,BOSTANCI,32415,0,0,0,0,0,1,0,4,29.1017944467315,40.9606824319107,0,0,0,214,199,0.0855142849727352,207.50867135478717
1438,5313,676724.784158359,4536669.65412214,676824.784158359,4536569.65412214,56,73,Bostancı Mahallesi,BOSTANCI,32415,0,0,0,2,0,1,0,5,29.1006354686175,40.9616043068785,0,0,0,214,206,0.11037274815448,217.36839305991143
1439,5457,676924.784158359,4536669.65412214,677024.784158359,4536569.65412214,56,75,Bostancı Mahallesi,BOSTANCI,32415,0,0,0,0,0,1,0,5,29.1030105646679,40.9615609899896,0,0,0,214,201,0.0872058568765592,209.76418861609417
1440,5385,676824.784158359,4536669.65412214,676924.784158359,4536569.65412214,56,74,Bostancı Mahallesi,BOSTANCI,32415,0,0,0,1,0,1,0,5,29.1018230172894,40.9615826545453,0,0,0,214,217,0.1018225378815545,228.0477453601487
1441,5312,676724.784158359,4536769.65412214,676824.784158359,4536669.65412214,55,73,Bostancı Mahallesi,BOSTANCI,32415,0,0,0,2,0,1,0,6,29.1006640243545,40.9625045300383,0,0,0,214,215,0.1118029518206644,227.01881732072144
1442,5456,676924.784158359,4536769.65412214,677024.784158359,4536669.65412214,55,75,Bostancı Mahallesi,BOSTANCI,32415,1,0,0,0,0,1,0,7,29.1030391526337,40.9624612117836,0,0,0,214,218,0.1057157300568726,229.52301457619916
1443,5384,676824.784158359,4536769.65412214,676924.784158359,4536669.65412214,55,74,Bostancı Mahallesi,BOSTANCI,32415,0,0,0,2,0,1,0,9,29.1018515891409,40.9624828770223,0,0,0,214,222,0.1151121672780916,234.7774505678682
1444,5311,676724.784158359,4536869.65412214,676824.784158359,4536769.65412214,54,73,Bostancı Mahallesi,BOSTANCI,32415,0,0,1,2,0,0,0,5,29.1006925813845,40.9634047530406,0,0,0,214,222,0.122261414071367,235.5710169619217
1445,5455,676924.784158359,4536869.65412214,677024.784158359,4536769.65412214,54,75,Bostancı Mahallesi,BOSTANCI,32415,1,0,0,0,0,0,1,8,29.1030677418939,40.9633614334201,0,0,0,214,218,0.0888974796590878,227.68982528284056
1446,5383,676824.784158359,4536869.65412214,676924.784158359,4536769.65412214,54,74,Bostancı Mahallesi,BOSTANCI,32415,1,0,0,2,0,0,0,8,29.101880162286,40.9633830993419,0,0,0,214,222,0.059393421266242,228.59266976055287
1447,5382,676824.784158359,4536969.65412214,676924.784158359,4536869.65412214,53,74,Bostancı Mahallesi,BOSTANCI,32415,1,0,1,1,0,0,1,9,29.1019087367247,40.9642833215041,0,0,0,214,215,0.1869623433392216,235.09845190896635
1448,5310,676724.784158359,4536969.65412214,676824.784158359,4536869.65412214,53,73,Bostancı Mahallesi,BOSTANCI,32415,0,0,1,2,0,0,0,5,29.1007211397073,40.9643049758855,0,0,0,214,222,0.122261414071367,235.5710169619217
1449,5454,676924.784158359,4536969.65412214,677024.784158359,4536869.65412214,53,75,Bostancı Mahallesi,BOSTANCI,32415,1,0,0,0,0,0,1,9,29.1030963324484,40.9642616548992,0,0,0,214,215,0.0898750101891754,224.6615635953364
1450,5463,676924.784158359,4536069.65412214,677024.784158359,4535969.65412214,62,75,Bostancı Mahallesi,BOSTANCI,32415,2,1,0,0,0,0,0,3,29.1027760500601,40.9564977780122,1,0,0,214,145,0.0525462266306463,148.80960143072184
1451,5535,677024.784158359,4536069.65412214,677124.784158359,4535969.65412214,62,76,Bostancı Mahallesi,BOSTANCI,32415,0,0,0,0,0,0,0,3,29.1037674970784,40.9565324738337,1,0,0,214,189,0.0128619820548712,190.2154573041853
1452,5534,677024.784158359,4536169.65412214,677124.784158359,4536069.65412214,61,76,Bostancı Mahallesi,BOSTANCI,32415,0,0,0,0,0,0,0,2,29.1040432931504,40.9570483363232,0,0,0,214,189,0.0101928796209596,189.9632271241807
1453,5606,677124.784158359,4536169.65412214,677224.784158359,4536069.65412214,61,77,Bostancı Mahallesi,BOSTANCI,32415,0,0,0,0,0,0,0,0,29.1050860623896,40.957216200501,0,0,0,214,192,0.0,192.0
1454,5678,677224.784158359,4536169.65412214,677324.784158359,4536069.65412214,61,78,Bostancı Mahallesi,BOSTANCI,32415,0,0,0,0,0,0,0,0,29.105925737837,40.9574216106916,1,1,0,214,184,0.0,184.0
1455,5605,677124.784158359,4536269.65412214,677224.784158359,4536169.65412214,60,77,Bostancı Mahallesi,BOSTANCI,32415,0,0,0,0,0,0,0,0,29.1052711877207,40.9579167409294,0,1,0,214,193,0.0,193.0
1456,5533,677024.784158359,4536269.65412214,677124.784158359,4536169.65412214,60,76,Bostancı Mahallesi,BOSTANCI,32415,0,0,0,0,0,0,0,2,29.104083707381,40.9579384271945,0,0,0,214,197,0.0101928796209596,198.00399864266453
1457,5677,677224.784158359,4536269.65412214,677324.784158359,4536169.65412214,60,78,Bostancı Mahallesi,BOSTANCI,32415,0,0,0,1,0,0,0,0,29.1063804712841,40.9579848506334,0,1,0,214,171,0.0146166810049953,172.2497262259271
1458,5676,677224.784158359,4536369.65412214,677324.784158359,4536269.65412214,59,78,Bostancı Mahallesi,BOSTANCI,32415,0,0,0,1,0,0,0,0,29.1064872978881,40.9587952628162,0,1,0,214,175,0.0146166810049953,176.2789595879371
1459,5604,677124.784158359,4536369.65412214,677224.784158359,4536269.65412214,59,77,Bostancı Mahallesi,BOSTANCI,32415,0,0,0,0,0,0,0,0,29.1052998027326,40.9588169619862,0,1,0,214,200,0.0,200.0
1460,5532,677024.784158359,4536369.65412214,677124.784158359,4536269.65412214,59,76,Bostancı Mahallesi,BOSTANCI,32415,0,0,0,0,0,1,0,2,29.1041123062815,40.958838648935,0,0,0,214,195,0.0807748658491235,202.87554942028956
1461,5675,677224.784158359,4536469.65412214,677324.784158359,4536369.65412214,58,78,Bostancı Mahallesi,BOSTANCI,32415,0,0,0,1,0,0,0,0,29.1065159303074,40.9596954830312,0,1,0,214,177,0.0146166810049953,178.29357626894208
1462,5603,677124.784158359,4536469.65412214,677224.784158359,4536369.65412214,58,77,Bostancı Mahallesi,BOSTANCI,32415,0,0,0,0,0,1,0,1,29.1053284190399,40.9597171828854,0,1,0,214,202,0.0770129772555995,209.77831070281556
1463,5531,677024.784158359,4536469.65412214,677124.784158359,4536369.65412214,58,76,Bostancı Mahallesi,BOSTANCI,32415,0,0,0,0,0,1,0,2,29.1041409064769,40.9597388705181,0,1,0,214,196,0.0807748658491235,203.9159368532141
1464,5674,677224.784158359,4536569.65412214,677324.784158359,4536469.65412214,57,78,Bostancı Mahallesi,BOSTANCI,32415,0,0,0,1,0,0,0,0,29.106544564023,40.9605957030887,0,1,0,214,182,0.0146166810049953,183.33011797145457
1465,5602,677124.784158359,4536569.65412214,677224.784158359,4536469.65412214,57,77,Bostancı Mahallesi,BOSTANCI,32415,0,0,0,0,0,1,0,2,29.1053570366428,40.9606174036271,0,1,0,214,197,0.0807748658491235,204.95632428613865
1466,5530,677024.784158359,4536569.65412214,677124.784158359,4536469.65412214,57,76,Bostancı Mahallesi,BOSTANCI,32415,0,0,0,0,0,1,0,2,29.1041695079671,40.9606390919436,0,0,0,214,200,0.0807748658491235,208.07748658491235
1467,5529,677024.784158359,4536669.65412214,677124.784158359,4536569.65412214,56,76,Bostancı Mahallesi,BOSTANCI,32415,0,0,0,0,0,1,0,5,29.1041981107521,40.9615393132116,0,0,0,214,189,0.0872058568765592,197.24095347483484
1468,5673,677224.784158359,4536669.65412214,677324.784158359,4536569.65412214,56,78,Bostancı Mahallesi,BOSTANCI,32415,0,0,0,0,0,0,0,1,29.1065731990349,40.9614959229887,0,1,0,214,151,0.0064309910274356,151.48553982257138
1469,5601,677124.784158359,4536669.65412214,677224.784158359,4536569.65412214,56,77,Bostancı Mahallesi,BOSTANCI,32415,0,0,0,0,0,1,0,5,29.1053856555414,40.9615176242113,0,1,0,214,192,0.0872058568765592,200.3717622601497
1470,5744,677324.784158359,4536769.65412214,677424.784158359,4536669.65412214,55,79,Bostancı Mahallesi,BOSTANCI,32415,0,0,0,0,0,0,0,1,29.1074969690861,40.9622102036882,0,1,0,214,89,0.0064309910274356,89.28617910072089
1471,5528,677024.784158359,4536769.65412214,677124.784158359,4536669.65412214,55,76,Bostancı Mahallesi,BOSTANCI,32415,1,0,0,0,0,1,1,6,29.1042267148322,40.9624395343222,0,0,0,214,173,0.157147780959912,186.5932830530324
1472,5672,677224.784158359,4536769.65412214,677324.784158359,4536669.65412214,55,78,Bostancı Mahallesi,BOSTANCI,32415,1,0,0,0,0,0,1,2,29.1066008325711,40.962395423961,0,0,0,214,140,0.0787046000381281,145.50932200266897
1473,5600,677124.784158359,4536769.65412214,677224.784158359,4536669.65412214,55,77,Bostancı Mahallesi,BOSTANCI,32415,1,0,0,0,0,1,1,5,29.1054142757357,40.962417844638,0,0,0,214,156,0.1557175772937277,168.14597102891076
1474,5671,677224.784158359,4536869.65412214,677324.784158359,4536769.65412214,54,78,Bostancı Mahallesi,BOSTANCI,32415,1,0,0,0,0,0,1,4,29.1064120440181,40.9631940382346,0,0,0,214,140,0.0834440191617397,145.8410813413218
1475,5527,677024.784158359,4536869.65412214,677124.784158359,4536769.65412214,54,76,Bostancı Mahallesi,BOSTANCI,32415,1,0,0,0,0,0,1,8,29.1042553202073,40.9633397552752,0,0,0,214,173,0.0888974796590878,180.6896319905111
1476,5599,677124.784158359,4536869.65412214,677224.784158359,4536769.65412214,54,77,Bostancı Mahallesi,BOSTANCI,32415,1,0,0,0,0,0,1,6,29.1054428972257,40.9633180649071,0,0,0,214,156,0.0865657947317481,162.75213198907636
1477,5670,677224.784158359,4536969.65412214,677324.784158359,4536869.65412214,53,78,Bostancı Mahallesi,BOSTANCI,32415,1,0,0,0,0,0,1,5,29.1061226223218,40.9638300884618,1,0,0,214,117,0.0851355910655637,121.98043207733548
1478,5598,677124.784158359,4536969.65412214,677224.784158359,4536869.65412214,53,77,Bostancı Mahallesi,BOSTANCI,32415,1,0,0,0,0,0,1,6,29.1053734935182,40.9641639548674,0,0,0,214,116,0.0865657947317481,121.0208160944414
1479,5526,677024.784158359,4536969.65412214,677124.784158359,4536869.65412214,53,76,Bostancı Mahallesi,BOSTANCI,32415,1,0,0,0,0,0,1,8,29.1042839268776,40.9642399760707,0,0,0,214,166,0.0888974796590878,173.3784908117043
1480,5597,677124.784158359,4537069.65412214,677224.784158359,4536969.65412214,52,77,Bostancı Mahallesi,BOSTANCI,32415,1,0,0,0,0,0,1,7,29.1050881500734,40.9649083621133,1,0,0,214,86,0.0878046934994753,89.77560182047745
1481,5525,677024.784158359,4537069.65412214,677124.784158359,4536969.65412214,52,76,Bostancı Mahallesi,BOSTANCI,32415,1,0,0,0,0,0,1,8,29.1043037621808,40.9651342631348,0,0,0,214,122,0.0888974796590878,127.42274625920436
1482,5745,677324.784158359,4536669.65412214,677424.784158359,4536569.65412214,56,79,Bostancı Mahallesi,BOSTANCI,32415,0,0,0,0,0,0,0,0,29.1077446053033,40.9614629698087,0,1,0,214,89,0.0,89.0
1483,5746,677324.784158359,4536569.65412214,677424.784158359,4536469.65412214,57,79,Bostancı Mahallesi,BOSTANCI,32415,0,0,0,1,0,0,0,0,29.1077320901067,40.9605739903285,0,1,0,214,169,0.0146166810049953,170.2351095449221
1484,5747,677324.784158359,4536469.65412214,677424.784158359,4536369.65412214,58,79,Bostancı Mahallesi,BOSTANCI,32415,0,0,0,1,0,0,0,0,29.1077034402785,40.9596737709555,0,1,1,214,173,0.0146166810049953,174.2643429069321
1485,5748,677324.784158359,4536369.65412214,677424.784158359,4536269.65412214,59,79,Bostancı Mahallesi,BOSTANCI,32415,0,0,0,1,0,0,0,0,29.1076747917473,40.9587735514251,0,1,0,214,149,0.0146166810049953,150.08894273487215
1486,5749,677324.784158359,4536269.65412214,677424.784158359,4536169.65412214,60,79,Bostancı Mahallesi,BOSTANCI,32415,0,0,0,1,0,0,0,0,29.1075910053512,40.9581413234207,0,1,0,214,171,0.0146166810049953,172.2497262259271
1487,5817,677424.784158359,4536669.65412214,677524.784158359,4536569.65412214,56,80,Bostancı Mahallesi,BOSTANCI,32415,0,0,0,1,0,0,0,0,29.108600303247,40.9612268737156,1,1,0,214,83,0.0146166810049953,83.6065922617073
1488,5818,677424.784158359,4536569.65412214,677524.784158359,4536469.65412214,57,80,Bostancı Mahallesi,BOSTANCI,32415,0,0,0,1,0,0,0,0,29.1088829731894,40.9605269124827,0,1,0,214,114,0.0146166810049953,114.83315081728472
1489,5819,677424.784158359,4536469.65412214,677524.784158359,4536369.65412214,58,80,Bostancı Mahallesi,BOSTANCI,32415,0,0,0,1,0,0,0,0,29.1088909489526,40.9596520466584,0,1,0,214,142,0.0146166810049953,143.03778435135467
1490,5820,677424.784158359,4536369.65412214,677524.784158359,4536269.65412214,59,80,Bostancı Mahallesi,BOSTANCI,32415,0,0,0,1,0,0,0,0,29.1088622843096,40.9587518278129,0,1,0,214,133,0.0146166810049953,133.9720092868322
1491,5821,677424.784158359,4536269.65412214,677524.784158359,4536169.65412214,60,80,Bostancı Mahallesi,BOSTANCI,32415,0,0,0,1,0,0,0,0,29.1088448288736,40.9581678793971,1,1,0,214,133,0.0146166810049953,133.9720092868322
1492,5890,677524.784158359,4536569.65412214,677624.784158359,4536469.65412214,57,81,Bostancı Mahallesi,BOSTANCI,32415,0,0,0,1,0,0,0,0,29.1097114953051,40.9602650912315,1,1,0,214,74,0.0146166810049953,74.54081719718482
1493,5891,677524.784158359,4536469.65412214,677624.784158359,4536369.65412214,58,81,Bostancı Mahallesi,BOSTANCI,32415,0,0,0,1,0,0,0,0,29.1100163448251,40.9595884628541,0,1,0,214,74,0.0146166810049953,74.54081719718482
1494,5892,677524.784158359,4536369.65412214,677624.784158359,4536269.65412214,59,81,Bostancı Mahallesi,BOSTANCI,32415,0,0,0,1,0,0,0,0,29.110008676928,40.9587642794642,0,1,0,214,96,0.0146166810049953,96.70160068823978
1495,5893,677524.784158359,4536269.65412214,677624.784158359,4536169.65412214,60,81,Bostancı Mahallesi,BOSTANCI,32415,0,0,0,1,0,0,0,0,29.109637272283,40.9582075336234,1,1,0,214,96,0.0146166810049953,96.70160068823978
1496,5963,677624.784158359,4536469.65412214,677724.784158359,4536369.65412214,58,82,Bostancı Mahallesi,BOSTANCI,32415,0,0,0,1,0,0,0,0,29.1108192384699,40.9593025769484,1,1,0,214,47,0.0146166810049953,47.343492003617385
1497,5964,677624.784158359,4536369.65412214,677724.784158359,4536269.65412214,59,82,Bostancı Mahallesi,BOSTANCI,32415,0,0,0,1,0,0,0,0,29.1108653091693,40.958981730836,1,1,0,214,47,0.0146166810049953,47.343492003617385
1498,3516,674224.784158359,4536369.65412214,674324.784158359,4536269.65412214,59,48,Suadiye Mahallesi,SUADIYE,25697,0,0,0,0,0,0,0,1,29.07133637625,40.9595147232477,1,0,0,160,9,0.0064309910274356,9.02893945962346
1499,3587,674324.784158359,4536469.65412214,674424.784158359,4536369.65412214,58,49,Suadiye Mahallesi,SUADIYE,25697,0,0,1,0,0,0,0,2,29.0720775802087,40.960319816726,0,0,0,160,99,0.0926635317660105,103.58684482241752
1500,3588,674324.784158359,4536369.65412214,674424.784158359,4536269.65412214,59,49,Suadiye Mahallesi,SUADIYE,25697,0,0,0,0,0,0,0,1,29.0720494150628,40.9594195768259,0,0,0,160,64,0.0064309910274356,64.20579171287794
1501,3589,674324.784158359,4536269.65412214,674424.784158359,4536169.65412214,60,49,Suadiye Mahallesi,SUADIYE,25697,0,0,0,0,0,0,0,1,29.0720296428512,40.9585255892196,0,0,0,160,46,0.0064309910274356,46.14791279363102
1502,3590,674324.784158359,4536169.65412214,674424.784158359,4536069.65412214,61,49,Suadiye Mahallesi,SUADIYE,25697,0,0,0,0,0,0,0,1,29.0722689725631,40.9578799834863,1,0,0,160,15,0.0064309910274356,15.048232432705769
1503,3658,674424.784158359,4536569.65412214,674524.784158359,4536469.65412214,57,50,Suadiye Mahallesi,SUADIYE,25697,0,2,1,0,0,0,0,1,29.0732933100125,40.9611986981585,0,0,0,160,171,0.1120059854192918,180.57651175334945
1504,3659,674424.784158359,4536469.65412214,674524.784158359,4536369.65412214,58,50,Suadiye Mahallesi,SUADIYE,25697,0,0,1,0,0,0,0,1,29.0732651274769,40.9602984590888,0,0,0,160,169,0.0889016431724864,176.51218884807508
1505,3660,674424.784158359,4536369.65412214,674524.784158359,4536269.65412214,59,50,Suadiye Mahallesi,SUADIYE,25697,0,0,1,0,0,0,0,1,29.0732369462173,40.9593982198621,0,0,0,160,131,0.0889016431724864,136.82305762779785
1506,3661,674424.784158359,4536269.65412214,674524.784158359,4536169.65412214,60,50,Suadiye Mahallesi,SUADIYE,25697,0,0,0,0,0,0,0,1,29.0732087662334,40.9584979804783,0,0,0,160,68,0.0064309910274356,68.21865369493281
1507,3662,674424.784158359,4536169.65412214,674524.784158359,4536069.65412214,61,50,Suadiye Mahallesi,SUADIYE,25697,0,0,0,0,0,0,0,1,29.0732385524227,40.9576723857289,0,0,0,160,35,0.0064309910274356,35.11254234298012
1508,3663,674424.784158359,4536069.65412214,674524.784158359,4535969.65412214,62,50,Suadiye Mahallesi,SUADIYE,25697,0,0,0,0,0,0,0,1,29.0737053283241,40.9571166007394,1,0,0,160,6,0.0064309910274356,6.019292973082306
1509,3728,674524.784158359,4536769.65412214,674624.784158359,4536669.65412214,55,51,Suadiye Mahallesi,SUADIYE,25697,12,4,1,1,0,0,0,3,29.0745372732496,40.9629778039455,0,0,0,160,186,0.2024143820460447,204.82453753028216
1510,3729,674524.784158359,4536669.65412214,674624.784158359,4536569.65412214,56,51,Suadiye Mahallesi,SUADIYE,25697,8,4,1,0,0,0,0,1,29.0745090720461,40.9620775658637,0,0,0,160,187,0.1729629480087961,203.1720356388224
1511,3730,674524.784158359,4536569.65412214,674624.784158359,4536469.65412214,57,51,Suadiye Mahallesi,SUADIYE,25697,8,2,1,0,0,0,0,1,29.0744808721193,40.9611773276249,0,0,0,160,171,0.162220040650427,184.86981347561152
1512,3731,674524.784158359,4536469.65412214,674624.784158359,4536369.65412214,58,51,Suadiye Mahallesi,SUADIYE,25697,3,0,1,0,0,0,0,1,29.0744526734693,40.960277089229,0,0,0,160,174,0.1205831846652901,184.49073706588024
1513,3732,674524.784158359,4536369.65412214,674624.784158359,4536269.65412214,59,51,Suadiye Mahallesi,SUADIYE,25697,0,0,1,0,0,0,0,1,29.0744244760959,40.9593768506761,0,0,0,160,166,0.0889016431724864,173.37883638331635
1514,3733,674524.784158359,4536269.65412214,674624.784158359,4536169.65412214,60,51,Suadiye Mahallesi,SUADIYE,25697,0,0,1,0,0,0,0,1,29.074396279999,40.9584766119661,0,0,0,160,127,0.0889016431724864,132.64525434145287
1515,3734,674524.784158359,4536169.65412214,674624.784158359,4536069.65412214,61,51,Suadiye Mahallesi,SUADIYE,25697,0,0,0,0,0,0,0,1,29.0743680851787,40.9575763730991,0,0,0,160,6,0.0064309910274356,6.019292973082306
1516,3735,674524.784158359,4536069.65412214,674624.784158359,4535969.65412214,62,51,Suadiye Mahallesi,SUADIYE,25697,0,0,0,0,0,0,0,1,29.0744945193393,40.9569481791361,0,0,0,160,6,0.0064309910274356,6.019292973082306
1517,3799,674624.784158359,4536869.65412214,674724.784158359,4536769.65412214,54,52,Suadiye Mahallesi,SUADIYE,25697,12,4,0,1,0,0,0,2,29.0757530849077,40.9638566570911,0,0,0,160,190,0.1172746274670823,201.14108960937284
1518,3800,674624.784158359,4536769.65412214,674724.784158359,4536669.65412214,55,52,Suadiye Mahallesi,SUADIYE,25697,9,4,1,1,0,0,0,1,29.0757248663107,40.9629564198407,0,0,0,160,190,0.1899874751697984,208.04881014113087
1519,3801,674624.784158359,4536669.65412214,674724.784158359,4536569.65412214,56,52,Suadiye Mahallesi,SUADIYE,25697,8,5,1,0,0,0,0,1,29.0756966489914,40.9620561824331,0,0,0,160,189,0.1767972576106346,205.707340844205
1520,3802,674624.784158359,4536569.65412214,674724.784158359,4536469.65412214,57,52,Suadiye Mahallesi,SUADIYE,25697,8,4,1,0,0,0,0,2,29.0756684329495,40.9611559448685,0,0,0,160,190,0.1767248366023202,206.7888594772204
1521,3803,674624.784158359,4536469.65412214,674724.784158359,4536369.65412214,58,52,Suadiye Mahallesi,SUADIYE,25697,8,1,1,0,0,0,0,0,29.075640218185,40.9602557071468,0,0,0,160,187,0.1472619243363936,200.7689899254528
1522,3804,674624.784158359,4536369.65412214,674724.784158359,4536269.65412214,59,52,Suadiye Mahallesi,SUADIYE,25697,0,0,1,0,0,0,0,1,29.0756120046979,40.959355469268,0,0,0,160,189,0.0889016431724864,197.4012052798
1523,3805,674624.784158359,4536269.65412214,674724.784158359,4536169.65412214,60,52,Suadiye Mahallesi,SUADIYE,25697,0,0,1,0,0,0,0,1,29.0755837924881,40.9584552312322,0,0,0,160,171,0.0889016431724864,178.6010904912476
1524,3806,674624.784158359,4536169.65412214,674724.784158359,4536069.65412214,61,52,Suadiye Mahallesi,SUADIYE,25697,0,0,0,0,0,0,0,2,29.0755555815556,40.9575549930394,0,0,0,160,11,0.0101928796209596,11.056060837915275
1525,3879,674724.784158359,4536069.65412214,674824.784158359,4535969.65412214,62,53,Suadiye Mahallesi,SUADIYE,25697,0,0,0,0,0,0,0,1,29.07691685163,40.9569146069995,1,0,0,160,34,0.0064309910274356,34.109326847466406
1526,3878,674724.784158359,4536169.65412214,674824.784158359,4536069.65412214,61,53,Suadiye Mahallesi,SUADIYE,25697,0,0,0,0,0,0,0,1,29.0767430766553,40.9575336007583,0,0,0,160,34,0.0064309910274356,34.109326847466406
1527,3877,674724.784158359,4536269.65412214,674824.784158359,4536169.65412214,60,53,Suadiye Mahallesi,SUADIYE,25697,0,0,0,0,0,0,0,1,29.0767713037,40.9584338382766,0,0,0,160,173,0.0064309910274356,173.5562807238732
1528,3876,674724.784158359,4536369.65412214,674824.784158359,4536269.65412214,59,53,Suadiye Mahallesi,SUADIYE,25697,0,2,1,0,0,0,0,1,29.0767995320227,40.9593340756379,0,0,0,160,189,0.1120059854192918,199.58456562212308
1529,3875,674724.784158359,4536469.65412214,674824.784158359,4536369.65412214,58,53,Suadiye Mahallesi,SUADIYE,25697,8,2,1,0,0,0,0,1,29.0768277616234,40.960234312842,0,0,0,160,189,0.162220040650427,204.32979384146532
1530,3874,674724.784158359,4536569.65412214,674824.784158359,4536469.65412214,57,53,Suadiye Mahallesi,SUADIYE,25697,8,4,1,0,0,0,0,2,29.0768559925022,40.9611345498892,0,0,0,160,191,0.1767248366023202,207.8772218955216
1531,3873,674724.784158359,4536669.65412214,674824.784158359,4536569.65412214,56,53,Suadiye Mahallesi,SUADIYE,25697,8,5,1,0,0,0,0,2,29.0768842246591,40.9620347867792,0,0,0,160,190,0.1805591462041587,207.15311888939507
1532,3872,674724.784158359,4536769.65412214,674824.784158359,4536669.65412214,55,53,Suadiye Mahallesi,SUADIYE,25697,8,4,1,0,0,0,0,2,29.0769124580943,40.9629350235121,0,0,0,160,185,0.1767248366023202,201.3470473857146
1533,3871,674724.784158359,4536869.65412214,674824.784158359,4536769.65412214,54,53,Suadiye Mahallesi,SUADIYE,25697,8,4,0,1,0,0,0,1,29.0769406928077,40.963835260088,0,0,0,160,190,0.1051089768687405,199.98535280253037
1534,3870,674724.784158359,4536969.65412214,674824.784158359,4536869.65412214,53,53,Suadiye Mahallesi,SUADIYE,25697,8,3,0,1,0,0,0,1,29.0769689287996,40.9647354965068,0,0,0,160,191,0.1004161611839812,200.58974339307025
1535,3951,674824.784158359,4536069.65412214,674924.784158359,4535969.65412214,62,54,Suadiye Mahallesi,SUADIYE,25697,0,0,0,0,0,0,0,1,29.0779489021316,40.9566472583726,0,0,0,160,9,0.0064309910274356,9.02893945962346
1536,3950,674824.784158359,4536169.65412214,674924.784158359,4536069.65412214,61,54,Suadiye Mahallesi,SUADIYE,25697,0,0,0,0,0,0,0,1,29.0779305704772,40.9575121962559,0,0,0,160,82,0.0064309910274356,82.26367063212486
1537,3949,674824.784158359,4536269.65412214,674924.784158359,4536169.65412214,60,54,Suadiye Mahallesi,SUADIYE,25697,0,2,0,0,0,0,0,1,29.0779588136339,40.9584124330993,0,0,0,160,173,0.029535333274241,175.55480632822187
1538,3948,674824.784158359,4536369.65412214,674924.784158359,4536269.65412214,59,54,Suadiye Mahallesi,SUADIYE,25697,0,4,0,0,0,0,0,1,29.0779870580694,40.9593126697856,0,0,0,160,187,0.04027824063261,190.76601549914903
1539,3947,674824.784158359,4536469.65412214,674924.784158359,4536369.65412214,58,54,Suadiye Mahallesi,SUADIYE,25697,3,4,1,0,0,0,0,1,29.0780153037836,40.9602129063149,0,0,0,160,190,0.1544304342704646,204.67089125569413
1540,3946,674824.784158359,4536569.65412214,674924.784158359,4536469.65412214,57,54,Suadiye Mahallesi,SUADIYE,25697,8,4,1,0,0,0,0,1,29.0780435507767,40.961113142687,0,0,0,160,189,0.1729629480087961,205.3449985868312
1541,3945,674824.784158359,4536669.65412214,674924.784158359,4536569.65412214,56,54,Suadiye Mahallesi,SUADIYE,25697,8,4,1,0,0,0,0,2,29.0780717990486,40.9620133789021,0,0,0,160,190,0.1767248366023202,206.7888594772204
1542,3944,674824.784158359,4536769.65412214,674924.784158359,4536669.65412214,55,54,Suadiye Mahallesi,SUADIYE,25697,8,4,0,0,0,0,0,2,29.0781000485995,40.96291361496,0,0,0,160,189,0.0942541844572693,197.90702043121195
1543,3943,674824.784158359,4536869.65412214,674924.784158359,4536769.65412214,54,54,Suadiye Mahallesi,SUADIYE,25697,8,3,0,1,0,0,0,1,29.0781282994294,40.9638138508609,0,0,0,160,191,0.1004161611839812,200.58974339307025
1544,3942,674824.784158359,4536969.65412214,674924.784158359,4536869.65412214,53,54,Suadiye Mahallesi,SUADIYE,25697,5,1,0,1,0,0,0,1,29.0781565515385,40.9647140866046,0,0,0,160,191,0.0765726873546079,198.31269164236505
1545,3941,674824.784158359,4537069.65412214,674924.784158359,4536969.65412214,52,54,Suadiye Mahallesi,SUADIYE,25697,0,1,0,1,0,0,0,0,29.0781848049266,40.9656143221912,0,0,0,160,207,0.0291938979652028,210.0215684393985
1546,3953,674824.784158359,4535869.65412214,674924.784158359,4535769.65412214,64,54,Suadiye Mahallesi,SUADIYE,25697,0,0,0,0,0,0,0,1,29.07824111076,40.9552342273852,1,0,0,160,17,0.0064309910274356,17.054663423733203
1547,4012,674924.784158359,4537169.65412214,675024.784158359,4537069.65412214,51,55,Suadiye Mahallesi,SUADIYE,25697,0,0,0,0,0,0,0,0,29.0794007132901,40.9664931341434,0,0,0,160,202,0.0,202.0
1548,4013,674924.784158359,4537069.65412214,675024.784158359,4536969.65412214,52,55,Suadiye Mahallesi,SUADIYE,25697,0,0,0,1,0,0,0,0,29.0793724425042,40.9655928993893,0,0,0,160,202,0.0146166810049953,203.4762847815045
1549,4014,674924.784158359,4536969.65412214,675024.784158359,4536869.65412214,53,55,Suadiye Mahallesi,SUADIYE,25697,0,1,0,1,0,0,0,0,29.0793441729982,40.9646926644781,0,0,0,160,198,0.0291938979652028,200.89019589855508
1550,4015,674924.784158359,4536869.65412214,675024.784158359,4536769.65412214,54,55,Suadiye Mahallesi,SUADIYE,25697,8,2,0,1,0,0,0,1,29.0793159047721,40.9637924294098,0,0,0,160,186,0.0943660695103715,194.77604446446455
1551,4016,674924.784158359,4536769.65412214,675024.784158359,4536669.65412214,55,55,Suadiye Mahallesi,SUADIYE,25697,8,4,0,1,0,0,0,1,29.0792876378257,40.9628921941843,0,0,0,160,185,0.1051089768687405,194.7225803603585
1552,4017,674924.784158359,4536669.65412214,675024.784158359,4536569.65412214,56,55,Suadiye Mahallesi,SUADIYE,25697,8,4,0,1,0,0,0,1,29.0792593721592,40.9619919588018,0,0,0,160,191,0.1051089768687405,201.0379072909647
1553,4018,674924.784158359,4536569.65412214,675024.784158359,4536469.65412214,57,55,Suadiye Mahallesi,SUADIYE,25697,9,5,0,0,0,0,0,2,29.0792311077723,40.9610917232621,0,0,0,160,190,0.1004963402151147,199.5471523204359
1554,4019,674924.784158359,4536469.65412214,675024.784158359,4536369.65412214,58,55,Suadiye Mahallesi,SUADIYE,25697,6,4,0,0,0,0,0,2,29.0792028446651,40.9601914875653,0,0,0,160,190,0.0885107949502314,198.408525520272
1555,4020,674924.784158359,4536369.65412214,675024.784158359,4536269.65412214,59,55,Suadiye Mahallesi,SUADIYE,25697,6,4,0,0,0,0,0,2,29.0791745828374,40.9592912517114,0,0,0,160,189,0.0885107949502314,197.36427012279685
1556,4021,674924.784158359,4536269.65412214,675024.784158359,4536169.65412214,60,55,Suadiye Mahallesi,SUADIYE,25697,6,3,0,0,0,0,0,2,29.0791463222891,40.9583910157004,0,0,0,160,175,0.083817979265472,182.3340731857288
1557,4022,674924.784158359,4536169.65412214,675024.784158359,4536069.65412214,61,55,Suadiye Mahallesi,SUADIYE,25697,0,1,0,0,0,0,0,1,29.0791180630204,40.9574907795323,0,0,0,160,135,0.0210082079876431,136.41805403916592
1558,4023,674924.784158359,4536069.65412214,675024.784158359,4535969.65412214,62,55,Suadiye Mahallesi,SUADIYE,25697,0,0,0,0,0,0,0,1,29.0790898050309,40.956590543207,0,0,0,160,58,0.0064309910274356,58.18649873979563
1559,4024,674924.784158359,4535969.65412214,675024.784158359,4535869.65412214,63,55,Suadiye Mahallesi,SUADIYE,25697,0,0,0,0,0,0,0,1,29.0790615483208,40.9556903067247,0,0,0,160,17,0.0064309910274356,17.054663423733203
1560,4025,674924.784158359,4535869.65412214,675024.784158359,4535769.65412214,64,55,Suadiye Mahallesi,SUADIYE,25697,0,0,0,0,0,0,0,1,29.0792469262755,40.9551063348039,1,0,0,160,17,0.0064309910274356,17.054663423733203
1561,4092,675024.784158359,4536369.65412214,675124.784158359,4536269.65412214,59,56,Suadiye Mahallesi,SUADIYE,25697,6,4,0,0,0,0,0,2,29.0803621063258,40.9592698214152,0,0,0,160,190,0.0885107949502314,198.408525520272
1562,4091,675024.784158359,4536469.65412214,675124.784158359,4536369.65412214,58,56,Suadiye Mahallesi,SUADIYE,25697,6,4,0,0,0,0,0,2,29.0803903842669,40.9601700565934,0,0,0,160,189,0.0885107949502314,197.36427012279685
1563,4090,675024.784158359,4536569.65412214,675124.784158359,4536469.65412214,57,56,Suadiye Mahallesi,SUADIYE,25697,6,4,0,0,0,0,0,2,29.0804186634883,40.9610702916145,0,0,0,160,189,0.0885107949502314,197.36427012279685
1564,4089,675024.784158359,4536669.65412214,675124.784158359,4536569.65412214,56,56,Suadiye Mahallesi,SUADIYE,25697,6,3,0,1,0,0,0,2,29.0804469439901,40.9619705264784,0,0,0,160,167,0.0984346602704674,175.21929413258405
1565,4088,675024.784158359,4536769.65412214,675124.784158359,4536669.65412214,55,56,Suadiye Mahallesi,SUADIYE,25697,0,4,0,2,0,0,0,1,29.0804752257722,40.9628707611852,0,0,0,160,194,0.0634451319105308,200.1541777953215
1566,4087,675024.784158359,4536869.65412214,675124.784158359,4536769.65412214,54,56,Suadiye Mahallesi,SUADIYE,25697,0,0,0,2,0,0,0,0,29.0805035088348,40.9637709957348,0,0,0,160,209,0.0231668912779208,211.4209401385427
1567,4086,675024.784158359,4536969.65412214,675124.784158359,4536869.65412214,53,56,Suadiye Mahallesi,SUADIYE,25697,0,0,0,2,0,0,0,0,29.080531793178,40.9646712301273,0,0,0,160,209,0.0231668912779208,211.4209401385427
1568,4085,675024.784158359,4537069.65412214,675124.784158359,4536969.65412214,52,56,Suadiye Mahallesi,SUADIYE,25697,0,0,0,2,0,0,0,0,29.0805600788018,40.9655714643627,0,0,0,160,218,0.0231668912779208,220.5251911492933
1569,4084,675024.784158359,4537169.65412214,675124.784158359,4537069.65412214,51,56,Suadiye Mahallesi,SUADIYE,25697,0,0,0,1,0,0,0,0,29.0805883657063,40.9664716984409,0,0,0,160,218,0.0146166810049953,219.59321822954448
1570,4093,675024.784158359,4536269.65412214,675124.784158359,4536169.65412214,60,56,Suadiye Mahallesi,SUADIYE,25697,6,3,0,0,0,0,0,2,29.080333829665,40.9583695860799,0,0,0,160,185,0.083817979265472,192.75316308205615
1571,4094,675024.784158359,4536169.65412214,675124.784158359,4536069.65412214,61,56,Suadiye Mahallesi,SUADIYE,25697,6,1,0,0,0,0,0,2,29.0803055542842,40.9574693505874,0,0,0,160,167,0.0692407623052645,172.7816036524896
1572,4095,675024.784158359,4536069.65412214,675124.784158359,4535969.65412214,62,56,Suadiye Mahallesi,SUADIYE,25697,0,0,0,0,0,0,0,1,29.0802772801835,40.9565691149379,0,0,0,160,77,0.0064309910274356,77.24759315455627
1573,4096,675024.784158359,4535969.65412214,675124.784158359,4535869.65412214,63,56,Suadiye Mahallesi,SUADIYE,25697,0,0,0,0,0,0,0,1,29.0802490073629,40.9556688791312,0,0,0,160,42,0.0064309910274356,42.13505081157615
1574,4097,675024.784158359,4535869.65412214,675124.784158359,4535769.65412214,64,56,Suadiye Mahallesi,SUADIYE,25697,0,0,0,0,0,0,0,1,29.0802597630701,40.9547939217439,0,0,0,160,9,0.0064309910274356,9.02893945962346
1575,4098,675024.784158359,4535769.65412214,675124.784158359,4535669.65412214,65,56,Suadiye Mahallesi,SUADIYE,25697,0,0,0,0,0,0,0,0,29.0805119963329,40.9540864044345,1,0,0,160,9,0.0,9.0
1576,4160,675124.784158359,4536769.65412214,675224.784158359,4536669.65412214,55,57,Suadiye Mahallesi,SUADIYE,25697,2,2,0,2,0,0,0,1,29.0816628124382,40.9628493159625,0,0,0,160,207,0.0778092521677294,215.05325759936
1577,4159,675124.784158359,4536869.65412214,675224.784158359,4536769.65412214,54,57,Suadiye Mahallesi,SUADIYE,25697,0,0,0,2,0,0,0,0,29.0816911116171,40.963749549836,0,0,0,160,206,0.0231668912779208,208.38618980162585
1578,4158,675124.784158359,4536969.65412214,675224.784158359,4536869.65412214,53,57,Suadiye Mahallesi,SUADIYE,25697,0,0,0,2,0,0,0,0,29.0817194120772,40.9646497835523,0,0,0,160,212,0.0231668912779208,214.4556904754596
1579,4157,675124.784158359,4537069.65412214,675224.784158359,4536969.65412214,52,57,Suadiye Mahallesi,SUADIYE,25697,0,0,0,2,0,0,0,0,29.0817477138187,40.9655500171115,0,0,0,160,226,0.0231668912779208,228.61785871440503
1580,4156,675124.784158359,4537169.65412214,675224.784158359,4537069.65412214,51,57,Suadiye Mahallesi,SUADIYE,25697,0,0,0,2,0,0,0,0,29.0817760168416,40.9664502505134,0,0,0,160,226,0.0231668912779208,228.61785871440503
1581,4155,675124.784158359,4537269.65412214,675224.784158359,4537169.65412214,50,57,Suadiye Mahallesi,SUADIYE,25697,0,0,0,1,0,0,0,0,29.081804321146,40.9673504837583,0,0,0,160,234,0.0146166810049953,235.71015167758443
1582,4161,675124.784158359,4536669.65412214,675224.784158359,4536569.65412214,56,57,Suadiye Mahallesi,SUADIYE,25697,8,3,0,1,0,0,1,2,29.0816345145405,40.9619490819319,0,0,0,160,195,0.1568489994482719,210.2927774462065
1583,4162,675124.784158359,4536569.65412214,675224.784158359,4536469.65412214,57,57,Suadiye Mahallesi,SUADIYE,25697,6,4,0,0,0,0,1,2,29.081606217924,40.9610488477441,0,0,0,160,189,0.141181744620998,202.34167486668437
1584,4163,675124.784158359,4536469.65412214,675224.784158359,4536369.65412214,58,57,Suadiye Mahallesi,SUADIYE,25697,6,5,0,0,0,0,1,2,29.0815779225885,40.9601486133992,0,0,0,160,189,0.1450160542228365,202.70401712405803
1585,4164,675124.784158359,4536369.65412214,675224.784158359,4536269.65412214,59,57,Suadiye Mahallesi,SUADIYE,25697,6,5,0,0,0,0,1,2,29.0815496285341,40.9592483788971,0,0,0,160,193,0.1450160542228365,206.99404923250373
1586,4165,675124.784158359,4536269.65412214,675224.784158359,4536169.65412214,60,57,Suadiye Mahallesi,SUADIYE,25697,6,4,0,0,0,0,0,1,29.0815213357606,40.9583481442378,0,0,0,160,190,0.0847489063567073,198.0511461038872
1587,4166,675124.784158359,4536169.65412214,675224.784158359,4536069.65412214,61,57,Suadiye Mahallesi,SUADIYE,25697,6,2,0,0,0,0,0,1,29.081493044268,40.9574479094214,0,0,0,160,187,0.0740059989983383,193.91956090634463
1588,4167,675124.784158359,4536069.65412214,675224.784158359,4535969.65412214,62,57,Suadiye Mahallesi,SUADIYE,25697,0,0,0,0,0,0,0,1,29.0814647540562,40.9565476744479,0,0,0,160,178,0.0064309910274356,178.57235820144177
1589,4168,675124.784158359,4535969.65412214,675224.784158359,4535869.65412214,63,57,Suadiye Mahallesi,SUADIYE,25697,0,0,0,0,0,0,0,2,29.0814364651251,40.9556474393172,0,0,0,160,135,0.0101928796209596,135.68801937441478
1590,4169,675124.784158359,4535869.65412214,675224.784158359,4535769.65412214,64,57,Suadiye Mahallesi,SUADIYE,25697,0,0,0,0,0,0,0,1,29.0814081774747,40.9547472040294,0,0,0,160,27,0.0064309910274356,27.08681837887038
1591,4170,675124.784158359,4535769.65412214,675224.784158359,4535669.65412214,65,57,Suadiye Mahallesi,SUADIYE,25697,0,0,0,0,0,0,0,1,29.0814068762805,40.9538694687635,0,0,0,160,21,0.0064309910274356,21.067525405788075
1592,4171,675124.784158359,4535669.65412214,675224.784158359,4535569.65412214,66,57,Suadiye Mahallesi,SUADIYE,25697,0,0,0,0,0,0,0,1,29.0817235236925,40.953354661682,1,0,0,160,3,0.0064309910274356,3.009646486541153
1593,4228,675224.784158359,4537169.65412214,675324.784158359,4537069.65412214,51,58,Suadiye Mahallesi,SUADIYE,25697,0,1,0,1,0,0,0,0,29.0829636666955,40.966428790361,0,0,0,160,229,0.0291938979652028,232.34270131701567
1594,4229,675224.784158359,4537069.65412214,675324.784158359,4536969.65412214,52,58,Suadiye Mahallesi,SUADIYE,25697,0,0,0,2,0,0,0,0,29.0829353475543,40.9655285576356,0,0,0,160,229,0.0231668912779208,231.65260905132192
1595,4230,675224.784158359,4536969.65412214,675324.784158359,4536869.65412214,53,58,Suadiye Mahallesi,SUADIYE,25697,2,1,0,2,0,0,0,0,29.0829070296951,40.9646283247531,0,0,0,160,214,0.0628511358536959,220.72507153634547
1596,4231,675224.784158359,4536869.65412214,675324.784158359,4536769.65412214,54,58,Suadiye Mahallesi,SUADIYE,25697,5,1,0,2,0,0,0,0,29.0828787131181,40.9637280917133,0,0,0,160,212,0.0786919066000978,220.3413420996104
1597,4232,675224.784158359,4536769.65412214,675324.784158359,4536669.65412214,55,58,Suadiye Mahallesi,SUADIYE,25697,5,1,0,2,0,0,1,0,29.082850397823,40.9628278585164,0,0,0,160,209,0.1313628562708644,222.7274184803053
1598,4233,675224.784158359,4536669.65412214,675324.784158359,4536569.65412214,56,58,Suadiye Mahallesi,SUADIYE,25697,11,2,0,2,0,0,1,1,29.0828220838099,40.9619276251623,0,0,0,160,197,0.1621617433312997,212.97293171813303
1599,4234,675224.784158359,4536569.65412214,675324.784158359,4536469.65412214,57,58,Suadiye Mahallesi,SUADIYE,25697,11,4,0,0,0,0,1,1,29.0827937710786,40.9610273916511,0,0,0,160,185,0.1497377594117479,198.8507427455867
1600,4235,675224.784158359,4536469.65412214,675324.784158359,4536369.65412214,58,58,Suadiye Mahallesi,SUADIYE,25697,6,4,0,0,0,0,1,2,29.0827654596291,40.9601271579826,0,0,0,160,185,0.141181744620998,198.05931137744236
1601,4236,675224.784158359,4536369.65412214,675324.784158359,4536269.65412214,59,58,Suadiye Mahallesi,SUADIYE,25697,6,6,0,0,0,0,1,2,29.0827371494614,40.959226924157,0,0,0,160,190,0.1482579167989638,204.0845020959016
1602,4237,675224.784158359,4536269.65412214,675324.784158359,4536169.65412214,60,58,Suadiye Mahallesi,SUADIYE,25697,6,5,0,0,0,0,1,2,29.0827088405754,40.9583266901743,0,0,0,160,191,0.1450160542228365,204.84903317828088
1603,4238,675224.784158359,4536169.65412214,675324.784158359,4536069.65412214,61,58,Suadiye Mahallesi,SUADIYE,25697,6,5,0,0,0,0,0,2,29.0826805329709,40.9574264560343,0,0,0,160,194,0.0923451045520699,202.9574751415508
1604,4239,675224.784158359,4536069.65412214,675324.784158359,4535969.65412214,62,58,Suadiye Mahallesi,SUADIYE,25697,0,2,0,0,0,0,0,2,29.082652226648,40.9565262217372,0,0,0,160,181,0.033297221867765,184.01339857903275
1605,4240,675224.784158359,4535969.65412214,675324.784158359,4535869.65412214,63,58,Suadiye Mahallesi,SUADIYE,25697,0,0,0,0,0,0,0,1,29.0826239216066,40.955625987283,0,0,0,160,121,0.0064309910274356,121.38907495715983
1606,4241,675224.784158359,4535869.65412214,675324.784158359,4535769.65412214,64,58,Suadiye Mahallesi,SUADIYE,25697,0,0,0,0,0,0,0,1,29.0825956178466,40.9547257526715,0,0,0,160,50,0.0064309910274356,50.16077477568589
1607,4242,675224.784158359,4535769.65412214,675324.784158359,4535669.65412214,65,58,Suadiye Mahallesi,SUADIYE,25697,0,0,0,0,0,0,0,1,29.0825557011631,40.9538372307192,0,0,0,160,50,0.0064309910274356,50.16077477568589
1608,4243,675224.784158359,4535669.65412214,675324.784158359,4535569.65412214,66,58,Suadiye Mahallesi,SUADIYE,25697,0,0,0,0,0,0,0,1,29.0821994156,40.953342953544,1,0,0,160,15,0.0064309910274356,15.048232432705769
1609,4300,675324.784158359,4537169.65412214,675424.784158359,4537069.65412214,51,59,Suadiye Mahallesi,SUADIYE,25697,0,5,0,1,0,0,1,2,29.0841513152673,40.9664073179836,0,0,0,160,230,0.1151620695037345,243.24363799292948
1610,4301,675324.784158359,4537069.65412214,675424.784158359,4536969.65412214,52,59,Suadiye Mahallesi,SUADIYE,25697,0,2,0,2,0,0,1,2,29.0841229800077,40.9655070859353,0,0,0,160,230,0.1091350628164525,242.55053222389205
1611,4302,675324.784158359,4536969.65412214,675424.784158359,4536869.65412214,53,59,Suadiye Mahallesi,SUADIYE,25697,5,2,0,2,0,0,0,1,29.084094646031,40.9646068537297,0,0,0,160,216,0.0936500229141312,226.11420247472617
1612,4303,675324.784158359,4536869.65412214,675424.784158359,4536769.65412214,54,59,Suadiye Mahallesi,SUADIYE,25697,5,1,0,2,0,0,0,0,29.084066313337,40.9637066213669,0,0,0,160,209,0.0786919066000978,217.22330423971025
1613,4304,675324.784158359,4536769.65412214,675424.784158359,4536669.65412214,55,59,Suadiye Mahallesi,SUADIYE,25697,5,1,0,2,0,0,1,0,29.0840379819258,40.9628063888469,0,0,0,160,212,0.1313628562708644,225.9244627647116
1614,4305,675324.784158359,4536669.65412214,675424.784158359,4536569.65412214,56,59,Suadiye Mahallesi,SUADIYE,25697,11,1,0,1,0,0,1,1,29.0840096517973,40.9619061561698,0,0,0,160,210,0.1450844077717764,225.23386281603652
1615,4306,675324.784158359,4536569.65412214,675424.784158359,4536469.65412214,57,59,Suadiye Mahallesi,SUADIYE,25697,11,4,0,0,0,0,1,1,29.0839813229514,40.9610059233354,0,0,0,160,179,0.1497377594117479,192.40152946735145
1616,4307,675324.784158359,4536469.65412214,675424.784158359,4536369.65412214,58,59,Suadiye Mahallesi,SUADIYE,25697,9,6,0,0,0,0,1,2,29.083952995388,40.9601056903439,0,0,0,160,179,0.1564091524620086,192.99861914534975
1617,4308,675324.784158359,4536369.65412214,675424.784158359,4536269.65412214,59,59,Suadiye Mahallesi,SUADIYE,25697,6,9,0,0,0,0,1,2,29.0839246691071,40.9592054571951,0,0,0,160,182,0.1557589615812055,196.1740655038897
1618,4373,675424.784158359,4537069.65412214,675524.784158359,4536969.65412214,52,60,Suadiye Mahallesi,SUADIYE,25697,0,7,0,1,0,0,1,2,29.0853106111782,40.9654856020104,0,0,0,160,220,0.1212121611773442,233.33333772950783
1619,4374,675424.784158359,4536969.65412214,675524.784158359,4536869.65412214,53,60,Suadiye Mahallesi,SUADIYE,25697,5,5,0,2,0,0,1,2,29.085282261084,40.9645853704821,0,0,0,160,214,0.1646600781386295,231.61862836083336
1620,4375,675424.784158359,4536869.65412214,675524.784158359,4536769.65412214,54,60,Suadiye Mahallesi,SUADIYE,25697,5,2,0,2,0,0,0,1,29.0852539122733,40.9636851387967,0,0,0,160,218,0.0936500229141312,228.20785249764032
1621,4376,675424.784158359,4536769.65412214,675524.784158359,4536669.65412214,55,60,Suadiye Mahallesi,SUADIYE,25697,5,1,0,2,0,0,1,0,29.085225564746,40.9627849069541,0,0,0,160,209,0.1313628562708644,222.7274184803053
1622,4377,675424.784158359,4536669.65412214,675524.784158359,4536569.65412214,56,60,Suadiye Mahallesi,SUADIYE,25697,5,1,0,1,0,0,1,0,29.0851972185022,40.9618846749542,0,0,0,160,212,0.1228126459979389,225.0181404757815
1623,4378,675424.784158359,4536569.65412214,675524.784158359,4536469.65412214,57,60,Suadiye Mahallesi,SUADIYE,25697,8,3,0,0,0,0,1,0,29.0851688735416,40.9609844427971,0,0,0,160,167,0.1320394388223169,178.02529314166347
1624,4379,675424.784158359,4536469.65412214,675524.784158359,4536369.65412214,58,60,Suadiye Mahallesi,SUADIYE,25697,11,5,0,0,0,0,1,2,29.0851405298644,40.9600842104829,0,0,0,160,182,0.1573339576071105,196.31739014224704
1625,4380,675424.784158359,4536369.65412214,675524.784158359,4536269.65412214,59,60,Suadiye Mahallesi,SUADIYE,25697,6,8,0,0,0,0,1,3,29.0851121874703,40.9591839780114,0,0,0,160,182,0.1562122819433459,196.2153176568445
1626,4381,675424.784158359,4536269.65412214,675524.784158359,4536169.65412214,60,60,Suadiye Mahallesi,SUADIYE,25697,0,8,0,0,0,0,1,2,29.0850838463594,40.9582837453827,0,0,0,160,191,0.109072513785337,201.4164250664997
1627,4445,675524.784158359,4537069.65412214,675624.784158359,4536969.65412214,52,61,Suadiye Mahallesi,SUADIYE,25697,0,8,0,2,0,0,1,3,29.0864982410652,40.965464105861,0,0,0,160,229,0.1349085074971694,244.4470241084259
1628,4446,675524.784158359,4536969.65412214,675624.784158359,4536869.65412214,53,61,Suadiye Mahallesi,SUADIYE,25697,5,8,0,2,0,0,1,3,29.0864698748535,40.9645638750105,0,0,0,160,220,0.1758563058591389,239.34419364450528
1629,4447,675524.784158359,4536869.65412214,675624.784158359,4536769.65412214,54,61,Suadiye Mahallesi,SUADIYE,25697,5,6,0,3,0,0,0,3,29.0864415099261,40.9636636440028,0,0,0,160,220,0.1239665642099715,233.63632206309688
1630,4448,675524.784158359,4536769.65412214,675624.784158359,4536669.65412214,55,61,Suadiye Mahallesi,SUADIYE,25697,5,4,0,2,0,0,0,2,29.0864131462828,40.9627634128379,0,0,0,160,212,0.1081548188660243,223.46441079979857
1631,4449,675524.784158359,4536669.65412214,675624.784158359,4536569.65412214,56,61,Suadiye Mahallesi,SUADIYE,25697,5,1,0,2,0,0,1,0,29.0863847839237,40.9618631815157,0,0,0,160,209,0.1313628562708644,222.7274184803053
1632,4450,675524.784158359,4536569.65412214,675624.784158359,4536469.65412214,57,61,Suadiye Mahallesi,SUADIYE,25697,5,3,0,2,0,0,1,0,29.0863564228486,40.9609629500363,0,0,0,160,163,0.1459400732310719,174.89411596833236
1633,4451,675524.784158359,4536469.65412214,675624.784158359,4536369.65412214,58,61,Suadiye Mahallesi,SUADIYE,25697,3,6,0,1,0,0,1,1,29.0863280630576,40.9600627183997,0,0,0,160,190,0.1463235849791414,203.9007405730184
1634,4452,675524.784158359,4536369.65412214,675624.784158359,4536269.65412214,59,61,Suadiye Mahallesi,SUADIYE,25697,0,8,0,1,0,0,1,2,29.0862997045504,40.9591624866059,0,0,0,160,195,0.1236891947903324,207.0596964920574
1635,4523,675624.784158359,4536469.65412214,675724.784158359,4536369.65412214,58,62,Suadiye Mahallesi,SUADIYE,25697,0,4,0,2,0,0,1,1,29.0875155949668,40.9600412140944,0,0,0,160,144,0.1161160815812974,152.36035787385342
1636,4522,675624.784158359,4536569.65412214,675724.784158359,4536469.65412214,57,62,Suadiye Mahallesi,SUADIYE,25697,5,1,0,2,0,0,1,0,29.0875439708717,40.960941445053,0,0,0,160,191,0.1313628562708644,203.54515277386756
1637,4521,675624.784158359,4536669.65412214,675724.784158359,4536569.65412214,56,62,Suadiye Mahallesi,SUADIYE,25697,5,5,0,3,0,0,0,2,29.0875723480612,40.9618416758543,0,0,0,160,203,0.1180555991999327,214.9826433187932
1638,4520,675624.784158359,4536769.65412214,675724.784158359,4536669.65412214,55,62,Suadiye Mahallesi,SUADIYE,25697,5,7,0,2,0,0,0,2,29.0876007265355,40.9627419064984,0,0,0,160,207,0.1180392201414725,219.2170592846424
1639,4519,675624.784158359,4536869.65412214,675724.784158359,4536769.65412214,54,62,Suadiye Mahallesi,SUADIYE,25697,5,8,0,2,0,0,0,3,29.0876291062947,40.9636421369852,0,0,0,160,218,0.1231853561883723,231.4272038245326
1640,4518,675624.784158359,4536969.65412214,675724.784158359,4536869.65412214,53,62,Suadiye Mahallesi,SUADIYE,25697,2,10,0,2,0,0,1,4,29.0876574873387,40.9645423673148,0,0,0,160,218,0.1663060525727041,236.12735973042476
1641,4517,675624.784158359,4537069.65412214,675724.784158359,4536969.65412214,52,62,Suadiye Mahallesi,SUADIYE,25697,0,9,0,1,0,0,1,4,29.0876858696678,40.9654425974871,0,0,0,160,232,0.1306443959857152,247.15474993434296
1642,4595,675724.784158359,4536469.65412214,675824.784158359,4536369.65412214,58,63,Suadiye Mahallesi,SUADIYE,25697,0,0,0,2,0,1,0,1,29.0887031255915,40.9600196975671,0,0,0,160,182,0.1001798685335203,191.1163680365504
1643,4594,675724.784158359,4536569.65412214,675824.784158359,4536469.65412214,57,63,Suadiye Mahallesi,SUADIYE,25697,0,3,0,2,0,1,0,3,29.0887315176099,40.9609199278472,0,0,0,160,197,0.135765293481371,210.37288140791503
1644,4593,675724.784158359,4536669.65412214,675824.784158359,4536569.65412214,56,63,Suadiye Mahallesi,SUADIYE,25697,1,5,0,3,0,0,0,3,29.0887599109139,40.9618201579701,0,0,0,160,202,0.0956176740182766,211.65738507584592
1645,4592,675724.784158359,4536769.65412214,675824.784158359,4536669.65412214,55,63,Suadiye Mahallesi,SUADIYE,25697,2,7,0,2,0,0,0,2,29.0887883055033,40.9627203879357,0,0,0,160,210,0.1021984493950707,220.7308371864824
1646,4591,675724.784158359,4536869.65412214,675824.784158359,4536769.65412214,54,63,Suadiye Mahallesi,SUADIYE,25697,0,6,0,2,0,0,0,2,29.0888167013783,40.963620617744,0,0,0,160,203,0.0742831926820207,210.5397440572251
1647,4664,675824.784158359,4536769.65412214,675924.784158359,4536669.65412214,55,64,Suadiye Mahallesi,SUADIYE,25697,0,6,0,2,0,0,0,2,29.0899758831856,40.9626988571498,0,0,0,160,217,0.0742831926820207,225.05972640599927
1648,4665,675824.784158359,4536669.65412214,675924.784158359,4536569.65412214,56,64,Suadiye Mahallesi,SUADIYE,25697,0,5,0,3,0,1,0,3,29.0899474724811,40.961798627863,0,0,0,160,210,0.1503588895000387,225.78768339750405
1649,4666,675824.784158359,4536569.65412214,675924.784158359,4536469.65412214,57,64,Suadiye Mahallesi,SUADIYE,25697,0,3,0,4,0,1,0,3,29.0899190630628,40.960898398419,0,0,0,160,197,0.1465372844829553,211.4339225215711
1650,4667,675824.784158359,4536469.65412214,675924.784158359,4536369.65412214,58,64,Suadiye Mahallesi,SUADIYE,25697,0,0,0,4,0,1,0,1,29.0898906549307,40.9599981688176,0,0,0,160,189,0.1109518595351046,199.48495072606735
1651,4668,675824.784158359,4536369.65412214,675924.784158359,4536269.65412214,59,64,Suadiye Mahallesi,SUADIYE,25697,1,1,0,2,0,1,0,1,29.0898622480847,40.959097939059,0,0,0,160,189,0.1305978562401297,201.34149741469227
1652,4739,675924.784158359,4536469.65412214,676024.784158359,4536369.65412214,58,65,Suadiye Mahallesi,SUADIYE,25697,0,4,0,3,0,1,1,3,29.0910781829838,40.9599766278462,0,0,0,160,194,0.1991955295689668,213.32196636818975
1653,4738,675924.784158359,4536569.65412214,676024.784158359,4536469.65412214,57,65,Suadiye Mahallesi,SUADIYE,25697,0,6,0,4,0,1,1,4,29.0911066072295,40.9608768567683,0,0,0,160,191,0.2130475387061471,211.34603994643703
1654,4737,675924.784158359,4536669.65412214,676024.784158359,4536569.65412214,56,65,Suadiye Mahallesi,SUADIYE,25697,0,7,0,4,0,1,1,5,29.091135032762,40.9617770855331,0,0,0,160,213,0.2175473397074535,236.1687916788438
1656,87,669524.784158359,4540869.65412214,669624.784158359,4540769.65412214,14,1,Rasimpaşa Mahallesi,RASIMPASA,12086,0,0,0,0,0,0,0,0,29.0166506843455,41.0006115372286,1,0,0,108,47,0.0,47.0
1658,160,669624.784158359,4540769.65412214,669724.784158359,4540669.65412214,15,2,Rasimpaşa Mahallesi,RASIMPASA,12086,0,0,0,0,0,0,0,0,29.0174411396937,41.0000213481762,0,0,0,108,44,0.0,44.0
1659,159,669624.784158359,4540869.65412214,669724.784158359,4540769.65412214,14,2,Rasimpaşa Mahallesi,RASIMPASA,12086,0,0,0,0,0,0,0,0,29.0174936543715,41.000790098508,0,0,0,108,65,0.0,65.0
1662,164,669624.784158359,4540369.65412214,669724.784158359,4540269.65412214,19,2,Rasimpaşa Mahallesi,RASIMPASA,12086,0,0,0,0,0,1,1,0,29.0178189920571,40.9962290252041,1,0,0,108,9,0.1232529358989305,9.554638211545187
1663,163,669624.784158359,4540469.65412214,669724.784158359,4540369.65412214,18,2,Rasimpaşa Mahallesi,RASIMPASA,12086,0,0,0,0,0,1,1,0,29.0179353192437,40.9974181735836,1,0,0,108,74,0.1232529358989305,78.56035862826043
1664,231,669724.784158359,4540869.65412214,669824.784158359,4540769.65412214,14,3,Rasimpaşa Mahallesi,RASIMPASA,12086,0,0,1,0,0,0,0,0,29.0182219413529,41.0006067133014,1,0,0,108,65,0.0824706521450508,67.68029619471415
1665,232,669724.784158359,4540769.65412214,669824.784158359,4540669.65412214,15,3,Rasimpaşa Mahallesi,RASIMPASA,12086,0,0,1,0,0,0,0,0,29.0185393462229,40.9999427169382,0,0,0,108,55,0.0824706521450508,57.26794293398889
1666,233,669724.784158359,4540669.65412214,669824.784158359,4540569.65412214,16,3,Rasimpaşa Mahallesi,RASIMPASA,12086,0,0,1,0,0,0,0,0,29.0186019625321,40.9991002731028,0,0,0,108,55,0.0824706521450508,57.26794293398889
1667,234,669724.784158359,4540569.65412214,669824.784158359,4540469.65412214,17,3,Rasimpaşa Mahallesi,RASIMPASA,12086,0,0,0,0,0,1,1,0,29.0186034639191,40.9982197034466,0,0,0,108,55,0.1232529358989305,58.389455737220594
1668,236,669724.784158359,4540369.65412214,669824.784158359,4540269.65412214,19,3,Rasimpaşa Mahallesi,RASIMPASA,12086,0,0,0,0,0,1,1,0,29.0185912573414,40.9963449387256,0,0,0,108,9,0.1232529358989305,9.554638211545187
1669,235,669724.784158359,4540469.65412214,669824.784158359,4540369.65412214,18,3,Rasimpaşa Mahallesi,RASIMPASA,12086,0,0,0,0,0,1,1,0,29.0188161447439,40.9974146377363,0,0,0,108,74,0.1232529358989305,78.56035862826043
1670,304,669824.784158359,4540769.65412214,669924.784158359,4540669.65412214,15,4,Rasimpaşa Mahallesi,RASIMPASA,12086,0,0,1,0,0,0,0,0,29.0193165095249,40.9996338515741,1,0,0,108,52,0.0824706521450508,54.14423695577132
1671,305,669824.784158359,4540669.65412214,669924.784158359,4540569.65412214,16,4,Rasimpaşa Mahallesi,RASIMPASA,12086,0,0,1,0,0,1,0,0,29.0196665135806,40.9989874117801,0,0,0,108,52,0.1530526383732147,55.97936859770359
1672,308,669824.784158359,4540369.65412214,669924.784158359,4540269.65412214,19,4,Rasimpaşa Mahallesi,RASIMPASA,12086,0,0,0,0,0,1,1,0,29.0196571527645,40.9964693652634,0,0,0,108,34,0.1232529358989305,36.095299910281824
1673,306,669824.784158359,4540569.65412214,669924.784158359,4540469.65412214,17,4,Rasimpaşa Mahallesi,RASIMPASA,12086,0,0,0,0,0,1,1,0,29.0197627530748,40.9981791869452,0,0,0,108,52,0.1232529358989305,55.2045763333722
1674,307,669824.784158359,4540469.65412214,669924.784158359,4540369.65412214,18,4,Rasimpaşa Mahallesi,RASIMPASA,12086,0,0,0,0,0,1,1,0,29.0197352621265,40.9972789235458,0,0,0,108,102,0.1232529358989305,108.28589973084549
1675,377,669924.784158359,4540669.65412214,670024.784158359,4540569.65412214,16,5,Rasimpaşa Mahallesi,RASIMPASA,12086,0,0,1,0,0,1,0,0,29.0206039385808,40.9987646247278,1,0,0,108,54,0.1530526383732147,58.1324212360768
1676,378,669924.784158359,4540569.65412214,670024.784158359,4540469.65412214,17,5,Rasimpaşa Mahallesi,RASIMPASA,12086,0,0,1,0,0,1,1,0,29.0209180565079,40.9981260015136,0,0,0,108,54,0.2057235880439814,59.554536877187495
1677,379,669924.784158359,4540469.65412214,670024.784158359,4540369.65412214,18,5,Rasimpaşa Mahallesi,RASIMPASA,12086,0,0,0,0,0,1,1,0,29.0209235113235,40.9972580897045,0,0,0,108,93,0.1232529358989305,98.73126151930028
1678,380,669924.784158359,4540369.65412214,670024.784158359,4540269.65412214,19,5,Rasimpaşa Mahallesi,RASIMPASA,12086,0,0,0,0,0,1,2,0,29.0209356641383,40.9964986282427,0,0,0,108,41,0.1540634663337003,44.15830105984086
1679,451,670024.784158359,4540469.65412214,670124.784158359,4540369.65412214,18,6,Rasimpaşa Mahallesi,RASIMPASA,12086,1,0,0,0,0,1,2,1,29.0221117592748,40.9972372436235,0,0,0,108,88,0.1763352281075378,95.75875003673166
1680,452,670024.784158359,4540369.65412214,670124.784158359,4540269.65412214,19,6,Rasimpaşa Mahallesi,RASIMPASA,12086,1,0,0,0,0,1,3,3,29.0220874258974,40.9963581802114,0,0,0,108,59,0.2046266383709702,65.03648583194362
1681,450,670024.784158359,4540569.65412214,670124.784158359,4540469.65412214,17,6,Rasimpaşa Mahallesi,RASIMPASA,12086,0,0,0,0,0,0,0,1,29.0221527867128,40.9981258195106,0,0,0,108,84,0.0064309910274356,84.2701016231523
1682,449,670024.784158359,4540669.65412214,670124.784158359,4540569.65412214,16,6,Rasimpaşa Mahallesi,RASIMPASA,12086,0,0,1,0,0,0,0,0,29.0224573924026,40.9989200401408,0,0,0,108,84,0.0824706521450508,87.46376739009213
1683,523,670124.784158359,4540469.65412214,670224.784158359,4540369.65412214,18,7,Rasimpaşa Mahallesi,RASIMPASA,12086,1,0,0,0,0,0,2,3,29.0233000059797,40.997216385303,0,0,0,108,88,0.1121842329068095,92.93610624789962
1684,522,670124.784158359,4540569.65412214,670224.784158359,4540469.65412214,17,7,Rasimpaşa Mahallesi,RASIMPASA,12086,0,0,0,0,0,0,1,1,29.0233275453676,40.9981166467308,0,0,0,108,117,0.0591019406982022,120.45746353084482
1685,521,670124.784158359,4540669.65412214,670224.784158359,4540569.65412214,16,7,Rasimpaşa Mahallesi,RASIMPASA,12086,0,0,1,0,0,0,0,0,29.0233552052473,40.9990168129225,0,0,0,108,79,0.0824706521450508,82.2575907597295
1686,524,670124.784158359,4540369.65412214,670224.784158359,4540269.65412214,19,7,Rasimpaşa Mahallesi,RASIMPASA,12086,1,1,0,1,0,0,4,3,29.0232724678388,40.9963161237188,0,0,0,108,78,0.1801948085914272,85.02759753506567
1687,520,670124.784158359,4540769.65412214,670224.784158359,4540669.65412214,15,7,Rasimpaşa Mahallesi,RASIMPASA,12086,0,0,1,0,0,0,0,0,29.0236280574912,40.9997939192897,0,0,0,108,61,0.0824706521450508,63.51535489042404
1688,519,670124.784158359,4540869.65412214,670224.784158359,4540769.65412214,14,7,Rasimpaşa Mahallesi,RASIMPASA,12086,0,0,1,0,0,0,0,0,29.023920776729,41.0004025953765,1,0,0,108,122,0.0824706521450508,127.03070978084808
1689,525,670124.784158359,4540269.65412214,670224.784158359,4540169.65412214,20,7,Rasimpaşa Mahallesi,RASIMPASA,12086,1,1,0,1,0,0,6,4,29.0232901772779,40.995415397008,0,0,0,108,27,0.207833017263851,29.80574573306199
1690,237,669724.784158359,4540269.65412214,669824.784158359,4540169.65412214,20,3,Rasimpaşa Mahallesi,RASIMPASA,12086,0,0,0,0,0,1,1,0,29.0185796319045,40.9958224580494,1,0,0,108,9,0.1232529358989305,9.554638211545187
1691,309,669824.784158359,4540269.65412214,669924.784158359,4540169.65412214,20,4,Rasimpaşa Mahallesi,RASIMPASA,12086,0,0,0,0,0,1,1,0,29.019139780231,40.9959148797137,1,0,0,108,34,0.1232529358989305,36.095299910281824
1692,592,670224.784158359,4540769.65412214,670324.784158359,4540669.65412214,15,8,Rasimpaşa Mahallesi,RASIMPASA,12086,0,0,0,0,0,0,0,0,29.0245709217845,40.9998962965833,0,0,0,108,61,0.0,61.0
1693,593,670224.784158359,4540669.65412214,670324.784158359,4540569.65412214,16,8,Rasimpaşa Mahallesi,RASIMPASA,12086,0,0,0,0,0,0,0,1,29.0245433637541,40.9989960361262,0,0,0,108,93,0.0064309910274356,93.29904108277576
1694,594,670224.784158359,4540569.65412214,670324.784158359,4540469.65412214,17,8,Rasimpaşa Mahallesi,RASIMPASA,12086,0,0,0,1,0,0,1,2,29.0245158069718,40.9980957755127,0,0,0,108,142,0.0774805102967216,147.50111623106724
1695,595,670224.784158359,4540469.65412214,670324.784158359,4540369.65412214,18,8,Rasimpaşa Mahallesi,RASIMPASA,12086,1,0,0,1,0,0,2,3,29.0244882514374,40.9971955147428,0,0,0,108,128,0.1268009139118048,136.1152584903555
1696,596,670224.784158359,4540369.65412214,670324.784158359,4540269.65412214,19,8,Rasimpaşa Mahallesi,RASIMPASA,12086,1,1,0,1,0,0,4,4,29.0244606971508,40.9962952538167,0,0,0,108,115,0.1822651252811273,125.48024470366482
1697,597,670224.784158359,4540269.65412214,670324.784158359,4540169.65412214,20,8,Rasimpaşa Mahallesi,RASIMPASA,12086,1,1,0,1,0,1,5,8,29.0244331441121,40.9953949927342,0,0,0,108,91,0.272154843957991,103.3830454000886
1698,598,670224.784158359,4540169.65412214,670324.784158359,4540069.65412214,21,8,Rasimpaşa Mahallesi,RASIMPASA,12086,15,2,0,1,0,1,6,8,29.0244624755609,40.9945165369496,0,1,0,108,163,0.3399179015151664,190.7033089734861
1699,599,670224.784158359,4540069.65412214,670324.784158359,4539969.65412214,22,8,Rasimpaşa Mahallesi,RASIMPASA,12086,21,8,0,0,0,2,6,11,29.0244804799475,40.993584108479,0,1,0,108,162,0.3996402313052627,194.37085873572627
1700,591,670224.784158359,4540869.65412214,670324.784158359,4540769.65412214,14,8,Rasimpaşa Mahallesi,RASIMPASA,12086,0,0,0,0,0,0,0,0,29.0247342026998,41.0006052351509,0,0,0,108,122,0.0,122.0
1701,743,670424.784158359,4540069.65412214,670524.784158359,4539969.65412214,22,10,Rasimpaşa Mahallesi,RASIMPASA,12086,22,11,1,2,0,2,4,9,29.0267543997929,40.9935526975293,0,1,0,108,184,0.4850842764882515,228.62775343691916
1702,671,670324.784158359,4540069.65412214,670424.784158359,4539969.65412214,22,9,Rasimpaşa Mahallesi,RASIMPASA,12086,21,10,1,1,0,2,6,10,29.0255662214096,40.9935735899337,0,1,0,108,168,0.5001404772492286,210.0118000889352
1703,670,670324.784158359,4540169.65412214,670424.784158359,4540069.65412214,21,9,Rasimpaşa Mahallesi,RASIMPASA,12086,15,1,0,1,0,2,5,8,29.0255937880963,40.9944738506706,0,1,0,108,167,0.3609649713670895,197.140575109152
1704,742,670424.784158359,4540169.65412214,670524.784158359,4540069.65412214,21,10,Rasimpaşa Mahallesi,RASIMPASA,12086,4,1,1,3,0,2,5,8,29.026781982623,40.9944529576075,0,1,0,108,180,0.4314703521722686,218.8323316955042
1705,669,670324.784158359,4540269.65412214,670424.784158359,4540169.65412214,20,9,Rasimpaşa Mahallesi,RASIMPASA,12086,1,1,0,2,0,1,5,7,29.0256213560314,40.9953741112511,0,0,0,108,166,0.279612268071304,189.20781824991823
1706,741,670424.784158359,4540269.65412214,670524.784158359,4540169.65412214,20,10,Rasimpaşa Mahallesi,RASIMPASA,12086,1,1,0,2,0,1,3,6,29.0268095667022,40.9953532175294,0,0,0,108,180,0.247562838868807,202.28065549819263
1707,887,670624.784158359,4540069.65412214,670724.784158359,4539969.65412214,22,12,Rasimpaşa Mahallesi,RASIMPASA,12086,14,2,1,1,0,2,0,2,29.0291307528115,40.9935108760067,0,0,0,108,181,0.304142514672176,208.52489757783195
1708,886,670624.784158359,4540169.65412214,670724.784158359,4540069.65412214,21,12,Rasimpaşa Mahallesi,RASIMPASA,12086,7,0,1,3,0,2,0,2,29.0291583679281,40.9944111347665,0,0,0,108,182,0.2812890074132635,207.59729967460697
1709,885,670624.784158359,4540269.65412214,670724.784158359,4540169.65412214,20,12,Rasimpaşa Mahallesi,RASIMPASA,12086,6,0,1,3,0,1,0,3,29.0291859842954,40.9953113933698,0,0,0,108,180,0.239618648162174,201.56567833459565
1710,740,670424.784158359,4540369.65412214,670524.784158359,4540269.65412214,19,10,Rasimpaşa Mahallesi,RASIMPASA,12086,1,1,0,2,0,1,2,4,29.0268371520307,40.9962534772949,0,0,0,108,179,0.2225806440628018,198.9209676436208
1711,668,670324.784158359,4540369.65412214,670424.784158359,4540269.65412214,19,9,Rasimpaşa Mahallesi,RASIMPASA,12086,1,1,0,2,0,1,2,4,29.025648925215,40.9962743716753,0,0,0,108,170,0.2225806440628018,188.91935474533815
1712,884,670624.784158359,4540369.65412214,670724.784158359,4540269.65412214,19,12,Rasimpaşa Mahallesi,RASIMPASA,12086,4,0,0,2,0,0,0,2,29.0292136019134,40.9962116518168,0,0,0,108,176,0.0701409015396208,182.1723993354866
1713,812,670524.784158359,4540369.65412214,670624.784158359,4540269.65412214,19,11,Rasimpaşa Mahallesi,RASIMPASA,12086,0,0,0,2,0,1,0,2,29.028025377597,40.9962325706753,0,0,0,108,181,0.1039417571270444,190.40672901999756
1714,883,670624.784158359,4540469.65412214,670724.784158359,4540369.65412214,18,12,Rasimpaşa Mahallesi,RASIMPASA,12086,0,0,0,2,0,0,0,2,29.029241220782,40.9971119101073,0,0,0,108,174,0.0333597708988805,176.9023000682026
1715,667,670324.784158359,4540469.65412214,670424.784158359,4540369.65412214,18,9,Rasimpaşa Mahallesi,RASIMPASA,12086,1,0,0,2,0,0,2,3,29.0256764956472,40.9971746319432,0,0,0,108,179,0.1353511241847303,191.11392561453337
1716,739,670424.784158359,4540469.65412214,670524.784158359,4540369.65412214,18,10,Rasimpaşa Mahallesi,RASIMPASA,12086,0,0,0,2,0,0,0,2,29.0268647386084,40.997153736904,0,0,0,108,173,0.0333597708988805,175.88562018275317
1717,811,670524.784158359,4540469.65412214,670624.784158359,4540369.65412214,18,11,Rasimpaşa Mahallesi,RASIMPASA,12086,0,0,0,2,0,0,0,1,29.0280529803203,40.9971328296254,0,0,0,108,173,0.0295978823053564,175.56021681941334
1718,810,670524.784158359,4540569.65412214,670624.784158359,4540469.65412214,17,11,Rasimpaşa Mahallesi,RASIMPASA,12086,1,0,0,2,0,0,0,2,29.0280805842936,40.998033088419,0,0,0,108,163,0.0492005416452823,167.00984414409052
1719,666,670324.784158359,4540569.65412214,670424.784158359,4540469.65412214,17,9,Rasimpaşa Mahallesi,RASIMPASA,12086,0,0,0,2,0,0,0,2,29.025704067328,40.9980748920547,0,0,0,108,160,0.0333597708988805,162.66878167191044
1720,738,670424.784158359,4540569.65412214,670524.784158359,4540469.65412214,17,10,Rasimpaşa Mahallesi,RASIMPASA,12086,0,0,0,2,0,0,0,2,29.0268923264355,40.9980539963568,0,0,0,108,160,0.0333597708988805,162.66878167191044
1721,882,670624.784158359,4540569.65412214,670724.784158359,4540469.65412214,17,12,Rasimpaşa Mahallesi,RASIMPASA,12086,5,0,0,1,0,0,1,3,29.0292688409015,40.9980121682415,0,1,0,108,163,0.1210974110926026,172.86943900404714
1722,809,670524.784158359,4540669.65412214,670624.784158359,4540569.65412214,16,11,Rasimpaşa Mahallesi,RASIMPASA,12086,5,0,0,1,0,0,1,2,29.028108189517,40.9989333470563,0,0,0,108,130,0.118428308658691,137.69784006281492
1723,737,670424.784158359,4540669.65412214,670524.784158359,4540569.65412214,16,10,Rasimpaşa Mahallesi,RASIMPASA,12086,1,0,0,1,0,0,0,2,29.026919915512,40.9989542556532,0,0,0,108,112,0.0406503313723568,114.276418556852
1724,665,670324.784158359,4540669.65412214,670424.784158359,4540569.65412214,16,9,Rasimpaşa Mahallesi,RASIMPASA,12086,0,0,0,0,0,0,0,1,29.0257316402574,40.9989751520098,0,0,0,108,144,0.0064309910274356,144.46303135397537
1725,881,670624.784158359,4540669.65412214,670724.784158359,4540569.65412214,16,12,Rasimpaşa Mahallesi,RASIMPASA,12086,6,0,0,1,0,0,1,4,29.0292964622719,40.9989124262192,0,2,0,108,102,0.1266905951444306,108.46122035236596
1726,808,670524.784158359,4540769.65412214,670624.784158359,4540669.65412214,15,11,Rasimpaşa Mahallesi,RASIMPASA,12086,5,0,0,0,0,0,1,2,29.0281357959907,40.9998336055371,0,1,0,108,79,0.1038116276536957,83.10055929232098
1727,664,670324.784158359,4540769.65412214,670424.784158359,4540669.65412214,15,9,Rasimpaşa Mahallesi,RASIMPASA,12086,0,0,0,0,0,0,0,0,29.0257592144356,40.9998754118086,0,0,0,108,85,0.0,85.0
1728,736,670424.784158359,4540769.65412214,670524.784158359,4540669.65412214,15,10,Rasimpaşa Mahallesi,RASIMPASA,12086,2,0,0,0,0,0,1,2,29.0269475058379,40.9998545147932,0,0,0,108,103,0.0879708569072939,107.53049913072564
1729,880,670624.784158359,4540769.65412214,670724.784158359,4540669.65412214,15,12,Rasimpaşa Mahallesi,RASIMPASA,12086,6,0,0,0,0,0,1,3,29.0293240848932,40.9998126840405,0,2,0,108,98,0.1100035974497352,103.39017627503704
1730,1033,670824.784158359,4539869.65412214,670924.784158359,4539769.65412214,24,14,Rasimpaşa Mahallesi,RASIMPASA,12086,24,10,2,2,0,1,0,4,29.0314518097779,40.9916684901841,0,1,0,108,188,0.3633852138559388,222.15821010245824
1731,1032,670824.784158359,4539969.65412214,670924.784158359,4539869.65412214,23,14,Rasimpaşa Mahallesi,RASIMPASA,12086,15,5,2,3,0,0,0,3,29.0314794546769,40.9925687479367,0,1,0,108,186,0.2738528773174066,211.4683175905188
1732,1031,670824.784158359,4540069.65412214,670924.784158359,4539969.65412214,22,14,Rasimpaşa Mahallesi,RASIMPASA,12086,14,4,2,3,0,0,0,3,29.0315071008279,40.9934690055329,0,1,0,108,178,0.2685436429862686,201.90038422577797
1733,1030,670824.784158359,4540169.65412214,670924.784158359,4540069.65412214,21,14,Rasimpaşa Mahallesi,RASIMPASA,12086,6,0,2,3,0,0,0,2,29.0315347482309,40.9943692629726,0,0,0,108,147,0.214609798414972,162.77382018350045
1734,1029,670824.784158359,4540269.65412214,670924.784158359,4540169.65412214,20,14,Rasimpaşa Mahallesi,RASIMPASA,12086,6,0,0,3,0,0,0,4,29.0315623968859,40.9952695202559,0,0,0,108,132,0.0886363264786593,137.84999754759153
1735,1028,670824.784158359,4540369.65412214,670924.784158359,4540269.65412214,19,14,Rasimpaşa Mahallesi,RASIMPASA,12086,2,0,2,2,0,0,0,4,29.0315900467931,40.9961697773827,0,0,0,108,137,0.1939191086979841,150.2834589458119
1736,663,670324.784158359,4540869.65412214,670424.784158359,4540769.65412214,14,9,Rasimpaşa Mahallesi,RASIMPASA,12086,0,0,0,0,0,0,0,0,29.0257947687505,41.0007690372075,0,0,0,108,84,0.0,84.0
1737,879,670624.784158359,4540869.65412214,670724.784158359,4540769.65412214,14,12,Rasimpaşa Mahallesi,RASIMPASA,12086,6,0,0,1,0,0,1,2,29.0293517087655,41.0007129417054,0,2,0,108,121,0.1219511760208189,128.37804614925955
1738,735,670424.784158359,4540869.65412214,670524.784158359,4540769.65412214,14,10,Rasimpaşa Mahallesi,RASIMPASA,12086,2,0,0,0,0,0,1,2,29.0269750974134,41.0007547737768,0,0,0,108,103,0.0879708569072939,107.53049913072564
1739,807,670524.784158359,4540869.65412214,670624.784158359,4540769.65412214,14,11,Rasimpaşa Mahallesi,RASIMPASA,12086,5,0,0,1,0,0,1,2,29.0281634037146,41.0007338638616,0,1,0,108,129,0.118428308658691,136.63862590848558
1740,662,670324.784158359,4540969.65412214,670424.784158359,4540869.65412214,13,9,Rasimpaşa Mahallesi,RASIMPASA,12086,0,0,0,0,0,0,0,1,29.0260893273168,41.0013990781218,1,0,0,108,144,0.0064309910274356,144.46303135397537
1741,734,670424.784158359,4540969.65412214,670524.784158359,4540869.65412214,13,10,Rasimpaşa Mahallesi,RASIMPASA,12086,2,0,0,1,0,0,0,2,29.0270463213628,41.001617746572,0,0,0,108,124,0.0499165882415226,127.0948284709744
1742,806,670524.784158359,4540969.65412214,670624.784158359,4540869.65412214,13,11,Rasimpaşa Mahallesi,RASIMPASA,12086,5,0,0,1,0,0,1,2,29.0281910126889,41.0016341220297,0,0,0,108,131,0.118428308658691,138.7570542171443
1743,733,670424.784158359,4541069.65412214,670524.784158359,4540969.65412214,12,10,Rasimpaşa Mahallesi,RASIMPASA,12086,0,0,0,1,0,0,0,1,29.0274079147512,41.0022237594938,1,0,0,108,124,0.0210476720324309,125.30495566601073
1744,805,670524.784158359,4541069.65412214,670624.784158359,4540969.65412214,12,11,Rasimpaşa Mahallesi,RASIMPASA,12086,2,0,0,1,0,0,0,2,29.0282945650215,41.0024878115199,0,1,0,108,131,0.0499165882415226,134.26953652981973
1745,815,670524.784158359,4540069.65412214,670624.784158359,4539969.65412214,22,11,Rasimpaşa Mahallesi,RASIMPASA,12086,7,8,1,2,0,2,0,5,29.0279425769271,40.993531792887,0,1,0,108,184,0.3278622122022401,214.1633235226061
1746,814,670524.784158359,4540169.65412214,670624.784158359,4540069.65412214,21,11,Rasimpaşa Mahallesi,RASIMPASA,12086,7,1,1,3,0,2,0,2,29.0279701759005,40.9944320523061,0,0,0,108,181,0.2958662243734711,207.77589330579917
1747,813,670524.784158359,4540269.65412214,670624.784158359,4540169.65412214,20,11,Rasimpaşa Mahallesi,RASIMPASA,12086,4,1,1,3,0,1,0,4,29.0279977761238,40.9953323115689,0,0,0,108,180,0.2485766467287246,202.3718982055852
1748,1176,671024.784158359,4539969.65412214,671124.784158359,4539869.65412214,23,16,Rasimpaşa Mahallesi,RASIMPASA,12086,14,3,1,2,0,2,0,5,29.0338557654007,40.9925268298333,0,1,1,108,113,0.3251738076461468,131.3723201320073
1749,961,670724.784158359,4539869.65412214,670824.784158359,4539769.65412214,24,13,Rasimpaşa Mahallesi,RASIMPASA,12086,21,13,2,2,0,1,0,3,29.0302636686794,40.9916894302196,0,0,0,108,180,0.3634652232943173,212.71187009648852
1750,960,670724.784158359,4539969.65412214,670824.784158359,4539869.65412214,23,13,Rasimpaşa Mahallesi,RASIMPASA,12086,21,9,2,2,0,1,0,3,29.0302912974368,40.9925896886323,0,0,0,108,180,0.3563890511163515,212.0750146004717
1751,959,670724.784158359,4540069.65412214,670824.784158359,4539969.65412214,22,13,Rasimpaşa Mahallesi,RASIMPASA,12086,14,4,2,3,0,1,0,2,29.0303189274453,40.9934899468887,0,0,0,108,179,0.3364565267805209,209.11285914685664
1752,958,670724.784158359,4540169.65412214,670824.784158359,4540069.65412214,21,13,Rasimpaşa Mahallesi,RASIMPASA,12086,7,0,1,3,0,0,0,2,29.0303465587052,40.9943902049886,0,0,0,108,179,0.1694192060152067,194.163018938361
1753,957,670724.784158359,4540269.65412214,670824.784158359,4540169.65412214,20,13,Rasimpaşa Mahallesi,RASIMPASA,12086,6,0,1,3,0,0,0,2,29.0303741912164,40.9952904629321,0,0,0,108,163,0.1663675595000985,176.558956099258
1754,956,670724.784158359,4540369.65412214,670824.784158359,4540269.65412214,19,13,Rasimpaşa Mahallesi,RASIMPASA,12086,5,0,1,1,0,0,0,3,29.030401824979,40.9961907207192,0,0,0,108,132,0.1508971135668869,141.95920949541454
1755,955,670724.784158359,4540469.65412214,670824.784158359,4540369.65412214,18,13,Rasimpaşa Mahallesi,RASIMPASA,12086,0,0,2,1,0,0,0,3,29.030429459993,40.9970909783499,0,0,0,108,69,0.1581915541197909,74.45760861713279
1756,954,670724.784158359,4540569.65412214,670824.784158359,4540469.65412214,17,13,Rasimpaşa Mahallesi,RASIMPASA,12086,6,0,2,1,0,0,1,4,29.0304570962586,40.9979912358242,0,2,0,108,77,0.257403486204355,86.91003421886766
1757,1104,670924.784158359,4539969.65412214,671024.784158359,4539869.65412214,23,15,Rasimpaşa Mahallesi,RASIMPASA,12086,14,4,1,3,0,1,0,4,29.0326676106652,40.9925477950036,0,1,0,108,136,0.2929537069892591,155.9208520752696
1758,1103,670924.784158359,4540069.65412214,671024.784158359,4539969.65412214,22,15,Rasimpaşa Mahallesi,RASIMPASA,12086,13,2,1,3,0,1,0,4,29.0326952729585,40.9934480519392,0,1,0,108,167,0.2806340778450813,190.4329455000643
1759,1102,670924.784158359,4540169.65412214,671024.784158359,4540069.65412214,21,15,Rasimpaşa Mahallesi,RASIMPASA,12086,6,1,1,2,0,1,0,4,29.0327229365045,40.9943483087184,0,1,0,108,111,0.2501997110800117,124.88608396494064
1760,601,670224.784158359,4539869.65412214,670324.784158359,4539769.65412214,24,8,Osmanağa Mahallesi,OSMANAGA,7497,25,17,0,0,0,2,6,10,29.0243229444342,40.9917939468408,0,1,0,51,81,0.4172279143413884,97.89773053082622
1761,600,670224.784158359,4539969.65412214,670324.784158359,4539869.65412214,23,8,Osmanağa Mahallesi,OSMANAGA,7497,25,13,0,0,0,3,6,10,29.0243534331947,40.9926919654062,0,1,0,51,81,0.4412368226891889,98.87009131891216
1762,747,670424.784158359,4539669.65412214,670524.784158359,4539569.65412214,26,10,Osmanağa Mahallesi,OSMANAGA,7497,20,20,0,1,0,1,0,4,29.0266440809628,40.9899516556527,0,1,0,51,116,0.2337364233473411,129.55671255414578
1763,674,670324.784158359,4539769.65412214,670424.784158359,4539669.65412214,25,9,Osmanağa Mahallesi,OSMANAGA,7497,23,20,0,0,0,2,2,7,29.0254835288394,40.9908728067849,0,1,0,51,165,0.3513013584706189,193.98236207382607
1764,746,670424.784158359,4539769.65412214,670524.784158359,4539669.65412214,25,10,Osmanağa Mahallesi,OSMANAGA,7497,25,20,0,1,0,1,0,8,29.0266716587969,40.9908519163564,0,1,0,51,165,0.2440707784873789,185.13583922520877
1765,673,670324.784158359,4539869.65412214,670424.784158359,4539769.65412214,24,9,Osmanağa Mahallesi,OSMANAGA,7497,22,19,0,0,0,3,4,8,29.0255110917812,40.9917730679909,0,1,0,51,160,0.4185062809518322,193.48050247614657
1766,745,670424.784158359,4539869.65412214,670524.784158359,4539769.65412214,24,10,Osmanağa Mahallesi,OSMANAGA,7497,22,18,1,1,0,2,1,8,29.0266992378799,40.9917521769037,0,1,0,51,165,0.4155935123585353,199.2864647695792
1767,672,670324.784158359,4539969.65412214,670424.784158359,4539869.65412214,23,9,Osmanağa Mahallesi,OSMANAGA,7497,21,16,1,0,0,2,5,10,29.0255386559712,40.9926733290404,0,1,1,51,160,0.482965123602676,198.6372098882141
1768,744,670424.784158359,4539969.65412214,670524.784158359,4539869.65412214,23,10,Osmanağa Mahallesi,OSMANAGA,7497,21,15,1,1,0,2,3,9,29.0267268182119,40.9926524372947,0,1,0,51,165,0.4646120254325625,203.3304920981864
1769,894,670624.784158359,4539369.65412214,670724.784158359,4539269.65412214,29,12,Osmanağa Mahallesi,OSMANAGA,7497,12,2,0,4,0,1,0,0,29.0289374820065,40.9872090603094,0,0,0,51,157,0.1862430279904273,171.62007769724855
1770,893,670624.784158359,4539469.65412214,670724.784158359,4539369.65412214,28,12,Osmanağa Mahallesi,OSMANAGA,7497,17,7,0,4,0,1,0,2,29.0289650883707,40.9881093201639,0,0,0,51,162,0.2245002249867883,180.18451822392984
1771,892,670624.784158359,4539569.65412214,670724.784158359,4539469.65412214,27,12,Osmanağa Mahallesi,OSMANAGA,7497,16,15,0,2,0,1,0,2,29.0289926959851,40.989009579862,0,0,0,51,161,0.2269991867705575,179.27343453502988
1772,891,670624.784158359,4539669.65412214,670724.784158359,4539569.65412214,26,12,Osmanağa Mahallesi,OSMANAGA,7497,22,19,0,1,0,1,0,2,29.0290203048497,40.9899098394038,0,0,0,51,160,0.2300499382827527,178.4039950626202
1773,890,670624.784158359,4539769.65412214,670724.784158359,4539669.65412214,25,12,Osmanağa Mahallesi,OSMANAGA,7497,23,20,1,2,0,1,0,4,29.0290479149645,40.9908100987891,0,0,0,51,165,0.3278089322804256,192.0442369131351
1774,889,670624.784158359,4539869.65412214,670724.784158359,4539769.65412214,24,12,Osmanağa Mahallesi,OSMANAGA,7497,28,19,1,2,0,1,0,4,29.0290755263297,40.991710358018,0,0,0,51,165,0.3311076751554894,192.3163832003279
1775,888,670624.784158359,4539969.65412214,670724.784158359,4539869.65412214,23,12,Osmanağa Mahallesi,OSMANAGA,7497,21,14,1,1,0,2,0,4,29.0291031389454,40.9926106170906,0,0,0,51,165,0.3514818590747433,193.99725337366635
1776,1038,670824.784158359,4539369.65412214,670924.784158359,4539269.65412214,29,14,Osmanağa Mahallesi,OSMANAGA,7497,9,6,0,4,0,2,0,1,29.0313136040596,40.9871671990746,0,0,0,51,166,0.2457849978752799,186.40015482364825
1777,1037,670824.784158359,4539469.65412214,670924.784158359,4539369.65412214,28,14,Osmanağa Mahallesi,OSMANAGA,7497,14,6,0,4,0,2,0,2,29.0313412426999,40.9880674576094,0,0,0,51,168,0.2588131433379698,189.74030404038947
1778,1036,670824.784158359,4539569.65412214,670924.784158359,4539469.65412214,27,14,Osmanağa Mahallesi,OSMANAGA,7497,21,10,0,2,0,2,0,2,29.0313688825918,40.9889677159877,0,0,0,51,166,0.2662992914909043,188.10284119374504
1779,1035,670824.784158359,4539669.65412214,670924.784158359,4539569.65412214,26,14,Osmanağa Mahallesi,OSMANAGA,7497,21,11,0,1,0,2,0,3,29.0313965237354,40.9898679742096,0,0,0,51,167,0.2622480745552331,188.897714225362
1780,1034,670824.784158359,4539769.65412214,670924.784158359,4539669.65412214,25,14,Osmanağa Mahallesi,OSMANAGA,7497,20,11,1,2,0,1,0,4,29.0314241661307,40.9907682322751,0,1,0,51,172,0.3129882979025923,198.91699361962293
1781,1039,670824.784158359,4539269.65412214,670924.784158359,4539169.65412214,30,14,Osmanağa Mahallesi,OSMANAGA,7497,5,1,0,4,0,1,0,1,29.0312859666709,40.9862669403835,0,0,0,51,165,0.1664768748572816,178.73434217572574
1782,1040,670824.784158359,4539169.65412214,670924.784158359,4539069.65412214,31,14,Osmanağa Mahallesi,OSMANAGA,7497,3,0,0,4,0,1,0,0,29.0312583305336,40.9853666815359,0,0,0,51,167,0.1362024100004726,178.37290123503945
1783,1250,671124.784158359,4539769.65412214,671224.784158359,4539669.65412214,25,17,Osmanağa Mahallesi,OSMANAGA,7497,9,0,1,1,0,2,2,6,29.0349885334897,40.9907053407295,0,1,0,51,86,0.3631145903553613,101.61392738528056
1784,820,670524.784158359,4539569.65412214,670624.784158359,4539469.65412214,27,11,Osmanağa Mahallesi,OSMANAGA,7497,23,17,0,2,0,0,0,3,29.027804600806,40.9890304934453,0,0,0,51,166,0.1694441146413835,180.06386151523483
1785,819,670524.784158359,4539669.65412214,670624.784158359,4539569.65412214,26,11,Osmanağa Mahallesi,OSMANAGA,7497,16,21,0,1,0,1,0,4,29.027832193531,40.9899307536464,0,0,0,51,81,0.2298856300044988,90.3103680151822
1786,818,670524.784158359,4539769.65412214,670624.784158359,4539669.65412214,25,11,Osmanağa Mahallesi,OSMANAGA,7497,24,24,1,2,0,1,0,4,29.0278597875055,40.9908310136911,0,1,0,51,134,0.3324085888875363,156.27137545546492
1787,817,670524.784158359,4539869.65412214,670624.784158359,4539769.65412214,24,11,Osmanağa Mahallesi,OSMANAGA,7497,27,19,1,1,0,2,0,7,29.0278873827297,40.9917312735794,0,1,0,51,134,0.3674039983729004,158.6160678909843
1788,816,670524.784158359,4539969.65412214,670624.784158359,4539869.65412214,23,11,Osmanağa Mahallesi,OSMANAGA,7497,19,18,1,1,0,2,0,8,29.0279149792035,40.9926315333114,0,1,0,51,163,0.3597285269182684,192.3178749438389
1789,1179,671024.784158359,4539669.65412214,671124.784158359,4539569.65412214,26,16,Osmanağa Mahallesi,OSMANAGA,7497,13,7,0,0,0,1,0,3,29.0337727376142,40.9898260600705,0,1,0,51,90,0.1874870556341569,98.43691750353706
1790,1178,671024.784158359,4539769.65412214,671124.784158359,4539669.65412214,25,16,Osmanağa Mahallesi,OSMANAGA,7497,10,6,1,1,0,1,0,3,29.0338004122897,40.9907263168146,0,1,0,51,90,0.2762547863999088,102.4314653879959
1791,1180,671024.784158359,4539569.65412214,671124.784158359,4539469.65412214,27,16,Osmanağa Mahallesi,OSMANAGA,7497,7,4,0,0,0,2,0,2,29.0337450641918,40.98892580317,0,0,0,51,163,0.2034322428633965,179.5797277933668
1792,1181,671024.784158359,4539469.65412214,671124.784158359,4539369.65412214,28,16,Osmanağa Mahallesi,OSMANAGA,7497,7,2,0,2,0,2,0,1,29.0337173920226,40.988025546113,0,0,0,51,150,0.2120943381894242,165.90707536420683
1793,1182,671024.784158359,4539369.65412214,671124.784158359,4539269.65412214,29,16,Osmanağa Mahallesi,OSMANAGA,7497,7,0,0,3,0,2,0,2,29.0336897211065,40.9871252888996,0,0,0,51,141,0.1988183552682127,155.016694046409
1794,1183,671024.784158359,4539269.65412214,671124.784158359,4539169.65412214,30,16,Osmanağa Mahallesi,OSMANAGA,7497,4,0,0,3,0,1,0,2,29.0336620514434,40.9862250315297,0,0,0,51,142,0.1467893584998545,152.4220444534897
1795,1184,671024.784158359,4539169.65412214,671124.784158359,4539069.65412214,31,16,Osmanağa Mahallesi,OSMANAGA,7497,3,0,0,4,0,0,0,2,29.0336343830332,40.9853247740034,0,0,0,51,73,0.0758133033932684,75.76718557385429
1796,1185,671024.784158359,4539069.65412214,671124.784158359,4538969.65412214,32,16,Osmanağa Mahallesi,OSMANAGA,7497,0,0,0,3,0,0,0,0,29.0336067158759,40.9844245163206,0,0,0,51,73,0.0292333620099906,74.06701771336465
1797,966,670724.784158359,4539369.65412214,670824.784158359,4539269.65412214,29,13,Osmanağa Mahallesi,OSMANAGA,7497,7,6,0,4,0,1,0,0,29.0301255436585,40.9871881358096,0,0,0,51,169,0.1929666025300147,185.30567791378624
1798,965,670724.784158359,4539469.65412214,670824.784158359,4539369.65412214,28,13,Osmanağa Mahallesi,OSMANAGA,7497,16,7,0,4,0,1,0,1,29.0301531661608,40.9880883950044,0,0,0,51,167,0.2194320722184101,185.32257803023725
1799,964,670724.784158359,4539569.65412214,670824.784158359,4539469.65412214,27,13,Osmanağa Mahallesi,OSMANAGA,7497,22,13,0,2,0,2,0,2,29.0301807899139,40.9889886540428,0,0,0,51,165,0.2723869189433293,187.4719208128247
1800,963,670724.784158359,4539669.65412214,670824.784158359,4539569.65412214,26,13,Osmanağa Mahallesi,OSMANAGA,7497,20,14,0,1,0,2,0,2,29.030208414918,40.9898889129248,0,0,0,51,165,0.2632086472156566,186.71471339529168
1801,962,670724.784158359,4539769.65412214,670824.784158359,4539669.65412214,25,13,Osmanağa Mahallesi,OSMANAGA,7497,21,15,1,2,0,1,0,3,29.0302360411732,40.9907891716504,0,0,0,51,165,0.3180312134769261,191.2375751118464
1802,1113,670924.784158359,4539069.65412214,671024.784158359,4538969.65412214,32,15,Osmanağa Mahallesi,OSMANAGA,7497,0,0,0,2,0,0,0,0,29.0324187063879,40.9844454755432,0,0,0,51,149,0.0231668912779208,150.7259334002051
1803,1112,670924.784158359,4539169.65412214,671024.784158359,4539069.65412214,31,15,Osmanağa Mahallesi,OSMANAGA,7497,1,0,0,2,0,1,0,1,29.0324463574095,40.9853457338868,0,0,0,51,163,0.1160206392799221,172.45568210131364
1804,1111,670924.784158359,4539269.65412214,671024.784158359,4539169.65412214,30,15,Osmanağa Mahallesi,OSMANAGA,7497,4,0,0,2,0,1,0,1,29.0324740096832,40.9862459920739,0,0,0,51,162,0.1369609991742606,173.09384093311513
1805,1110,670924.784158359,4539369.65412214,671024.784158359,4539269.65412214,29,15,Osmanağa Mahallesi,OSMANAGA,7497,7,1,0,1,0,2,0,1,29.0325016632092,40.9871462501047,0,0,0,51,163,0.1950170026299009,178.8938857143369
1806,1109,670924.784158359,4539469.65412214,671024.784158359,4539369.65412214,28,15,Osmanağa Mahallesi,OSMANAGA,7497,7,4,0,1,0,2,0,1,29.0325293179874,40.9880465079789,0,0,0,51,163,0.2142870352748677,180.4643933749017
1807,1108,670924.784158359,4539569.65412214,671024.784158359,4539469.65412214,27,15,Osmanağa Mahallesi,OSMANAGA,7497,12,7,0,1,0,2,0,3,29.032556974018,40.9889467656968,0,0,0,51,165,0.2416979325744989,184.94007943739612
1808,1107,670924.784158359,4539669.65412214,671024.784158359,4539569.65412214,26,15,Osmanağa Mahallesi,OSMANAGA,7497,18,9,0,0,0,2,0,4,29.032584631301,40.9898470232582,0,1,0,51,131,0.2425170125958028,146.8848643250251
1809,1106,670924.784158359,4539769.65412214,671024.784158359,4539669.65412214,25,15,Osmanağa Mahallesi,OSMANAGA,7497,17,9,1,1,0,1,0,5,29.0326122898365,40.9907472806631,0,1,0,51,174,0.2987724825695244,199.99320598354865
1810,1105,670924.784158359,4539869.65412214,671024.784158359,4539769.65412214,24,15,Osmanağa Mahallesi,OSMANAGA,7497,16,8,1,1,0,1,0,6,29.0326399496245,40.9916475379116,0,1,0,51,174,0.2966806399890835,199.81121567905024
1811,325,669824.784158359,4538669.65412214,669924.784158359,4538569.65412214,36,4,Caferağa Mahallesi,CAFERAGA,21350,0,2,0,1,0,0,0,0,29.0198384778728,40.9812600141204,1,0,0,152,52,0.0377210232518007,52.98074660454682
1812,320,669824.784158359,4539169.65412214,669924.784158359,4539069.65412214,31,4,Caferağa Mahallesi,CAFERAGA,21350,0,0,0,0,0,1,0,0,29.0198802706581,40.9858688810762,1,0,0,152,20,0.0705819862281639,20.70581986228164
1813,319,669824.784158359,4539269.65412214,669924.784158359,4539169.65412214,30,4,Caferağa Mahallesi,CAFERAGA,21350,0,0,0,0,0,1,0,0,29.0196825800696,40.986543355051,0,0,0,152,60,0.0705819862281639,62.11745958684492
1814,318,669824.784158359,4539369.65412214,669924.784158359,4539269.65412214,29,4,Caferağa Mahallesi,CAFERAGA,21350,0,0,0,0,0,1,0,0,29.0194607795618,40.9873895281852,0,0,0,152,60,0.0705819862281639,62.11745958684492
1815,246,669724.784158359,4539369.65412214,669824.784158359,4539269.65412214,29,3,Caferağa Mahallesi,CAFERAGA,21350,0,0,0,0,0,1,0,0,29.0187180112011,40.9876833578005,1,0,0,152,49,0.0705819862281639,50.72925866259001
1816,317,669824.784158359,4539469.65412214,669924.784158359,4539369.65412214,28,4,Caferağa Mahallesi,CAFERAGA,21350,0,1,0,0,0,1,0,1,29.019460421106,40.9882762809578,0,0,0,152,49,0.091590194215807,51.24395975828728
1817,245,669724.784158359,4539469.65412214,669824.784158359,4539369.65412214,28,3,Caferağa Mahallesi,CAFERAGA,21350,0,0,0,0,0,1,0,0,29.0184637680555,40.9883639090343,0,0,0,152,49,0.0705819862281639,50.72925866259001
1818,316,669824.784158359,4539569.65412214,669924.784158359,4539469.65412214,27,4,Caferağa Mahallesi,CAFERAGA,21350,1,2,0,0,0,1,6,2,29.0194878996076,40.9891765459198,0,0,0,152,72,0.2675860286500058,81.6330970314002
1819,244,669724.784158359,4539569.65412214,669824.784158359,4539469.65412214,27,3,Caferağa Mahallesi,CAFERAGA,21350,0,0,0,0,0,0,4,1,29.0183032267953,40.9891997263706,0,0,0,152,16,0.1287291488523869,17.029833190819094
1820,172,669624.784158359,4539569.65412214,669724.784158359,4539469.65412214,27,2,Caferağa Mahallesi,CAFERAGA,21350,0,0,0,0,0,0,2,0,29.0175312902001,40.9894030792271,1,0,0,152,52,0.0834814801055364,54.17051848274395
1821,387,669924.784158359,4539669.65412214,670024.784158359,4539569.65412214,26,5,Caferağa Mahallesi,CAFERAGA,21350,5,5,0,0,0,2,7,3,29.0207034994038,40.990055982138,0,0,0,152,104,0.3613739900342103,122.79144748177896
1822,243,669724.784158359,4539669.65412214,669824.784158359,4539569.65412214,26,3,Caferağa Mahallesi,CAFERAGA,21350,1,0,0,0,0,0,5,1,29.0183272580588,40.9900976270764,0,0,0,152,93,0.1584241915501405,100.36672490708152
1823,315,669824.784158359,4539669.65412214,669924.784158359,4539569.65412214,26,4,Caferağa Mahallesi,CAFERAGA,21350,3,2,0,0,0,0,7,2,29.0195153793535,40.9900768107255,0,0,0,152,82,0.2229916123728686,91.14265610728762
1824,171,669624.784158359,4539669.65412214,669724.784158359,4539569.65412214,26,2,Caferağa Mahallesi,CAFERAGA,21350,0,0,0,0,0,0,5,1,29.0173718442143,40.9901589719775,0,0,0,152,23,0.1425834208037386,24.639709339242994
1825,314,669824.784158359,4539769.65412214,669924.784158359,4539669.65412214,25,4,Caferağa Mahallesi,CAFERAGA,21350,3,2,0,0,0,0,7,3,29.0194907901611,40.9908705130845,0,0,0,152,82,0.2256607148067801,91.25208930707798
1826,242,669724.784158359,4539769.65412214,669824.784158359,4539669.65412214,25,3,Caferağa Mahallesi,CAFERAGA,21350,2,0,0,0,0,0,6,1,29.0183416364179,40.9908999255941,0,0,0,152,18,0.1794040684506782,19.614636616056107
1827,386,669924.784158359,4539769.65412214,670024.784158359,4539669.65412214,25,5,Caferağa Mahallesi,CAFERAGA,21350,8,3,0,0,0,1,8,3,29.0207796226146,40.9909003378046,0,0,0,152,39,0.3297754176456582,45.43062064409033
1828,170,669624.784158359,4539769.65412214,669724.784158359,4539669.65412214,25,2,Caferağa Mahallesi,CAFERAGA,21350,0,0,0,0,0,0,5,0,29.0171870145559,40.9910302478587,0,0,0,152,25,0.136152429776303,26.70190537220379
1829,98,669524.784158359,4539769.65412214,669624.784158359,4539669.65412214,25,1,Caferağa Mahallesi,CAFERAGA,21350,0,0,0,0,0,0,2,0,29.0163802801062,40.9912968143726,1,0,0,152,8,0.0834814801055364,8.333925920422146
1830,313,669824.784158359,4539869.65412214,669924.784158359,4539769.65412214,24,4,Caferağa Mahallesi,CAFERAGA,21350,3,0,0,0,0,0,7,2,29.0189759502883,40.9914507802833,1,0,0,152,18,0.1998872701260632,19.798985431134568
1831,385,669924.784158359,4539869.65412214,670024.784158359,4539769.65412214,24,5,Caferağa Mahallesi,CAFERAGA,21350,18,7,0,0,0,1,8,4,29.0212337233997,40.9914690294703,1,0,0,152,39,0.3634993419522233,46.08823716806836
1832,97,669524.784158359,4539869.65412214,669624.784158359,4539769.65412214,24,1,Caferağa Mahallesi,CAFERAGA,21350,0,0,0,0,0,0,2,0,29.0161168362485,40.9917282156129,1,0,0,152,8,0.0834814801055364,8.333925920422146
1833,25,669424.784158359,4539869.65412214,669524.784158359,4539769.65412214,24,0,Caferağa Mahallesi,CAFERAGA,21350,0,0,0,0,0,0,2,0,29.0152668478074,40.992309867066,1,0,0,152,8,0.0834814801055364,8.333925920422146
1834,24,669424.784158359,4539969.65412214,669524.784158359,4539869.65412214,23,0,Caferağa Mahallesi,CAFERAGA,21350,0,0,0,0,0,0,2,0,29.0149812300375,40.9925081398671,1,0,0,152,8,0.0834814801055364,8.333925920422146
1835,388,669924.784158359,4539569.65412214,670024.784158359,4539469.65412214,27,5,Caferağa Mahallesi,CAFERAGA,21350,4,4,0,0,0,2,5,2,29.0206760035178,40.9891557179889,0,0,0,152,191,0.3288434910412343,222.40455339443787
1836,389,669924.784158359,4539469.65412214,670024.784158359,4539369.65412214,28,5,Caferağa Mahallesi,CAFERAGA,21350,1,2,0,0,0,1,2,2,29.0206485088769,40.9882554536836,0,0,0,152,194,0.2032014589478672,213.7105415179431
1837,390,669924.784158359,4539369.65412214,670024.784158359,4539269.65412214,29,5,Caferağa Mahallesi,CAFERAGA,21350,0,0,0,0,0,1,0,0,29.0206210154811,40.987355189222,0,0,0,152,110,0.0705819862281639,113.882009242549
1838,391,669924.784158359,4539269.65412214,670024.784158359,4539169.65412214,30,5,Caferağa Mahallesi,CAFERAGA,21350,0,0,0,0,0,1,0,0,29.0205935233302,40.9864549246042,0,0,0,152,110,0.0705819862281639,113.882009242549
1839,392,669924.784158359,4539169.65412214,670024.784158359,4539069.65412214,31,5,Caferağa Mahallesi,CAFERAGA,21350,0,0,0,0,0,1,0,0,29.0206038539887,40.9855750551848,0,0,0,152,173,0.0705819862281639,179.10534180873617
1840,393,669924.784158359,4539069.65412214,670024.784158359,4538969.65412214,32,5,Caferağa Mahallesi,CAFERAGA,21350,0,3,0,1,0,0,0,0,29.020660063714,40.9846612295454,0,0,0,152,165,0.0437711149254103,168.61111698134636
1841,394,669924.784158359,4538969.65412214,670024.784158359,4538869.65412214,33,5,Caferağa Mahallesi,CAFERAGA,21350,2,8,0,2,0,0,0,0,29.0207546224621,40.9837718568223,0,0,0,152,146,0.0944826033870992,152.89723004725823
1842,395,669924.784158359,4538869.65412214,670024.784158359,4538769.65412214,34,5,Caferağa Mahallesi,CAFERAGA,21350,2,7,0,1,0,0,0,0,29.0207349545366,40.9828350332769,0,0,0,152,25,0.0834553595011855,26.043191993764815
1843,396,669924.784158359,4538769.65412214,670024.784158359,4538669.65412214,35,5,Caferağa Mahallesi,CAFERAGA,21350,1,4,0,1,0,0,0,0,29.020598861323,40.9819253347228,0,0,0,152,52,0.0643047013565716,53.671922235270856
1844,397,669924.784158359,4538669.65412214,670024.784158359,4538569.65412214,36,5,Caferağa Mahallesi,CAFERAGA,21350,0,4,0,1,0,0,0,0,29.0204671960124,40.9810624038715,0,0,0,152,52,0.0484639306101697,53.260062195864414
1845,398,669924.784158359,4538569.65412214,670024.784158359,4538469.65412214,37,5,Caferağa Mahallesi,CAFERAGA,21350,0,2,0,0,0,0,0,0,29.0206459085249,40.9802327471869,0,0,0,152,15,0.0231043422468053,15.17328256685104
1846,399,669924.784158359,4538469.65412214,670024.784158359,4538369.65412214,38,5,Caferağa Mahallesi,CAFERAGA,21350,0,1,0,0,0,0,0,0,29.0208937325421,40.9796083662114,1,0,0,152,15,0.0145772169602075,15.109329127201557
1847,540,670124.784158359,4538769.65412214,670224.784158359,4538669.65412214,35,7,Caferağa Mahallesi,CAFERAGA,21350,2,8,0,3,0,0,0,0,29.0228320271462,40.9819119171151,0,2,0,152,183,0.100549074119169,192.200240281904
1848,539,670124.784158359,4538869.65412214,670224.784158359,4538769.65412214,34,7,Caferağa Mahallesi,CAFERAGA,21350,2,12,0,4,0,0,0,0,29.0228595453413,40.9828121812001,0,2,0,152,187,0.1129880225145846,197.56438010511368
1849,538,670124.784158359,4538969.65412214,670224.784158359,4538869.65412214,33,7,Caferağa Mahallesi,CAFERAGA,21350,2,13,0,4,0,1,0,0,29.0228870647825,40.9837124451288,0,1,0,152,201,0.1851285348665843,219.60541775409172
1850,537,670124.784158359,4539069.65412214,670224.784158359,4538969.65412214,32,7,Caferağa Mahallesi,CAFERAGA,21350,2,11,0,5,0,1,0,0,29.0229145854699,40.9846127089012,0,0,0,152,204,0.1857313622938681,222.94459895397455
1851,536,670124.784158359,4539169.65412214,670224.784158359,4539069.65412214,31,7,Caferağa Mahallesi,CAFERAGA,21350,6,9,0,3,0,2,0,0,29.0229421074036,40.9855129725173,0,0,0,152,205,0.2339982956975268,228.98482530899648
1852,535,670124.784158359,4539269.65412214,670224.784158359,4539169.65412214,30,7,Caferağa Mahallesi,CAFERAGA,21350,6,7,0,2,0,2,0,0,29.0229696305836,40.9864132359771,0,0,0,152,205,0.2232390092806976,227.8819984512715
1853,534,670124.784158359,4539369.65412214,670224.784158359,4539269.65412214,29,7,Caferağa Mahallesi,CAFERAGA,21350,6,3,0,1,0,2,0,0,29.0229971550099,40.9873134992806,0,0,0,152,218,0.2001115820475646,239.8121624431845
1854,533,670124.784158359,4539469.65412214,670224.784158359,4539369.65412214,28,7,Caferağa Mahallesi,CAFERAGA,21350,9,6,0,1,0,2,1,1,29.0230246806828,40.9882137624278,0,0,0,152,221,0.2791337462715368,251.84427896300485
1855,532,670124.784158359,4539569.65412214,670224.784158359,4539469.65412214,27,7,Caferağa Mahallesi,CAFERAGA,21350,7,6,0,1,0,2,2,4,29.0230522076021,40.9891140254187,0,0,0,152,221,0.3133459952755056,255.62473247794333
1856,531,670124.784158359,4539669.65412214,670224.784158359,4539569.65412214,26,7,Caferağa Mahallesi,CAFERAGA,21350,21,13,0,0,0,2,5,5,29.023079735768,40.9900142882533,0,0,0,152,127,0.3907875744961921,151.8150109805082
1857,530,670124.784158359,4539769.65412214,670224.784158359,4539669.65412214,25,7,Caferağa Mahallesi,CAFERAGA,21350,25,15,0,0,0,1,7,8,29.0231072651805,40.9909145509316,0,1,0,152,89,0.381748050305568,105.9877882385978
1858,529,670124.784158359,4539869.65412214,670224.784158359,4539769.65412214,24,7,Caferağa Mahallesi,CAFERAGA,21350,25,15,0,0,0,1,9,10,29.0231786316559,40.991773508951,0,1,0,152,18,0.4005661232465503,21.60509510921895
1859,528,670124.784158359,4539969.65412214,670224.784158359,4539869.65412214,23,7,Caferağa Mahallesi,CAFERAGA,21350,25,10,0,0,0,1,9,11,29.0232638499742,40.9926975846948,0,1,0,152,18,0.3934934286459454,21.54144085781351
1860,541,670124.784158359,4538669.65412214,670224.784158359,4538569.65412214,36,7,Caferağa Mahallesi,CAFERAGA,21350,1,6,0,1,0,0,0,0,29.0228045101971,40.9810116528738,0,2,0,152,175,0.0713808735345373,181.24582643427203
1861,542,670124.784158359,4538569.65412214,670224.784158359,4538469.65412214,37,7,Caferağa Mahallesi,CAFERAGA,21350,0,4,0,0,0,0,1,0,29.0227769944941,40.9801113884763,0,1,0,152,175,0.086518199275941,182.57034243664484
1862,543,670124.784158359,4538469.65412214,670224.784158359,4538369.65412214,38,7,Caferağa Mahallesi,CAFERAGA,21350,0,2,0,0,0,0,1,0,29.022749480037,40.9792111239224,0,1,0,152,158,0.075775291917572,163.9862480614882
1863,544,670124.784158359,4538369.65412214,670224.784158359,4538269.65412214,39,7,Caferağa Mahallesi,CAFERAGA,21350,0,0,0,0,0,0,1,0,29.0225982248279,40.9785842595883,0,0,0,152,55,0.0526709496707666,56.44845111594608
1864,472,670024.784158359,4538369.65412214,670124.784158359,4538269.65412214,39,6,Caferağa Mahallesi,CAFERAGA,21350,0,0,0,0,0,0,1,0,29.0219399471407,40.9786225271764,1,0,0,152,55,0.0526709496707666,56.44845111594608
1865,471,670024.784158359,4538469.65412214,670124.784158359,4538369.65412214,38,6,Caferağa Mahallesi,CAFERAGA,21350,0,1,0,0,0,0,0,0,29.0216442381534,40.9792789118141,0,0,0,152,137,0.0145772169602075,137.99853936177422
1866,470,670024.784158359,4538569.65412214,670124.784158359,4538469.65412214,37,6,Caferağa Mahallesi,CAFERAGA,21350,0,4,0,0,0,0,0,0,29.021589054434,40.9801322343062,0,1,0,152,165,0.0338472496051744,167.7923980924269
1867,469,670024.784158359,4538669.65412214,670124.784158359,4538569.65412214,36,6,Caferağa Mahallesi,CAFERAGA,21350,1,4,0,1,0,0,0,0,29.0216165540044,40.981032499361,0,1,0,152,165,0.0643047013565716,170.30513786191713
1868,468,670024.784158359,4538769.65412214,670124.784158359,4538669.65412214,35,6,Caferağa Mahallesi,CAFERAGA,21350,2,7,0,2,0,0,0,0,29.0216440548201,40.9819327642596,0,1,0,152,181,0.092005569774111,189.32650406455704
1869,467,670024.784158359,4538869.65412214,670124.784158359,4538769.65412214,34,6,Caferağa Mahallesi,CAFERAGA,21350,2,9,0,3,0,0,0,0,29.0216715568811,40.9828330290019,0,0,0,152,180,0.1027648561909402,189.2488370571846
1870,466,670024.784158359,4538969.65412214,670124.784158359,4538869.65412214,33,6,Caferağa Mahallesi,CAFERAGA,21350,2,12,0,3,0,0,0,0,29.0216990601875,40.9837332935878,0,0,0,152,190,0.1082825022450701,200.28683771328164
1871,465,670024.784158359,4539069.65412214,670124.784158359,4538969.65412214,32,6,Caferağa Mahallesi,CAFERAGA,21350,2,10,0,3,0,0,0,0,29.0217265647394,40.9846335580175,0,0,0,152,204,0.104769274889436,214.6864660387225
1872,464,670024.784158359,4539169.65412214,670124.784158359,4539069.65412214,31,6,Caferağa Mahallesi,CAFERAGA,21350,1,8,0,3,0,2,0,0,29.0217540705368,40.985533822291,0,0,0,152,202,0.2031526186480601,222.51841448345408
1873,463,670024.784158359,4539269.65412214,670124.784158359,4539169.65412214,30,6,Caferağa Mahallesi,CAFERAGA,21350,0,1,0,1,0,1,0,0,29.0217815775797,40.9864340864081,0,0,0,152,202,0.0997758841933667,212.07736430353003
1874,462,670024.784158359,4539369.65412214,670124.784158359,4539269.65412214,29,6,Caferağa Mahallesi,CAFERAGA,21350,1,2,0,1,0,1,0,0,29.0218090858684,40.987334350369,0,0,0,152,200,0.1241437802263664,212.41437802263664
1875,461,670024.784158359,4539469.65412214,670124.784158359,4539369.65412214,28,6,Caferağa Mahallesi,CAFERAGA,21350,4,4,0,1,0,2,1,2,29.0218365954027,40.9882346141736,0,0,0,152,207,0.2599786919406932,233.90779461586175
1876,460,670024.784158359,4539569.65412214,670124.784158359,4539469.65412214,27,6,Caferağa Mahallesi,CAFERAGA,21350,6,6,0,0,0,2,5,3,29.0218641061829,40.9891348778219,0,0,0,152,215,0.3462783007364687,252.22491732917035
1877,459,670024.784158359,4539669.65412214,670124.784158359,4539569.65412214,26,6,Caferağa Mahallesi,CAFERAGA,21350,5,8,0,0,0,2,5,3,29.0218916182088,40.9900351413139,0,0,0,152,87,0.3480406960848114,102.13977027968927
1878,458,670024.784158359,4539769.65412214,670124.784158359,4539669.65412214,25,6,Caferağa Mahallesi,CAFERAGA,21350,20,10,0,0,0,1,6,6,29.0219191314807,40.9909354046496,0,0,0,152,96,0.3565086889539613,113.11241706979014
1879,457,670024.784158359,4539869.65412214,670124.784158359,4539769.65412214,24,6,Caferağa Mahallesi,CAFERAGA,21350,20,10,0,0,0,1,9,6,29.0219745283726,40.9916136097034,0,0,0,152,96,0.3836117466420043,114.4133638388162
1880,456,670024.784158359,4539969.65412214,670124.784158359,4539869.65412214,23,6,Caferağa Mahallesi,CAFERAGA,21350,20,6,0,0,0,0,11,10,29.0225351177153,40.992996592285,1,1,0,152,8,0.3215720682693583,9.286288273077432
1881,602,670224.784158359,4539769.65412214,670324.784158359,4539669.65412214,25,8,Caferağa Mahallesi,CAFERAGA,21350,25,17,0,0,0,1,4,9,29.0242953976337,40.9908936849767,0,1,0,152,141,0.3494879232612952,165.63889858992133
1882,603,670224.784158359,4539669.65412214,670324.784158359,4539569.65412214,26,8,Caferağa Mahallesi,CAFERAGA,21350,20,16,0,0,0,1,2,5,29.0242678520805,40.9899934229562,0,1,0,152,193,0.2998488629754531,221.93541527713123
1883,604,670224.784158359,4539569.65412214,670324.784158359,4539469.65412214,27,8,Caferağa Mahallesi,CAFERAGA,21350,15,14,0,1,0,2,1,4,29.0242403077748,40.9890931607794,0,0,0,152,221,0.3144044056559773,255.7416868249855
1884,605,670224.784158359,4539469.65412214,670324.784158359,4539369.65412214,28,8,Caferağa Mahallesi,CAFERAGA,21350,8,6,0,1,0,2,0,0,29.0242127647163,40.9881928984463,0,0,0,152,224,0.2176239594173276,248.37388345474068
1885,606,670224.784158359,4539369.65412214,670324.784158359,4539269.65412214,29,8,Caferağa Mahallesi,CAFERAGA,21350,6,4,0,1,0,2,0,0,29.0241852229051,40.9872926359569,0,0,0,152,224,0.2048043977323239,246.93809254602024
1886,607,670224.784158359,4539269.65412214,670324.784158359,4539169.65412214,30,8,Caferağa Mahallesi,CAFERAGA,21350,7,7,0,2,0,2,0,0,29.024157682341,40.9863923733111,0,0,0,152,222,0.2262906557958058,247.11826279333445
1887,608,670224.784158359,4539169.65412214,670324.784158359,4539069.65412214,31,8,Caferağa Mahallesi,CAFERAGA,21350,7,9,0,5,0,1,0,0,29.0241301430241,40.985492110509,0,0,0,152,201,0.2043123373156675,221.5333899002246
1888,609,670224.784158359,4539069.65412214,670324.784158359,4538969.65412214,32,8,Caferağa Mahallesi,CAFERAGA,21350,4,11,0,6,0,1,0,0,29.0241026049542,40.9845918475506,0,0,0,152,222,0.2006561043996441,244.27282758836049
1889,610,670224.784158359,4538969.65412214,670324.784158359,4538869.65412214,33,8,Caferağa Mahallesi,CAFERAGA,21350,2,13,0,5,0,1,0,0,29.0240750681313,40.9836915844359,0,1,0,152,217,0.1889732248699954,237.50359489839448
1890,611,670224.784158359,4538869.65412214,670324.784158359,4538769.65412214,34,8,Caferağa Mahallesi,CAFERAGA,21350,2,12,0,5,0,0,0,0,29.0240475325553,40.9827913211649,0,2,0,152,195,0.1168327125179956,206.3911894705046
1891,612,670224.784158359,4538769.65412214,670324.784158359,4538669.65412214,35,8,Caferağa Mahallesi,CAFERAGA,21350,2,9,0,4,0,0,0,0,29.0240199982262,40.9818910577376,0,2,0,152,188,0.1074703764604546,198.10221538728277
1892,613,670224.784158359,4538669.65412214,670324.784158359,4538569.65412214,36,8,Caferağa Mahallesi,CAFERAGA,21350,1,6,0,1,0,0,1,0,29.0239924651439,40.980990794154,0,2,0,152,173,0.124051823205304,183.7304827072588
1893,614,670224.784158359,4538569.65412214,670324.784158359,4538469.65412214,37,8,Caferağa Mahallesi,CAFERAGA,21350,0,4,0,0,0,0,1,0,29.0239649333082,40.980090530414,0,2,0,152,173,0.086518199275941,180.48382423736888
1894,615,670224.784158359,4538469.65412214,670324.784158359,4538369.65412214,38,8,Caferağa Mahallesi,CAFERAGA,21350,0,2,0,0,0,0,1,0,29.0237799332491,40.9792769883025,0,1,0,152,143,0.075775291917572,148.4179333721064
1895,686,670324.784158359,4538569.65412214,670424.784158359,4538469.65412214,37,9,Caferağa Mahallesi,CAFERAGA,21350,0,4,0,0,0,0,1,0,29.0251405969497,40.980108981341,0,2,0,152,136,0.086518199275941,141.883237550764
1896,685,670324.784158359,4538669.65412214,670424.784158359,4538569.65412214,36,9,Caferağa Mahallesi,CAFERAGA,21350,1,5,0,1,0,0,1,0,29.0251804188439,40.9809699232015,0,2,1,152,136,0.1208099606291767,144.215077322784
1897,756,670424.784158359,4538769.65412214,670524.784158359,4538669.65412214,35,10,Caferağa Mahallesi,CAFERAGA,21350,2,6,0,5,0,0,0,0,29.0263959366452,40.9818493022837,0,2,0,152,184,0.1038140216816239,193.5508899947094
1898,684,670324.784158359,4538769.65412214,670424.784158359,4538669.65412214,35,9,Caferağa Mahallesi,CAFERAGA,21350,2,9,0,5,0,0,0,0,29.0252079680594,40.9818701861271,0,2,1,152,183,0.1113150664638657,193.1853285814437
1899,683,670324.784158359,4538869.65412214,670424.784158359,4538769.65412214,34,9,Caferağa Mahallesi,CAFERAGA,21350,2,13,0,5,0,1,0,0,29.0252355185225,40.9827704488964,0,2,0,152,197,0.1889732248699954,215.6138626496945
1900,755,670424.784158359,4538869.65412214,670524.784158359,4538769.65412214,34,10,Caferağa Mahallesi,CAFERAGA,21350,2,10,0,5,0,0,0,0,29.0264235032421,40.9827495643946,0,2,0,152,208,0.1133194851623615,219.7852264568856
1901,754,670424.784158359,4538969.65412214,670524.784158359,4538869.65412214,33,10,Caferağa Mahallesi,CAFERAGA,21350,2,11,0,5,0,1,0,0,29.0264510710875,40.9836498263491,0,1,0,152,215,0.1857313622938681,234.96612144659085
1902,682,670324.784158359,4538969.65412214,670424.784158359,4538869.65412214,33,9,Caferağa Mahallesi,CAFERAGA,21350,2,13,0,5,0,1,0,0,29.0252630702332,40.9836707115094,0,1,0,152,212,0.1889732248699954,232.0311618362195
1903,753,670424.784158359,4539069.65412214,670524.784158359,4538969.65412214,32,10,Caferağa Mahallesi,CAFERAGA,21350,8,9,0,6,0,1,0,0,29.0264786401811,40.9845500881472,0,1,0,152,218,0.2102547193882006,240.91776441331385
1904,681,670324.784158359,4539069.65412214,670424.784158359,4538969.65412214,32,9,Caferağa Mahallesi,CAFERAGA,21350,6,11,0,5,0,1,0,0,29.0252906231915,40.984570973966,0,1,0,152,217,0.2050950004023978,239.2528075436601
1905,752,670424.784158359,4539169.65412214,670524.784158359,4539069.65412214,31,10,Caferağa Mahallesi,CAFERAGA,21350,10,8,0,7,0,1,0,0,29.0265062105233,40.985450349789,0,0,0,152,140,0.2154407769204479,155.08085438443138
1906,680,670324.784158359,4539169.65412214,670424.784158359,4539069.65412214,31,9,Caferağa Mahallesi,CAFERAGA,21350,10,9,0,5,0,1,0,0,29.0253181773976,40.9854712362663,0,0,0,152,222,0.2115900882601493,245.48649979687656
1907,751,670424.784158359,4539269.65412214,670524.784158359,4539169.65412214,30,10,Caferağa Mahallesi,CAFERAGA,21350,10,6,0,4,0,1,0,0,29.0265337821139,40.9863506112745,0,0,0,152,218,0.2002443534744964,239.8266345287201
1908,679,670324.784158359,4539269.65412214,670424.784158359,4539169.65412214,30,9,Caferağa Mahallesi,CAFERAGA,21350,10,7,0,5,0,1,0,0,29.0253457328514,40.9863714984102,0,0,0,152,218,0.2068972725753899,240.5518027107175
1909,678,670324.784158359,4539369.65412214,670424.784158359,4539269.65412214,29,9,Caferağa Mahallesi,CAFERAGA,21350,10,3,0,2,0,1,0,0,29.025373289553,40.9872717603978,0,0,0,152,220,0.1777033746101871,239.54737120712056
1910,750,670424.784158359,4539369.65412214,670524.784158359,4539269.65412214,29,10,Caferağa Mahallesi,CAFERAGA,21350,12,3,0,4,0,1,0,0,29.0265613549531,40.9872508726036,0,0,0,152,214,0.1922931196640369,234.575363804052
1911,677,670324.784158359,4539469.65412214,670424.784158359,4539369.65412214,28,9,Caferağa Mahallesi,CAFERAGA,21350,12,5,0,1,0,0,0,0,29.0254008475026,40.9881720222291,0,0,0,152,215,0.1109160574479611,226.92347617565585
1912,749,670424.784158359,4539469.65412214,670524.784158359,4539369.65412214,28,10,Caferağa Mahallesi,CAFERAGA,21350,12,4,0,4,0,0,0,0,29.0265889290409,40.9881511337763,0,0,0,152,212,0.1264039491206324,225.39881860678705
1913,748,670424.784158359,4539569.65412214,670524.784158359,4539469.65412214,27,10,Caferağa Mahallesi,CAFERAGA,21350,24,17,0,1,0,0,0,4,29.0266165043775,40.9890513947927,0,0,0,152,215,0.1638971424848655,232.61894281712307
1914,676,670324.784158359,4539569.65412214,670424.784158359,4539469.65412214,27,9,Caferağa Mahallesi,CAFERAGA,21350,17,18,0,1,0,1,0,2,29.0254284067001,40.9890722839041,0,0,0,152,218,0.223369333826358,242.34725738707303
1915,675,670324.784158359,4539669.65412214,670424.784158359,4539569.65412214,26,9,Caferağa Mahallesi,CAFERAGA,21350,19,20,0,0,0,1,1,4,29.0254559671457,40.9899725454227,0,1,0,152,218,0.2706756708069914,247.5036481179621
1916,757,670424.784158359,4538669.65412214,670524.784158359,4538569.65412214,36,10,Caferağa Mahallesi,CAFERAGA,21350,0,2,0,1,0,0,1,0,29.0263683712964,40.9809490400165,0,2,0,152,93,0.0903919729225673,97.20322674089938
1917,758,670424.784158359,4538569.65412214,670524.784158359,4538469.65412214,37,10,Caferağa Mahallesi,CAFERAGA,21350,0,0,0,0,0,0,1,0,29.0263186667325,40.9801598863935,0,2,0,152,93,0.0526709496707666,95.44919915969064
1918,896,670624.784158359,4539169.65412214,670724.784158359,4539069.65412214,31,12,Caferağa Mahallesi,CAFERAGA,21350,5,1,0,5,0,0,0,0,29.0288822730284,40.9854085401312,0,0,0,152,224,0.0933085876050931,234.4505618117704
1919,895,670624.784158359,4539269.65412214,670724.784158359,4539169.65412214,30,12,Caferağa Mahallesi,CAFERAGA,21350,9,2,0,4,0,1,0,0,29.0289098768924,40.9863088002985,0,0,0,152,220,0.1802471121416165,239.82718233557785
1920,897,670624.784158359,4539069.65412214,670724.784158359,4538969.65412214,32,12,Caferağa Mahallesi,CAFERAGA,21350,3,1,0,7,0,0,0,0,29.0288546704143,40.9845082798075,0,0,0,152,220,0.0901088014679972,229.91196816147968
1921,898,670624.784158359,4538969.65412214,670724.784158359,4538869.65412214,33,12,Caferağa Mahallesi,CAFERAGA,21350,0,0,0,5,0,0,0,0,29.0288270690501,40.9836080193274,0,0,0,152,220,0.0377835722829161,224.1561929511208
1922,899,670624.784158359,4538869.65412214,670724.784158359,4538769.65412214,34,12,Caferağa Mahallesi,CAFERAGA,21350,0,0,0,6,0,0,0,0,29.0287994689357,40.982707758691,0,1,0,152,140,0.0410342113635195,142.87239479544635
1923,900,670624.784158359,4538769.65412214,670724.784158359,4538669.65412214,35,12,Caferağa Mahallesi,CAFERAGA,21350,0,0,0,3,0,0,0,0,29.0287718700711,40.9818074978982,0,1,0,152,148,0.0292333620099906,150.1632687887393
1924,901,670624.784158359,4538669.65412214,670724.784158359,4538569.65412214,36,12,Caferağa Mahallesi,CAFERAGA,21350,0,0,0,3,0,0,0,0,29.0287442724563,40.980907236949,0,1,0,152,114,0.0292333620099906,115.66630163456946
1925,902,670624.784158359,4538569.65412214,670724.784158359,4538469.65412214,37,12,Caferağa Mahallesi,CAFERAGA,21350,0,0,0,3,0,0,0,0,29.0286957208617,40.9800438570746,0,0,0,152,114,0.0292333620099906,115.66630163456946
1926,903,670624.784158359,4538469.65412214,670724.784158359,4538369.65412214,38,12,Caferağa Mahallesi,CAFERAGA,21350,0,0,0,0,0,0,1,0,29.0282465075326,40.9794769414694,1,0,0,152,114,0.0526709496707666,117.0022441312337
1927,1041,670824.784158359,4539069.65412214,670924.784158359,4538969.65412214,32,14,Caferağa Mahallesi,CAFERAGA,21350,1,0,0,4,0,0,0,0,29.0312306956478,40.9844664225319,0,0,0,152,215,0.0497796530259069,220.351312700285
1928,1042,670824.784158359,4538969.65412214,670924.784158359,4538869.65412214,33,14,Caferağa Mahallesi,CAFERAGA,21350,0,0,0,4,0,0,0,0,29.0312030620134,40.9835661633714,0,0,0,152,198,0.033938882279505,201.359949345671
1929,1043,670824.784158359,4538869.65412214,670924.784158359,4538769.65412214,34,14,Caferağa Mahallesi,CAFERAGA,21350,0,0,0,4,0,0,0,0,29.0311754296302,40.9826659040546,0,0,0,152,194,0.033938882279505,197.292071581112
1930,1044,670824.784158359,4538769.65412214,670924.784158359,4538669.65412214,35,14,Caferağa Mahallesi,CAFERAGA,21350,0,0,0,4,0,0,0,0,29.0311477984983,40.9817656445813,0,0,0,152,190,0.033938882279505,193.22419381655297
1931,1045,670824.784158359,4538669.65412214,670924.784158359,4538569.65412214,36,14,Caferağa Mahallesi,CAFERAGA,21350,0,0,0,2,0,0,0,0,29.0311037068844,40.980884334383,0,0,0,152,148,0.0231668912779208,149.71434995456613
1932,1046,670824.784158359,4538569.65412214,670924.784158359,4538469.65412214,37,14,Caferağa Mahallesi,CAFERAGA,21350,0,0,0,2,0,0,0,0,29.0306659152856,40.9803322190029,1,0,0,152,40,0.0231668912779208,40.46333782555841
1933,831,670524.784158359,4538469.65412214,670624.784158359,4538369.65412214,38,11,Caferağa Mahallesi,CAFERAGA,21350,0,0,0,0,0,0,1,0,29.0277575282359,40.9794623587786,1,1,0,152,93,0.0526709496707666,95.44919915969064
1934,830,670524.784158359,4538569.65412214,670624.784158359,4538469.65412214,37,11,Caferağa Mahallesi,CAFERAGA,21350,0,0,0,1,0,0,1,0,29.0275493584762,40.9800426176114,0,2,0,152,130,0.0672876306757619,134.37369599392454
1935,829,670524.784158359,4538669.65412214,670624.784158359,4538569.65412214,36,11,Caferağa Mahallesi,CAFERAGA,21350,0,0,0,2,0,0,0,0,29.0275563225008,40.980928144599,0,2,0,152,130,0.0231668912779208,131.50584793306484
1936,828,670524.784158359,4538769.65412214,670624.784158359,4538669.65412214,35,11,Caferağa Mahallesi,CAFERAGA,21350,0,0,0,4,0,0,0,0,29.0275839039826,40.9818284062074,0,2,0,152,148,0.033938882279505,150.51147728868338
1937,827,670524.784158359,4538869.65412214,670624.784158359,4538769.65412214,34,11,Caferağa Mahallesi,CAFERAGA,21350,0,0,0,5,0,0,0,0,29.0276114867135,40.9827286676594,0,1,0,152,210,0.0377835722829161,213.96727508970625
1938,826,670524.784158359,4538969.65412214,670624.784158359,4538869.65412214,33,11,Caferağa Mahallesi,CAFERAGA,21350,0,4,0,6,0,1,0,0,29.0276390706933,40.9836289289551,0,1,0,152,202,0.1454634471968578,216.69180816688265
1939,825,670524.784158359,4539069.65412214,670624.784158359,4538969.65412214,32,11,Caferağa Mahallesi,CAFERAGA,21350,3,6,0,5,0,1,0,0,29.0276666559223,40.9845291900944,0,0,0,152,215,0.1809705217870239,234.4543310921051
1940,824,670524.784158359,4539169.65412214,670624.784158359,4539069.65412214,31,11,Caferağa Mahallesi,CAFERAGA,21350,8,5,0,4,0,1,0,0,29.0276942424004,40.9854294510773,0,0,0,152,220,0.1924164829458171,241.1658131240399
1941,823,670524.784158359,4539269.65412214,670624.784158359,4539169.65412214,30,11,Caferağa Mahallesi,CAFERAGA,21350,9,3,0,3,0,1,0,0,29.0277218301278,40.9863297119039,0,0,0,152,218,0.1815916835457117,237.79349350648255
1942,822,670524.784158359,4539369.65412214,670624.784158359,4539269.65412214,29,11,Caferağa Mahallesi,CAFERAGA,21350,12,2,0,3,0,1,0,0,29.0277494191045,40.9872299725741,0,0,0,152,210,0.1815375077209128,229.06143831069585
1943,821,670524.784158359,4539469.65412214,670624.784158359,4539369.65412214,28,11,Caferağa Mahallesi,CAFERAGA,21350,18,5,0,3,0,0,0,1,29.0277770093305,40.9881302330879,0,0,0,152,212,0.1406363581322318,226.9074539620166
1944,1186,671024.784158359,4538969.65412214,671124.784158359,4538869.65412214,33,16,Caferağa Mahallesi,CAFERAGA,21350,0,0,0,1,0,0,0,0,29.0335790499715,40.9835242584813,0,0,0,152,90,0.0146166810049953,90.65775064522478
1945,1187,671024.784158359,4538869.65412214,671124.784158359,4538769.65412214,34,16,Caferağa Mahallesi,CAFERAGA,21350,0,0,0,2,0,0,0,0,29.0335506677602,40.982625977742,0,0,0,152,49,0.0231668912779208,49.567588836309056
1946,974,670724.784158359,4538569.65412214,670824.784158359,4538469.65412214,37,13,Caferağa Mahallesi,CAFERAGA,21350,0,0,0,2,0,0,0,0,29.0298250865067,40.9801302567525,0,0,0,152,70,0.0231668912779208,70.81084119472722
1947,973,670724.784158359,4538669.65412214,670824.784158359,4538569.65412214,36,13,Caferağa Mahallesi,CAFERAGA,21350,0,0,0,3,0,0,0,0,29.0299322211621,40.9808863170665,0,0,0,152,40,0.0292333620099906,40.584667240199806
1948,972,670724.784158359,4538769.65412214,670824.784158359,4538669.65412214,35,13,Caferağa Mahallesi,CAFERAGA,21350,0,0,0,4,0,0,0,0,29.0299598349099,40.9817865773562,0,0,0,152,184,0.033938882279505,187.12237716971447
1949,971,670724.784158359,4538869.65412214,670824.784158359,4538769.65412214,34,13,Caferağa Mahallesi,CAFERAGA,21350,0,0,0,5,0,0,0,0,29.0299874499082,40.9826868374894,0,0,0,152,191,0.0377835722829161,194.6083311530185
1950,970,670724.784158359,4538969.65412214,670824.784158359,4538869.65412214,33,13,Caferağa Mahallesi,CAFERAGA,21350,0,0,0,5,0,0,0,0,29.030015066157,40.9835870974662,0,0,0,152,212,0.0377835722829161,216.00505866198912
1951,969,670724.784158359,4539069.65412214,670824.784158359,4538969.65412214,32,13,Caferağa Mahallesi,CAFERAGA,21350,2,0,0,7,0,0,0,0,29.0300426836564,40.9844873572867,0,0,0,152,221,0.0689570706305535,228.61975630467617
1952,968,670724.784158359,4539169.65412214,670824.784158359,4539069.65412214,31,13,Caferağa Mahallesi,CAFERAGA,21350,5,1,0,5,0,1,0,0,29.0300703024064,40.9853876169507,0,0,0,152,221,0.163890573833257,239.1099084085749
1953,967,670724.784158359,4539269.65412214,670824.784158359,4539169.65412214,30,13,Caferağa Mahallesi,CAFERAGA,21350,5,2,0,4,0,1,0,0,29.030097922407,40.9862878764583,0,0,0,152,220,0.1685730091164438,238.5430310028088
1954,1117,670924.784158359,4538669.65412214,671024.784158359,4538569.65412214,36,15,Caferağa Mahallesi,CAFERAGA,21350,0,0,0,2,0,0,0,0,29.0321317320456,40.9810083760309,0,0,0,152,74,0.0231668912779208,74.85717497728307
1955,1116,670924.784158359,4538769.65412214,671024.784158359,4538669.65412214,35,15,Caferağa Mahallesi,CAFERAGA,21350,0,0,0,3,0,0,0,0,29.0323339219693,40.9817461248715,0,0,0,152,164,0.0292333620099906,166.39713568481923
1956,1115,670924.784158359,4538869.65412214,671024.784158359,4538769.65412214,34,15,Caferağa Mahallesi,CAFERAGA,21350,0,0,0,3,0,0,0,0,29.032363408101,40.9826449583867,0,0,0,152,185,0.0292333620099906,187.7040859859241
1957,1114,670924.784158359,4538969.65412214,671024.784158359,4538869.65412214,33,15,Caferağa Mahallesi,CAFERAGA,21350,0,0,0,3,0,0,0,0,29.0323910566184,40.9835452170431,0,0,0,152,185,0.0292333620099906,187.7040859859241
1958,2466,672824.784158359,4540569.65412214,672924.784158359,4540469.65412214,17,34,Dumlupınar Mahallesi,DUMLUPINAR,10170,6,0,0,2,0,0,0,1,29.0554101685139,40.9975488277401,0,2,0,84,38,0.0740685480294537,39.40730241255962
1959,2537,672924.784158359,4540669.65412214,673024.784158359,4540569.65412214,16,35,Dumlupınar Mahallesi,DUMLUPINAR,10170,6,0,0,0,0,0,0,1,29.0565860910429,40.9983864995789,0,1,0,84,41,0.0509016567515329,42.04348396340642
1960,2538,672924.784158359,4540569.65412214,673024.784158359,4540469.65412214,17,35,Dumlupınar Mahallesi,DUMLUPINAR,10170,6,0,0,2,0,0,0,1,29.0565983961672,40.9975276260574,0,2,0,84,19,0.0740685480294537,19.70365120627981
1961,2539,672924.784158359,4540469.65412214,673024.784158359,4540369.65412214,18,35,Dumlupınar Mahallesi,DUMLUPINAR,10170,6,0,0,2,0,0,0,1,29.0565704047036,40.9966273831982,0,2,0,84,72,0.0740685480294537,74.66646772906034
1962,2540,672924.784158359,4540369.65412214,673024.784158359,4540269.65412214,19,35,Dumlupınar Mahallesi,DUMLUPINAR,10170,1,0,0,2,0,0,0,0,29.0565424145075,40.9957271401822,0,2,0,84,102,0.0390076620243226,103.98939076324046
1963,2609,673024.784158359,4540669.65412214,673124.784158359,4540569.65412214,16,36,Dumlupınar Mahallesi,DUMLUPINAR,10170,6,0,0,1,0,0,0,1,29.0577022599437,40.9981781408225,0,0,0,84,50,0.0655183377565282,51.63795844391321
1964,2611,673024.784158359,4540469.65412214,673124.784158359,4540369.65412214,18,36,Dumlupınar Mahallesi,DUMLUPINAR,10170,6,0,0,2,0,0,0,1,29.0577586149446,40.9966061699452,0,2,0,84,85,0.0740685480294537,88.14791329125178
1965,2612,673024.784158359,4540369.65412214,673124.784158359,4540269.65412214,19,36,Dumlupınar Mahallesi,DUMLUPINAR,10170,1,0,0,2,0,0,0,0,29.0577306086047,40.995705927598,0,2,0,84,111,0.0390076620243226,113.16492524234992
1966,2610,673024.784158359,4540569.65412214,673124.784158359,4540469.65412214,17,36,Dumlupınar Mahallesi,DUMLUPINAR,10170,6,0,0,2,0,0,0,1,29.0577866225528,40.9975064121357,0,2,0,84,50,0.0740685480294537,51.85171370073635
1967,2681,673124.784158359,4540669.65412214,673224.784158359,4540569.65412214,16,37,Dumlupınar Mahallesi,DUMLUPINAR,10170,6,0,0,2,0,0,0,1,29.0585714560157,40.9980055645391,1,0,0,84,87,0.0740685480294537,90.22198183928124
1968,2472,672824.784158359,4539969.65412214,672924.784158359,4539869.65412214,23,34,Dumlupınar Mahallesi,DUMLUPINAR,10170,4,2,0,0,0,1,0,6,29.0552423356019,40.9921473642229,0,1,0,84,175,0.1485215334302893,187.99563417515031
1969,2471,672824.784158359,4540069.65412214,672924.784158359,4539969.65412214,22,34,Dumlupınar Mahallesi,DUMLUPINAR,10170,3,0,0,0,0,1,0,5,29.0552703045872,40.9930476085344,0,1,0,84,178,0.1188873983693629,188.58097845487328
1970,2470,672824.784158359,4540169.65412214,672924.784158359,4540069.65412214,21,34,Dumlupınar Mahallesi,DUMLUPINAR,10170,3,0,0,0,0,0,0,4,29.0552982748391,40.9939478526891,0,3,0,84,178,0.046613840237375,182.1486317811264
1971,2469,672824.784158359,4540269.65412214,672924.784158359,4540169.65412214,20,34,Dumlupınar Mahallesi,DUMLUPINAR,10170,1,0,0,2,0,0,0,0,29.0553262463576,40.9948480966871,0,3,0,84,171,0.0390076620243226,174.3351551030796
1972,2548,672924.784158359,4539569.65412214,673024.784158359,4539469.65412214,27,35,Dumlupınar Mahallesi,DUMLUPINAR,10170,1,0,1,5,0,0,0,0,29.0563185385649,40.9885251904089,0,1,0,84,162,0.1360949951743688,173.02369460912385
1973,2547,672924.784158359,4539669.65412214,673024.784158359,4539569.65412214,26,35,Dumlupınar Mahallesi,DUMLUPINAR,10170,2,3,1,2,0,0,0,3,29.0563465186225,40.9894254346794,0,1,0,84,166,0.1727609870138256,180.33916192214755
1974,2544,672924.784158359,4539969.65412214,673024.784158359,4539869.65412214,23,35,Dumlupınar Mahallesi,DUMLUPINAR,10170,4,3,0,0,0,0,0,4,29.0564304663981,40.99212616655,0,1,0,84,171,0.0808678633057266,177.91420231263962
1975,2543,672924.784158359,4540069.65412214,673024.784158359,4539969.65412214,22,35,Dumlupınar Mahallesi,DUMLUPINAR,10170,4,2,0,0,0,0,0,4,29.0564584515244,40.9930264101933,0,1,0,84,174,0.074817771632117,180.50914613199416
1976,2542,672924.784158359,4540169.65412214,673024.784158359,4540069.65412214,21,35,Dumlupınar Mahallesi,DUMLUPINAR,10170,3,0,0,2,0,0,0,2,29.056486437918,40.9939266536797,0,2,0,84,168,0.0650413123916842,173.46347024090144
1977,2541,672924.784158359,4540269.65412214,673024.784158359,4540169.65412214,20,35,Dumlupınar Mahallesi,DUMLUPINAR,10170,1,0,0,2,0,0,0,0,29.056514425579,40.9948268970093,0,2,0,84,95,0.0390076620243226,96.85286394615532
1978,2620,673024.784158359,4539569.65412214,673124.784158359,4539469.65412214,27,36,Dumlupınar Mahallesi,DUMLUPINAR,10170,1,3,1,7,0,0,0,1,29.0575066035372,40.988503983174,0,0,0,84,163,0.1777468908542893,177.4863716046246
1979,2619,673024.784158359,4539669.65412214,673124.784158359,4539569.65412214,26,36,Dumlupınar Mahallesi,DUMLUPINAR,10170,2,4,1,6,0,0,0,4,29.0575345997328,40.9894042267758,0,1,0,84,165,0.1973914394738837,181.2847937565954
1980,2618,673024.784158359,4539769.65412214,673124.784158359,4539669.65412214,25,36,Dumlupınar Mahallesi,DUMLUPINAR,10170,4,4,0,1,0,0,0,6,29.0575625971963,40.9903044702209,0,1,0,84,167,0.1032991355654897,175.62547781971838
1981,2617,673024.784158359,4539869.65412214,673124.784158359,4539769.65412214,24,36,Dumlupınar Mahallesi,DUMLUPINAR,10170,4,4,0,1,0,0,0,6,29.0575905959277,40.9912047135092,0,1,0,84,168,0.1032991355654897,176.67712738750114
1982,2616,673024.784158359,4539969.65412214,673124.784158359,4539869.65412214,23,36,Dumlupınar Mahallesi,DUMLUPINAR,10170,4,4,0,0,0,0,0,5,29.0576185959269,40.9921049566406,0,1,0,84,172,0.08725225089431,179.50369357691068
1984,2614,673024.784158359,4540169.65412214,673124.784158359,4540069.65412214,21,36,Dumlupınar Mahallesi,DUMLUPINAR,10170,1,0,0,2,0,0,0,3,29.0576745997295,40.9939054424329,0,1,0,84,167,0.0518696440791939,171.3311152806127
1985,2613,673024.784158359,4540269.65412214,673124.784158359,4540169.65412214,20,36,Dumlupınar Mahallesi,DUMLUPINAR,10170,1,0,0,2,0,0,0,0,29.057702603533,40.9948056850939,0,2,0,84,94,0.0390076620243226,95.83336011514317
1986,2682,673124.784158359,4540569.65412214,673224.784158359,4540469.65412214,17,37,Dumlupınar Mahallesi,DUMLUPINAR,10170,6,0,0,2,0,0,0,1,29.0589441315498,40.9974560970794,0,0,0,84,87,0.0740685480294537,90.22198183928124
1987,2683,673124.784158359,4540469.65412214,673224.784158359,4540369.65412214,18,37,Dumlupınar Mahallesi,DUMLUPINAR,10170,1,0,0,2,1,0,0,0,29.0589468239172,40.9965849444538,0,1,0,84,74,0.3613056987070266,87.36831085216
1988,2684,673124.784158359,4540369.65412214,673224.784158359,4540269.65412214,19,37,Dumlupınar Mahallesi,DUMLUPINAR,10170,1,0,0,2,1,0,0,0,29.0589188014335,40.9956847027757,0,1,0,84,88,0.3613056987070266,103.89745074310918
1989,2685,673124.784158359,4540269.65412214,673224.784158359,4540169.65412214,20,37,Dumlupınar Mahallesi,DUMLUPINAR,10170,1,0,0,2,0,0,0,0,29.0588907802187,40.9947844609407,0,1,0,84,120,0.0390076620243226,122.34045972145935
1990,2686,673124.784158359,4540169.65412214,673224.784158359,4540069.65412214,21,37,Dumlupınar Mahallesi,DUMLUPINAR,10170,0,0,0,2,0,0,0,0,29.0588627602729,40.9938842189488,0,0,0,84,157,0.0231668912779208,158.81860096531676
1991,2687,673124.784158359,4540069.65412214,673224.784158359,4539969.65412214,22,37,Dumlupınar Mahallesi,DUMLUPINAR,10170,2,4,0,1,0,0,0,4,29.058834741596,40.9929839768001,0,1,0,84,170,0.0885032569703086,177.52277684247625
1992,2688,673124.784158359,4539969.65412214,673224.784158359,4539869.65412214,23,37,Dumlupınar Mahallesi,DUMLUPINAR,10170,2,4,0,0,0,0,0,5,29.0588067241878,40.9920837344946,0,1,0,84,167,0.0755781478691373,173.310775347073
1993,2689,673124.784158359,4539869.65412214,673224.784158359,4539769.65412214,24,37,Dumlupınar Mahallesi,DUMLUPINAR,10170,2,4,0,1,0,0,0,5,29.0587787080483,40.9911834920322,0,1,0,84,167,0.0901948288741326,174.53126821099008
1994,2690,673124.784158359,4539769.65412214,673224.784158359,4539669.65412214,25,37,Dumlupınar Mahallesi,DUMLUPINAR,10170,2,5,0,1,0,0,0,5,29.0587506931776,40.990283249413,0,1,0,84,166,0.0940291384759711,173.8044184935056
1995,2691,673124.784158359,4539669.65412214,673224.784158359,4539569.65412214,26,37,Dumlupınar Mahallesi,DUMLUPINAR,10170,2,5,0,7,0,0,0,6,29.0587226795754,40.9893830066369,0,1,0,84,162,0.1246927041521461,172.10010903632386
1996,2692,673124.784158359,4539569.65412214,673224.784158359,4539469.65412214,27,37,Dumlupınar Mahallesi,DUMLUPINAR,10170,1,5,2,7,0,0,0,4,29.0586946672417,40.988482763704,0,0,0,84,164,0.2430175627728964,183.9274401473775
1997,2693,673124.784158359,4539469.65412214,673224.784158359,4539369.65412214,28,37,Dumlupınar Mahallesi,DUMLUPINAR,10170,0,0,2,7,0,0,0,3,29.0586666561766,40.9875825206142,0,0,0,84,121,0.1874249161297816,132.33920742585178
1998,2754,673224.784158359,4540569.65412214,673324.784158359,4540469.65412214,17,38,Dumlupınar Mahallesi,DUMLUPINAR,10170,0,0,0,2,1,0,0,0,29.0600644478775,40.997257117732,0,0,0,84,56,0.3454649279606248,65.6730179828975
1999,2755,673224.784158359,4540469.65412214,673324.784158359,4540369.65412214,18,38,Dumlupınar Mahallesi,DUMLUPINAR,10170,0,0,0,2,1,0,0,0,29.0601350316208,40.9965637067239,0,0,0,84,55,0.3454649279606248,64.50028551891718
2000,2756,673224.784158359,4540369.65412214,673324.784158359,4540269.65412214,19,38,Dumlupınar Mahallesi,DUMLUPINAR,10170,0,0,0,2,1,0,0,0,29.0601069929934,40.9956634657153,0,0,0,84,49,0.3454649279606248,57.463890735035314
2001,2757,673224.784158359,4540269.65412214,673324.784158359,4540169.65412214,20,38,Dumlupınar Mahallesi,DUMLUPINAR,10170,0,0,0,2,1,0,0,0,29.0600789556356,40.9947632245498,0,0,0,84,71,0.3454649279606248,83.26400494260218
2002,2758,673224.784158359,4540169.65412214,673324.784158359,4540069.65412214,21,38,Dumlupınar Mahallesi,DUMLUPINAR,10170,0,0,0,2,1,0,0,0,29.0600509195475,40.9938629832274,0,0,0,84,146,0.3454649279606248,171.21893974112564
2003,2759,673224.784158359,4540069.65412214,673324.784158359,4539969.65412214,22,38,Dumlupınar Mahallesi,DUMLUPINAR,10170,2,4,0,0,0,0,0,4,29.0600228847289,40.9929627417482,0,1,0,84,167,0.0738865759653133,173.16952909310368
2004,2760,673224.784158359,4539969.65412214,673324.784158359,4539869.65412214,23,38,Dumlupınar Mahallesi,DUMLUPINAR,10170,2,4,0,0,0,0,0,4,29.0599948511799,40.9920625001121,0,1,0,84,166,0.0738865759653133,172.13258580512104
2005,2761,673224.784158359,4539869.65412214,673324.784158359,4539769.65412214,24,38,Dumlupınar Mahallesi,DUMLUPINAR,10170,2,5,0,1,0,0,0,4,29.0599668189004,40.9911622583191,0,1,0,84,164,0.0923375665721471,171.57168045891606
2006,2762,673224.784158359,4539769.65412214,673324.784158359,4539669.65412214,25,38,Dumlupınar Mahallesi,DUMLUPINAR,10170,2,5,0,2,0,0,0,8,29.0599387878902,40.9902620163693,0,1,0,84,165,0.1063412373424207,173.77315208074972
2007,2763,673224.784158359,4539669.65412214,673324.784158359,4539569.65412214,26,38,Dumlupınar Mahallesi,DUMLUPINAR,10170,2,5,1,7,0,0,0,8,29.0599107581494,40.9893617742626,0,0,0,84,166,0.2094950412245367,183.38808842163652
2008,2764,673224.784158359,4539569.65412214,673324.784158359,4539469.65412214,27,38,Dumlupınar Mahallesi,DUMLUPINAR,10170,0,3,1,7,0,0,0,4,29.0598827296778,40.988461531999,0,0,0,84,161,0.1704074278250232,174.7177979399144
2009,2765,673224.784158359,4539469.65412214,673324.784158359,4539369.65412214,28,38,Dumlupınar Mahallesi,DUMLUPINAR,10170,0,1,2,7,0,0,0,3,29.0598547024754,40.9875612895786,0,0,0,84,115,0.2020021330899891,126.61512265267436
2010,2766,673224.784158359,4539369.65412214,673324.784158359,4539269.65412214,29,38,Dumlupınar Mahallesi,DUMLUPINAR,10170,0,1,2,6,0,1,0,5,29.0598266765422,40.9866610470014,0,0,0,84,115,0.2735301762602106,130.7279851349621
2011,2826,673324.784158359,4540569.65412214,673424.784158359,4540469.65412214,17,39,Dumlupınar Mahallesi,DUMLUPINAR,10170,0,0,0,2,1,0,0,0,29.0609748950491,40.9970796279455,1,0,0,84,36,0.3454649279606248,42.21836870329125
2012,2827,673324.784158359,4540469.65412214,673424.784158359,4540369.65412214,18,39,Dumlupınar Mahallesi,DUMLUPINAR,10170,0,0,0,2,1,0,0,0,29.061304383926,40.9965259877687,0,0,0,84,67,0.3454649279606248,78.57307508668094
2013,2828,673324.784158359,4540369.65412214,673424.784158359,4540269.65412214,19,39,Dumlupınar Mahallesi,DUMLUPINAR,10170,0,0,0,2,1,0,0,0,29.0612951832835,40.9956422164169,0,0,0,84,73,0.3454649279606248,85.60946987056282
2014,2829,673324.784158359,4540269.65412214,673424.784158359,4540169.65412214,20,39,Dumlupınar Mahallesi,DUMLUPINAR,10170,0,0,0,2,1,0,0,0,29.0612671297828,40.9947419759213,0,0,0,84,116,0.3454649279606248,136.03696582171625
2015,2830,673324.784158359,4540169.65412214,673424.784158359,4540069.65412214,21,39,Dumlupınar Mahallesi,DUMLUPINAR,10170,0,0,0,0,1,0,0,0,29.0612390775524,40.9938417352688,0,1,0,84,121,0.322298036682704,140.4990312193036
2016,2831,673324.784158359,4540069.65412214,673424.784158359,4539969.65412214,22,39,Dumlupınar Mahallesi,DUMLUPINAR,10170,0,1,0,0,0,0,0,2,29.0612110265924,40.9929414944594,0,1,0,84,151,0.0247700965811672,152.87014229187812
2017,2832,673324.784158359,4539969.65412214,673424.784158359,4539869.65412214,23,39,Dumlupınar Mahallesi,DUMLUPINAR,10170,1,4,0,0,0,0,0,3,29.0611829769026,40.9920412534931,0,1,0,84,88,0.0625500024064475,90.75220010588367
2019,2834,673324.784158359,4539769.65412214,673424.784158359,4539669.65412214,25,39,Dumlupınar Mahallesi,DUMLUPINAR,10170,1,5,1,2,0,0,0,7,29.0611268813336,40.9902407710898,0,1,0,84,149,0.1784528464586933,162.29473706117267
2020,2835,673324.784158359,4539669.65412214,673424.784158359,4539569.65412214,26,39,Dumlupınar Mahallesi,DUMLUPINAR,10170,0,3,1,5,0,0,0,6,29.0610988354541,40.9893405296529,0,1,0,84,164,0.1674627326629617,177.73194407836286
2021,2836,673324.784158359,4539569.65412214,673424.784158359,4539469.65412214,27,39,Dumlupınar Mahallesi,DUMLUPINAR,10170,0,2,1,7,0,0,0,6,29.0610707908447,40.9884402880591,0,0,0,84,163,0.1674791117214219,176.6495476052959
2022,2899,673424.784158359,4540469.65412214,673524.784158359,4540369.65412214,18,40,Dumlupınar Mahallesi,DUMLUPINAR,10170,0,0,0,0,1,0,0,0,29.0624257496128,40.9963444402151,0,0,0,84,81,0.322298036682704,94.05307048564951
2023,2900,673424.784158359,4540369.65412214,673524.784158359,4540269.65412214,19,40,Dumlupınar Mahallesi,DUMLUPINAR,10170,0,0,0,0,1,0,0,1,29.0624833723032,40.9956209548806,0,0,0,84,105,0.3287290277101396,122.25827395478233
2024,2901,673424.784158359,4540269.65412214,673524.784158359,4540169.65412214,20,40,Dumlupınar Mahallesi,DUMLUPINAR,10170,0,0,0,0,1,0,0,1,29.0624553026596,40.9947207150552,0,0,0,84,76,0.3287290277101396,88.4917030529853
2025,2902,673424.784158359,4540169.65412214,673524.784158359,4540069.65412214,21,40,Dumlupınar Mahallesi,DUMLUPINAR,10170,0,0,0,0,1,0,0,0,29.062427234287,40.9938204750729,0,1,0,84,120,0.322298036682704,139.33788220096224
2026,2903,673424.784158359,4540069.65412214,673524.784158359,4539969.65412214,22,40,Dumlupınar Mahallesi,DUMLUPINAR,10170,0,0,0,0,0,0,0,0,29.0623991671856,40.9929202349337,0,1,0,84,141,0.0,141.0
2027,2904,673424.784158359,4539969.65412214,673524.784158359,4539869.65412214,23,40,Dumlupınar Mahallesi,DUMLUPINAR,10170,0,2,0,0,0,0,0,4,29.0623711013551,40.9920199946376,0,1,1,84,155,0.0380366409913767,157.9478396768317
2028,2905,673424.784158359,4539869.65412214,673524.784158359,4539769.65412214,24,40,Dumlupınar Mahallesi,DUMLUPINAR,10170,0,3,0,0,0,0,0,4,29.0623430367955,40.9911197541846,0,1,0,84,159,0.0440867326649863,162.50489524686645
2029,2906,673424.784158359,4539769.65412214,673524.784158359,4539669.65412214,25,40,Dumlupınar Mahallesi,DUMLUPINAR,10170,0,3,1,0,0,0,0,7,29.0623149735068,40.9902195135748,0,1,0,84,163,0.1309180591477728,173.6698218205435
2030,2971,673524.784158359,4540469.65412214,673624.784158359,4540369.65412214,18,41,Dumlupınar Mahallesi,DUMLUPINAR,10170,0,0,0,0,1,0,0,1,29.0633885528435,40.996157565056,1,0,0,84,81,0.3287290277101396,94.31352562226066
2031,2972,673524.784158359,4540369.65412214,673624.784158359,4540269.65412214,19,41,Dumlupınar Mahallesi,DUMLUPINAR,10170,0,0,0,0,1,0,0,1,29.0636637091185,40.9955933716677,0,0,0,84,57,0.3287290277101396,66.36877728973897
2032,2973,673524.784158359,4540269.65412214,673624.784158359,4540169.65412214,20,41,Dumlupınar Mahallesi,DUMLUPINAR,10170,0,0,0,0,1,0,0,1,29.0636434742652,40.9946994419515,0,0,0,84,81,0.3287290277101396,94.31352562226066
2033,2974,673524.784158359,4540169.65412214,673624.784158359,4540069.65412214,21,41,Dumlupınar Mahallesi,DUMLUPINAR,10170,0,0,0,0,1,0,0,1,29.0636153897506,40.9937992026398,0,1,0,84,122,0.3287290277101396,142.0524706903185
2034,2975,673524.784158359,4540069.65412214,673624.784158359,4539969.65412214,22,41,Dumlupınar Mahallesi,DUMLUPINAR,10170,0,0,0,0,0,0,0,1,29.0635873065078,40.9928989631713,0,1,0,84,140,0.0064309910274356,140.45016937192048
2035,2976,673524.784158359,4539969.65412214,673624.784158359,4539869.65412214,23,41,Dumlupınar Mahallesi,DUMLUPINAR,10170,0,0,0,0,0,0,0,2,29.0635592245367,40.9919987235458,0,1,0,84,149,0.0101928796209596,149.75936953176148
2036,3044,673624.784158359,4540369.65412214,673724.784158359,4540269.65412214,19,42,Dumlupınar Mahallesi,DUMLUPINAR,10170,0,0,0,0,1,0,0,1,29.0647837685343,40.9954345295493,0,0,0,84,67,0.3287290277101396,78.01242242828968
2037,3046,673624.784158359,4540169.65412214,673724.784158359,4540069.65412214,21,42,Dumlupınar Mahallesi,DUMLUPINAR,10170,0,0,0,1,0,0,0,1,29.0648035439424,40.9937779179697,0,1,0,84,147,0.0210476720324309,148.54700389438366
2038,3047,673624.784158359,4540069.65412214,673724.784158359,4539969.65412214,22,42,Dumlupınar Mahallesi,DUMLUPINAR,10170,0,0,0,1,0,0,0,1,29.0647754445583,40.9928776791721,0,2,0,84,148,0.0210476720324309,149.5575277303999
2039,3045,673624.784158359,4540269.65412214,673724.784158359,4540169.65412214,20,42,Dumlupınar Mahallesi,DUMLUPINAR,10170,0,0,0,1,1,0,0,1,29.0648316445991,40.9946781566103,0,0,0,84,120,0.3433457087151349,140.6007425229081
2040,3116,673724.784158359,4540369.65412214,673824.784158359,4540269.65412214,19,43,Dumlupınar Mahallesi,DUMLUPINAR,10170,0,0,0,1,0,0,0,1,29.0657954456457,40.9952339802255,1,0,0,84,68,0.0210476720324309,68.71562084910265
2041,3117,673724.784158359,4540269.65412214,673824.784158359,4540169.65412214,20,43,Dumlupınar Mahallesi,DUMLUPINAR,10170,0,0,0,1,0,0,0,1,29.06601824833,40.9946556804609,0,1,0,84,57,0.0210476720324309,57.59985865292428
2042,2274,672524.784158359,4538169.65412214,672624.784158359,4538069.65412214,41,31,Göztepe Mahallesi,GOZTEPE,38613,4,4,1,0,0,1,0,2,29.0511755816456,40.976006423368,0,0,0,176,216,0.2338738982400891,241.2583810099296
2043,2346,672624.784158359,4538169.65412214,672724.784158359,4538069.65412214,41,32,Göztepe Mahallesi,GOZTEPE,38613,4,6,0,0,0,1,0,2,29.0523634258219,40.9759852744103,0,0,0,176,220,0.158479418273004,237.43273601003045
2044,2345,672624.784158359,4538269.65412214,672724.784158359,4538169.65412214,40,32,Göztepe Mahallesi,GOZTEPE,38613,4,4,0,0,0,1,0,2,29.0523913397634,40.9768855228786,0,0,0,176,220,0.1514032460950383,236.6543570704542
2045,2344,672624.784158359,4538369.65412214,672724.784158359,4538269.65412214,39,32,Göztepe Mahallesi,GOZTEPE,38613,4,2,0,0,0,1,0,2,29.052419254969,40.9777857711901,0,0,0,176,101,0.1406603387366692,108.1033471062018
2046,2419,672724.784158359,4538069.65412214,672824.784158359,4537969.65412214,42,33,Göztepe Mahallesi,GOZTEPE,38613,2,7,0,0,0,0,0,2,29.0535233399292,40.975063865265,0,0,0,176,219,0.0790315581171498,227.65395561382792
2047,2418,672724.784158359,4538169.65412214,672824.784158359,4538069.65412214,41,33,Göztepe Mahallesi,GOZTEPE,38613,3,8,0,0,0,0,0,3,29.0535512687342,40.9759641132228,0,0,0,176,216,0.0907522080412857,225.80123846845885
2048,2417,672724.784158359,4538269.65412214,672824.784158359,4538169.65412214,40,33,Göztepe Mahallesi,GOZTEPE,38613,3,6,0,0,0,0,0,0,29.0535791988038,40.9768643610239,0,0,0,176,216,0.0726049632759439,223.84133603380195
2049,2416,672724.784158359,4538369.65412214,672824.784158359,4538269.65412214,39,33,Göztepe Mahallesi,GOZTEPE,38613,0,1,0,0,0,0,0,1,29.0536071301381,40.9777646086683,0,0,0,176,112,0.0210082079876431,113.17645964730802
2050,2415,672724.784158359,4538469.65412214,672824.784158359,4538369.65412214,38,33,Göztepe Mahallesi,GOZTEPE,38613,0,0,0,0,0,0,0,1,29.0536350627372,40.9786648561559,0,1,0,176,86,0.0064309910274356,86.27653261417973
2051,2414,672724.784158359,4538569.65412214,672824.784158359,4538469.65412214,37,33,Göztepe Mahallesi,GOZTEPE,38613,0,0,0,1,0,0,0,2,29.053662996601,40.9795651034867,0,1,0,176,122,0.024809560625955,123.51338319818323
2052,2491,672824.784158359,4538069.65412214,672924.784158359,4537969.65412214,42,34,Göztepe Mahallesi,GOZTEPE,38613,0,7,0,1,0,0,0,1,29.0547111654497,40.9750426925153,0,0,0,176,185,0.0647793229130535,190.99208736945744
2053,2490,672824.784158359,4538169.65412214,672924.784158359,4538069.65412214,41,34,Göztepe Mahallesi,GOZTEPE,38613,0,7,0,0,0,0,0,1,29.0547391103819,40.9759429398056,0,0,0,176,145,0.0501626419080582,148.63679153833422
2054,2489,672824.784158359,4538269.65412214,672924.784158359,4538169.65412214,40,34,Göztepe Mahallesi,GOZTEPE,38613,0,5,0,0,0,0,0,0,29.0547670565794,40.9768431869391,0,0,0,176,145,0.0376815592070129,147.73191304250844
2055,2488,672824.784158359,4538369.65412214,672924.784158359,4538269.65412214,39,34,Göztepe Mahallesi,GOZTEPE,38613,0,0,0,0,0,0,0,1,29.0547950040424,40.9777434339159,0,0,0,176,104,0.0064309910274356,104.33441153342665
2056,2487,672824.784158359,4538469.65412214,672924.784158359,4538369.65412214,38,34,Göztepe Mahallesi,GOZTEPE,38613,0,0,0,0,0,0,0,2,29.0548229527709,40.9786436807359,0,1,0,176,88,0.0101928796209596,88.44848670332222
2057,2486,672824.784158359,4538569.65412214,672924.784158359,4538469.65412214,37,34,Göztepe Mahallesi,GOZTEPE,38613,0,0,0,1,0,0,0,2,29.054850902765,40.9795439273991,0,1,0,176,95,0.024809560625955,96.17845412973286
2058,2485,672824.784158359,4538669.65412214,672924.784158359,4538569.65412214,36,34,Göztepe Mahallesi,GOZTEPE,38613,0,0,0,1,0,0,0,2,29.0548788540246,40.9804441739056,0,1,0,176,193,0.024809560625955,195.39412260040464
2059,2564,672924.784158359,4537969.65412214,673024.784158359,4537869.65412214,43,35,Göztepe Mahallesi,GOZTEPE,38613,0,6,0,7,1,0,0,1,29.0558710299115,40.9741212607572,0,0,0,176,214,0.4135024925082658,258.24476669838447
2060,2563,672924.784158359,4538069.65412214,673024.784158359,4537969.65412214,42,35,Göztepe Mahallesi,GOZTEPE,38613,0,7,0,6,0,0,0,1,29.0558989897048,40.9750215075363,0,0,0,176,185,0.0911968532715777,193.43570892762096
2061,2562,672924.784158359,4538169.65412214,673024.784158359,4538069.65412214,41,35,Göztepe Mahallesi,GOZTEPE,38613,0,7,0,1,0,0,0,1,29.0559269507642,40.9759217541587,0,0,0,176,185,0.0647793229130535,190.99208736945744
2062,2561,672924.784158359,4538269.65412214,673024.784158359,4538169.65412214,40,35,Göztepe Mahallesi,GOZTEPE,38613,0,2,0,0,0,0,0,0,29.0559549130896,40.9768220006243,0,0,0,176,217,0.0231043422468053,219.5068211337784
2063,2560,672924.784158359,4538369.65412214,673024.784158359,4538269.65412214,39,35,Göztepe Mahallesi,GOZTEPE,38613,0,0,0,0,0,0,0,0,29.0559828766813,40.9777222469331,0,0,0,176,53,0.0,53.0
2064,2559,672924.784158359,4538469.65412214,673024.784158359,4538369.65412214,38,35,Göztepe Mahallesi,GOZTEPE,38613,0,0,0,0,0,0,0,2,29.0560108415391,40.9786224930851,0,1,0,176,83,0.0101928796209596,83.42300450426983
2065,2558,672924.784158359,4538569.65412214,673024.784158359,4538469.65412214,37,35,Göztepe Mahallesi,GOZTEPE,38613,0,0,0,0,0,0,0,2,29.0560388076633,40.9795227390803,0,1,0,176,109,0.0101928796209596,109.5555119393423
2066,2557,672924.784158359,4538669.65412214,673024.784158359,4538569.65412214,36,35,Göztepe Mahallesi,GOZTEPE,38613,0,0,0,0,0,0,0,2,29.0560667750538,40.9804229849187,0,1,0,176,182,0.0101928796209596,182.92755204550733
2067,2637,673024.784158359,4537869.65412214,673124.784158359,4537769.65412214,44,36,Göztepe Mahallesi,GOZTEPE,38613,3,6,0,9,1,0,0,2,29.0570308621212,40.9731998179497,0,0,0,176,185,0.4536514428641081,226.96275846493
2068,2636,673024.784158359,4537969.65412214,673124.784158359,4537869.65412214,43,36,Göztepe Mahallesi,GOZTEPE,38613,0,7,0,9,1,0,0,1,29.0570588367742,40.9741000642173,0,0,0,176,219,0.4210162418752626,265.10127848534125
2069,2635,673024.784158359,4538069.65412214,673124.784158359,4537969.65412214,42,36,Göztepe Mahallesi,GOZTEPE,38613,0,5,0,7,0,0,0,1,29.0570868126939,40.9750003103281,0,0,0,176,217,0.0879625932494345,226.5439413675637
2070,2634,673024.784158359,4538169.65412214,673124.784158359,4538069.65412214,41,36,Göztepe Mahallesi,GOZTEPE,38613,0,3,0,3,0,0,0,1,29.0571147898804,40.9759005562821,0,0,0,176,217,0.0648187869578413,224.03283838492575
2071,2633,673024.784158359,4538269.65412214,673124.784158359,4538169.65412214,40,36,Göztepe Mahallesi,GOZTEPE,38613,0,0,0,1,0,0,0,0,29.0571427683337,40.9768008020794,0,0,0,176,225,0.0146166810049953,226.644376613062
2072,2632,673024.784158359,4538369.65412214,673124.784158359,4538269.65412214,39,36,Göztepe Mahallesi,GOZTEPE,38613,0,0,0,0,0,0,0,0,29.0571707480539,40.9777010477198,0,0,0,176,148,0.0,148.0
2073,2631,673024.784158359,4538469.65412214,673124.784158359,4538369.65412214,38,36,Göztepe Mahallesi,GOZTEPE,38613,0,0,0,0,0,0,0,1,29.057198729041,40.9786012932034,0,0,0,176,82,0.0064309910274356,82.26367063212486
2074,2630,673024.784158359,4538569.65412214,673124.784158359,4538469.65412214,37,36,Göztepe Mahallesi,GOZTEPE,38613,0,0,0,0,0,0,0,1,29.0572267112952,40.9795015385303,0,1,0,176,88,0.0064309910274356,88.28296360520717
2075,2629,673024.784158359,4538669.65412214,673124.784158359,4538569.65412214,36,36,Göztepe Mahallesi,GOZTEPE,38613,0,0,0,0,0,0,0,1,29.0572546948165,40.9804017837003,0,1,0,176,191,0.0064309910274356,191.6141596431201
2076,2628,673024.784158359,4538769.65412214,673124.784158359,4538669.65412214,35,36,Göztepe Mahallesi,GOZTEPE,38613,0,0,0,1,0,0,0,2,29.0572826796048,40.9813020287135,0,1,0,176,237,0.024809560625955,239.9399329341757
2077,2698,673124.784158359,4538969.65412214,673224.784158359,4538869.65412214,33,37,Göztepe Mahallesi,GOZTEPE,38613,3,5,1,2,0,0,0,6,29.0585266198753,40.983081302813,0,0,0,176,234,0.193054718437368,256.587402057172
2078,2699,673124.784158359,4538869.65412214,673224.784158359,4538769.65412214,34,37,Göztepe Mahallesi,GOZTEPE,38613,2,3,1,2,0,0,0,5,29.0584986164196,40.9821810587822,0,0,0,176,246,0.1765228756073497,267.712313699704
2079,2700,673124.784158359,4538769.65412214,673224.784158359,4538669.65412214,35,37,Göztepe Mahallesi,GOZTEPE,38613,2,0,0,2,0,0,0,2,29.0584706142318,40.9812808145947,0,0,0,176,252,0.0584667985144481,259.36681661282046
2080,2701,673124.784158359,4538669.65412214,673224.784158359,4538569.65412214,36,37,Göztepe Mahallesi,GOZTEPE,38613,0,0,0,1,0,0,0,1,29.058442613312,40.9803805702503,0,0,0,176,252,0.0210476720324309,254.65200667608627
2081,2702,673124.784158359,4538569.65412214,673224.784158359,4538469.65412214,37,37,Göztepe Mahallesi,GOZTEPE,38613,0,0,0,0,0,0,0,1,29.0584146136601,40.979480325749,0,0,0,176,184,0.0064309910274356,184.5916511745241
2082,2703,673124.784158359,4538469.65412214,673224.784158359,4538369.65412214,38,37,Göztepe Mahallesi,GOZTEPE,38613,0,0,0,0,0,0,0,0,29.0583866152759,40.978580081091,0,0,0,176,86,0.0,86.0
2083,2704,673124.784158359,4538369.65412214,673224.784158359,4538269.65412214,39,37,Göztepe Mahallesi,GOZTEPE,38613,0,0,0,1,0,0,0,0,29.0583586181596,40.9776798362761,0,0,0,176,222,0.0146166810049953,223.6224515915545
2084,2705,673124.784158359,4538269.65412214,673224.784158359,4538169.65412214,40,37,Göztepe Mahallesi,GOZTEPE,38613,0,0,0,1,0,0,0,0,29.0583306223109,40.9767795913045,0,0,0,176,234,0.0146166810049953,235.71015167758443
2085,2706,673124.784158359,4538169.65412214,673224.784158359,4538069.65412214,41,37,Göztepe Mahallesi,GOZTEPE,38613,0,0,0,3,0,0,0,0,29.0583026277298,40.9758793461759,0,0,0,176,226,0.0292333620099906,229.3033699071289
2086,2707,673124.784158359,4538069.65412214,673224.784158359,4537969.65412214,42,37,Göztepe Mahallesi,GOZTEPE,38613,0,1,0,8,0,0,0,1,29.0582746344163,40.9749791008906,0,0,0,176,226,0.0673419905434847,233.60964493141375
2087,2708,673124.784158359,4537969.65412214,673224.784158359,4537869.65412214,43,37,Göztepe Mahallesi,GOZTEPE,38613,3,4,0,9,1,0,0,2,29.0582466423702,40.9740788554485,0,0,0,176,216,0.4465752706861422,264.23012923410334
2088,2709,673124.784158359,4537869.65412214,673224.784158359,4537769.65412214,44,37,Göztepe Mahallesi,GOZTEPE,38613,4,3,0,9,1,0,0,4,29.0582186515916,40.9731786098495,0,0,0,176,136,0.4517214632729311,166.71705950255932
2089,2770,673224.784158359,4538969.65412214,673324.784158359,4538869.65412214,33,38,Göztepe Mahallesi,GOZTEPE,38613,3,5,1,3,0,2,0,5,29.0597145854992,40.9830600751238,0,1,0,176,211,0.3095607869013103,243.65866301808825
2090,2771,673224.784158359,4538869.65412214,673324.784158359,4538769.65412214,34,38,Göztepe Mahallesi,GOZTEPE,38613,3,5,1,3,0,0,0,4,29.0596865659107,40.9821598317623,0,1,0,176,241,0.1959994135994295,264.61792933873124
2091,2772,673224.784158359,4538769.65412214,673324.784158359,4538669.65412214,35,38,Göztepe Mahallesi,GOZTEPE,38613,2,1,0,2,0,0,0,2,29.0596585475908,40.981259588244,0,0,0,176,252,0.0730440154746556,261.2035459498066
2092,2773,673224.784158359,4538669.65412214,673324.784158359,4538569.65412214,36,38,Göztepe Mahallesi,GOZTEPE,38613,0,0,0,1,0,0,1,0,29.0596305305397,40.9803593445688,0,0,0,176,255,0.0672876306757619,263.5791729111597
2093,2774,673224.784158359,4538569.65412214,673324.784158359,4538469.65412214,37,38,Göztepe Mahallesi,GOZTEPE,38613,0,0,0,0,0,0,1,0,29.0596025147571,40.9794591007367,0,0,0,176,210,0.0526709496707666,215.53044971543048
2094,2775,673224.784158359,4538469.65412214,673324.784158359,4538369.65412214,38,38,Göztepe Mahallesi,GOZTEPE,38613,0,0,0,0,0,0,1,0,29.0595745002431,40.9785588567478,0,0,0,176,139,0.0526709496707666,142.6606310021183
2095,2776,673224.784158359,4538369.65412214,673324.784158359,4538269.65412214,39,38,Göztepe Mahallesi,GOZTEPE,38613,0,0,0,2,0,0,0,0,29.0595464869976,40.9776586126021,0,0,0,176,238,0.0231668912779208,240.75686006207252
2096,2777,673224.784158359,4538269.65412214,673324.784158359,4538169.65412214,40,38,Göztepe Mahallesi,GOZTEPE,38613,0,0,0,2,0,0,0,0,29.0595184750204,40.9767583682996,0,0,0,176,243,0.0231668912779208,245.81477729026736
2097,2778,673224.784158359,4538169.65412214,673324.784158359,4538069.65412214,41,38,Göztepe Mahallesi,GOZTEPE,38613,0,0,0,5,0,0,0,0,29.0594904643117,40.9758581238402,0,0,0,176,229,0.0377835722829161,233.32621902639391
2098,2779,673224.784158359,4538069.65412214,673324.784158359,4537969.65412214,42,38,Göztepe Mahallesi,GOZTEPE,38613,0,1,0,7,0,0,0,0,29.0594624548712,40.9749578792239,0,0,0,176,229,0.0584272599751935,235.68992126715963
2099,2780,673224.784158359,4537969.65412214,673324.784158359,4537869.65412214,43,38,Göztepe Mahallesi,GOZTEPE,38613,4,2,0,8,1,0,0,3,29.0594344466989,40.9740576344509,0,0,0,176,214,0.4413792741809626,261.227582337363
2100,2781,673224.784158359,4537869.65412214,673324.784158359,4537769.65412214,44,38,Göztepe Mahallesi,GOZTEPE,38613,8,2,0,9,1,0,0,3,29.0594064397947,40.973157389521,0,0,0,176,176,0.4570339795000163,216.2189901960014
2101,2782,673224.784158359,4537769.65412214,673324.784158359,4537669.65412214,45,38,Göztepe Mahallesi,GOZTEPE,38613,10,5,0,8,1,1,0,3,29.0593784341587,40.9722571444343,0,0,0,176,188,0.544557409912281,239.1883965317544
2102,2842,673324.784158359,4538969.65412214,673424.784158359,4538869.65412214,33,39,Göztepe Mahallesi,GOZTEPE,38613,3,5,1,4,0,2,0,6,29.0609025498543,40.983038835202,0,1,0,176,231,0.3156965108370091,267.46294700167454
2103,2843,673324.784158359,4538869.65412214,673424.784158359,4538769.65412214,34,39,Göztepe Mahallesi,GOZTEPE,38613,3,5,0,4,0,1,0,5,29.060874514133,40.9821385925101,0,1,0,176,246,0.1905078398558809,269.4324643022734
2104,2844,673324.784158359,4538769.65412214,673424.784158359,4538669.65412214,35,39,Göztepe Mahallesi,GOZTEPE,38613,1,2,0,3,0,1,1,0,29.0608464796812,40.9812383496614,0,1,0,176,252,0.1914314109021284,276.12035777366816
2105,2845,673324.784158359,4538669.65412214,673424.784158359,4538569.65412214,36,39,Göztepe Mahallesi,GOZTEPE,38613,0,0,0,1,0,0,1,0,29.0608184464987,40.9803381066558,0,0,0,176,241,0.0672876306757619,249.10815949642932
2106,2846,673324.784158359,4538569.65412214,673424.784158359,4538469.65412214,37,39,Göztepe Mahallesi,GOZTEPE,38613,0,0,0,0,0,0,1,0,29.0607904145856,40.9794378634933,0,0,0,176,244,0.0526709496707666,250.42585585983352
2107,2847,673324.784158359,4538469.65412214,673424.784158359,4538369.65412214,38,39,Göztepe Mahallesi,GOZTEPE,38613,0,0,0,1,0,0,1,0,29.0607623839418,40.978537620174,0,0,0,176,207,0.0672876306757619,213.96426977494136
2108,2848,673324.784158359,4538369.65412214,673424.784158359,4538269.65412214,39,39,Göztepe Mahallesi,GOZTEPE,38613,0,0,0,1,0,0,1,0,29.0607343545671,40.9776373766978,0,0,0,176,255,0.0672876306757619,263.5791729111597
2109,2849,673324.784158359,4538269.65412214,673424.784158359,4538169.65412214,40,39,Göztepe Mahallesi,GOZTEPE,38613,0,0,0,2,0,0,0,1,29.0607063264616,40.9767371330647,0,0,0,176,241,0.0295978823053564,244.5665448177955
2110,2850,673324.784158359,4538169.65412214,673424.784158359,4538069.65412214,41,39,Göztepe Mahallesi,GOZTEPE,38613,0,0,0,3,0,0,0,3,29.0606782996252,40.9758368892749,0,0,0,176,240,0.0420953440648619,245.0514412877834
2111,2851,673324.784158359,4538069.65412214,673424.784158359,4537969.65412214,42,39,Göztepe Mahallesi,GOZTEPE,38613,0,0,0,5,0,0,0,2,29.0606502740578,40.9749366453281,0,0,0,176,240,0.0479764519038758,245.75717422846512
2112,2852,673324.784158359,4537969.65412214,673424.784158359,4537869.65412214,43,39,Göztepe Mahallesi,GOZTEPE,38613,4,2,0,7,0,0,0,5,29.0606222497593,40.9740364012245,0,0,0,176,231,0.1203593865509269,244.9015091466321
2113,2853,673324.784158359,4537869.65412214,673424.784158359,4537769.65412214,44,39,Göztepe Mahallesi,GOZTEPE,38613,8,3,0,7,1,0,0,5,29.0605942267298,40.973136156964,0,0,0,176,223,0.4621404394976356,274.5286590039863
2114,2854,673324.784158359,4537769.65412214,673424.784158359,4537669.65412214,45,39,Göztepe Mahallesi,GOZTEPE,38613,10,8,0,7,1,1,0,4,29.060566204969,40.9722359125467,0,0,0,176,213,0.5526711123477233,271.8594734650325
2115,2855,673324.784158359,4537669.65412214,673424.784158359,4537569.65412214,46,39,Göztepe Mahallesi,GOZTEPE,38613,10,12,1,6,1,1,0,4,29.060538184477,40.9713356679726,0,0,0,176,216,0.6400593609672088,285.1264109844586
2116,2914,673424.784158359,4538969.65412214,673524.784158359,4538869.65412214,33,40,Göztepe Mahallesi,GOZTEPE,38613,3,6,0,4,0,2,0,5,29.0620905129399,40.9830175830476,0,1,1,176,237,0.2350375176019011,264.8519458358253
2117,2915,673424.784158359,4538869.65412214,673524.784158359,4538769.65412214,34,40,Göztepe Mahallesi,GOZTEPE,38613,2,5,0,4,0,2,0,3,29.0620624610859,40.9821173410258,0,1,0,176,244,0.2214592525550137,271.01802881171164
2118,2916,673424.784158359,4538769.65412214,673524.784158359,4538669.65412214,35,40,Göztepe Mahallesi,GOZTEPE,38613,1,3,0,4,0,1,1,2,29.0620344105021,40.981217098847,0,1,0,176,252,0.2123799024662122,278.75986771074275
2119,2917,673424.784158359,4538669.65412214,673524.784158359,4538569.65412214,36,40,Göztepe Mahallesi,GOZTEPE,38613,0,0,0,0,0,0,1,0,29.0620063611885,40.9803168565114,0,0,0,176,240,0.0526709496707666,246.320513960492
2120,2918,673424.784158359,4538569.65412214,673524.784158359,4538469.65412214,37,40,Göztepe Mahallesi,GOZTEPE,38613,0,0,0,1,0,0,1,0,29.0619783131449,40.9794166140188,0,0,0,176,210,0.0672876306757619,217.06520122095503
2121,2919,673424.784158359,4538469.65412214,673524.784158359,4538369.65412214,38,40,Göztepe Mahallesi,GOZTEPE,38613,0,0,0,1,0,0,1,0,29.0619502663712,40.9785163713694,0,0,0,176,237,0.0672876306757619,244.97358423507785
2122,2920,673424.784158359,4538369.65412214,673524.784158359,4538269.65412214,39,40,Göztepe Mahallesi,GOZTEPE,38613,0,0,0,1,0,0,1,3,29.0619222208676,40.9776161285632,0,0,0,176,256,0.0801496127306332,266.25915042952107
2123,2921,673424.784158359,4538269.65412214,673524.784158359,4538169.65412214,40,40,Göztepe Mahallesi,GOZTEPE,38613,0,0,0,2,0,0,1,5,29.0618941766338,40.9767158856,0,0,0,176,235,0.0924617115970827,245.86425111265723
2124,2922,673424.784158359,4538169.65412214,673524.784158359,4538069.65412214,41,40,Göztepe Mahallesi,GOZTEPE,38613,0,0,0,3,0,0,0,5,29.0618661336698,40.97581564248,0,0,0,176,237,0.0458572326583859,242.43408207001875
2125,2923,673424.784158359,4538069.65412214,673524.784158359,4537969.65412214,42,40,Göztepe Mahallesi,GOZTEPE,38613,0,0,0,3,0,0,0,4,29.0618380919755,40.9749153992031,0,0,0,176,240,0.0441656607545619,245.29987929054747
2126,2924,673424.784158359,4537969.65412214,673524.784158359,4537869.65412214,43,40,Göztepe Mahallesi,GOZTEPE,38613,0,0,0,4,0,0,0,5,29.0618100515509,40.9740151557694,0,0,0,176,240,0.0505627529279004,246.06753035134804
2127,2925,673424.784158359,4537869.65412214,673524.784158359,4537769.65412214,44,40,Göztepe Mahallesi,GOZTEPE,38613,8,6,0,4,0,0,0,5,29.061782012396,40.9731149121787,0,0,0,176,228,0.1417002299421758,244.153826213408
2128,2986,673524.784158359,4538969.65412214,673624.784158359,4538869.65412214,33,41,Göztepe Mahallesi,GOZTEPE,38613,1,5,0,4,0,2,0,2,29.0632784747552,40.9829963186607,0,1,0,176,235,0.2095238932519364,259.61905745710254
2129,2987,673524.784158359,4538869.65412214,673624.784158359,4538769.65412214,34,41,Göztepe Mahallesi,GOZTEPE,38613,1,5,0,4,0,1,0,2,29.0632504067686,40.9820960773092,0,1,0,176,240,0.1682360780820434,260.1883293698452
2130,2988,673524.784158359,4538769.65412214,673624.784158359,4538669.65412214,35,41,Göztepe Mahallesi,GOZTEPE,38613,1,3,0,2,0,1,1,2,29.0632223400529,40.9811958358008,0,1,0,176,250,0.2016079114646279,275.20098893307846
2131,2989,673524.784158359,4538669.65412214,673624.784158359,4538569.65412214,36,41,Göztepe Mahallesi,GOZTEPE,38613,0,0,0,1,0,1,1,0,29.0631942746081,40.9802955941355,0,0,0,176,244,0.1378696169039258,260.820093262279
2132,2990,673524.784158359,4538569.65412214,673624.784158359,4538469.65412214,37,41,Göztepe Mahallesi,GOZTEPE,38613,0,0,0,1,0,0,1,2,29.0631662104341,40.9793953523134,0,0,0,176,231,0.0774805102967216,239.94899893927135
2133,2991,673524.784158359,4538469.65412214,673624.784158359,4538369.65412214,38,41,Göztepe Mahallesi,GOZTEPE,38613,0,1,0,2,0,0,1,5,29.0631381475308,40.9784951103343,0,0,0,176,238,0.1070389285572902,250.7376324983176
2134,2992,673524.784158359,4538369.65412214,673624.784158359,4538269.65412214,39,41,Göztepe Mahallesi,GOZTEPE,38613,0,1,0,2,0,0,1,5,29.0631100858981,40.9775948681983,0,0,0,176,256,0.1070389285572902,269.7009828553332
2135,2993,673524.784158359,4538269.65412214,673624.784158359,4538169.65412214,40,41,Göztepe Mahallesi,GOZTEPE,38613,0,1,0,2,0,0,1,6,29.0630820255361,40.9766946259055,0,0,0,176,246,0.1084691322234746,259.3417032634874
2136,2994,673524.784158359,4538169.65412214,673624.784158359,4538069.65412214,41,41,Göztepe Mahallesi,GOZTEPE,38613,0,1,0,2,0,0,0,5,29.0630539664446,40.9757943834557,0,0,0,176,244,0.0543679788865236,250.63289342415587
2137,2995,673524.784158359,4538069.65412214,673624.784158359,4537969.65412214,42,41,Göztepe Mahallesi,GOZTEPE,38613,0,0,0,3,0,0,0,5,29.0630259086236,40.974894140849,0,0,0,176,235,0.0458572326583859,240.3882248373604
2138,2996,673524.784158359,4537969.65412214,673624.784158359,4537869.65412214,43,41,Göztepe Mahallesi,GOZTEPE,38613,0,0,0,1,0,0,0,5,29.0629978520729,40.9739938980855,0,0,0,176,235,0.0312405516533906,238.6707648192734
2139,2997,673524.784158359,4537869.65412214,673624.784158359,4537769.65412214,44,41,Göztepe Mahallesi,GOZTEPE,38613,1,3,0,1,0,0,0,4,29.0629697967926,40.9730936551651,0,0,0,176,232,0.0745441844163835,240.64712539230047
2140,2998,673524.784158359,4537769.65412214,673624.784158359,4537669.65412214,45,41,Göztepe Mahallesi,GOZTEPE,38613,7,12,1,1,0,1,0,5,29.0629417427826,40.9721934120878,0,0,0,176,222,0.2857576148853228,253.71909525227085
2141,3070,673624.784158359,4537769.65412214,673724.784158359,4537669.65412214,45,42,Göztepe Mahallesi,GOZTEPE,38613,0,8,1,0,0,0,0,5,29.0641295097845,40.9721721435165,0,0,0,176,231,0.1453032072870569,247.7825204416551
2142,3069,673624.784158359,4537869.65412214,673724.784158359,4537769.65412214,44,42,Göztepe Mahallesi,GOZTEPE,38613,0,0,0,0,0,0,0,4,29.064157579919,40.9730723859232,0,0,0,176,240,0.0149322987445713,241.79187584934851
2143,3068,673624.784158359,4537969.65412214,673724.784158359,4537869.65412214,43,42,Göztepe Mahallesi,GOZTEPE,38613,0,0,0,1,0,0,0,5,29.0641856513246,40.973972628173,0,0,0,176,243,0.0312405516533906,246.79572702588692
2144,3067,673624.784158359,4538069.65412214,673724.784158359,4537969.65412214,42,42,Göztepe Mahallesi,GOZTEPE,38613,0,1,0,2,0,0,0,5,29.0642137240012,40.9748728702659,0,0,0,176,243,0.0543679788865236,249.6057094347126
2145,3066,673624.784158359,4538169.65412214,673724.784158359,4538069.65412214,41,42,Göztepe Mahallesi,GOZTEPE,38613,0,1,0,3,0,0,0,6,29.064241797949,40.9757731122019,0,0,0,176,243,0.0618646532847778,250.5165553741005
2146,3065,673624.784158359,4538269.65412214,673724.784158359,4538169.65412214,40,42,Göztepe Mahallesi,GOZTEPE,38613,0,1,0,3,0,0,0,7,29.0642698731679,40.976673353981,0,0,0,176,259,0.063103552052505,267.1719099907994
2147,3064,673624.784158359,4538369.65412214,673724.784158359,4538269.65412214,39,42,Göztepe Mahallesi,GOZTEPE,38613,0,2,0,3,0,0,1,5,29.0642979496581,40.9775735956032,0,0,0,176,247,0.1216325245759579,262.0216167851308
2148,3063,673624.784158359,4538469.65412214,673724.784158359,4538369.65412214,38,42,Göztepe Mahallesi,GOZTEPE,38613,1,4,0,2,0,0,1,5,29.0643260274197,40.9784738370685,0,0,0,176,252,0.142149731948659,269.91086622553104
2149,3062,673624.784158359,4538569.65412214,673724.784158359,4538469.65412214,37,42,Göztepe Mahallesi,GOZTEPE,38613,1,4,0,1,0,0,1,2,29.0643541064526,40.9793740783769,0,0,0,176,244,0.1271685306482979,259.5145607390924
2150,3061,673624.784158359,4538669.65412214,673724.784158359,4538569.65412214,36,42,Göztepe Mahallesi,GOZTEPE,38613,1,3,0,1,0,0,1,1,29.064382186757,40.9802743195284,0,0,0,176,250,0.1187138263700144,264.8392282962518
2151,3060,673624.784158359,4538769.65412214,673724.784158359,4538669.65412214,35,42,Göztepe Mahallesi,GOZTEPE,38613,1,4,0,1,0,1,1,2,29.0644102683329,40.9811745605229,0,1,0,176,247,0.1977505168764618,271.422188834243
2152,3059,673624.784158359,4538869.65412214,673724.784158359,4538769.65412214,34,42,Göztepe Mahallesi,GOZTEPE,38613,1,4,0,2,0,1,0,2,29.0644383511804,40.9820748013605,0,1,0,176,232,0.1536297774786207,249.82105418752
2153,3212,673824.784158359,4537969.65412214,673924.784158359,4537869.65412214,43,44,Göztepe Mahallesi,GOZTEPE,38613,0,0,0,1,0,0,0,2,29.066561246014,40.9739300516622,0,0,0,176,258,0.024809560625955,261.2004333207482
2154,3211,673824.784158359,4538069.65412214,673924.784158359,4537969.65412214,42,44,Göztepe Mahallesi,GOZTEPE,38613,0,1,0,1,0,0,0,5,29.0665893509424,40.9748302924127,0,0,0,176,258,0.0458177686135981,263.91049215115413
2155,3210,673824.784158359,4538169.65412214,673924.784158359,4538069.65412214,41,44,Göztepe Mahallesi,GOZTEPE,38613,0,1,0,2,0,0,0,5,29.0666174571434,40.9757305330063,0,0,0,176,199,0.0543679788865236,204.4096138992091
2156,3209,673824.784158359,4538269.65412214,673924.784158359,4538169.65412214,40,44,Göztepe Mahallesi,GOZTEPE,38613,0,2,0,3,0,0,0,5,29.066645564617,40.9766307734429,0,0,0,176,255,0.0689615749051913,263.7926008004119
2157,3208,673824.784158359,4538369.65412214,673924.784158359,4538269.65412214,39,44,Göztepe Mahallesi,GOZTEPE,38613,1,4,0,3,0,0,0,5,29.0666736733634,40.9775310137226,0,0,0,176,238,0.0955452530099622,249.3698851081855
2158,3207,673824.784158359,4538469.65412214,673924.784158359,4538369.65412214,38,44,Göztepe Mahallesi,GOZTEPE,38613,1,5,0,2,0,0,0,4,29.0667017833825,40.9784312538454,0,0,0,176,223,0.0916215199759069,233.2157994773136
2159,3206,673824.784158359,4538569.65412214,673924.784158359,4538469.65412214,37,44,Göztepe Mahallesi,GOZTEPE,38613,8,5,0,2,0,0,0,3,29.0667298946745,40.9793314938112,0,0,0,176,250,0.1239244877709402,265.4905609713676
2160,3205,673824.784158359,4538669.65412214,673924.784158359,4538569.65412214,36,44,Göztepe Mahallesi,GOZTEPE,38613,10,4,0,2,0,0,0,5,29.0667580072394,40.9802317336201,0,0,0,176,207,0.1284380747151778,220.2933407330209
2161,3204,673824.784158359,4538769.65412214,673924.784158359,4538669.65412214,35,44,Göztepe Mahallesi,GOZTEPE,38613,10,5,0,2,0,0,0,3,29.0667861210773,40.981131973272,0,0,0,176,244,0.1285104957234922,259.67828047826606
2162,3203,673824.784158359,4538869.65412214,673924.784158359,4538769.65412214,34,44,Göztepe Mahallesi,GOZTEPE,38613,10,4,0,2,0,0,0,5,29.0668142361882,40.9820322127669,0,0,0,176,231,0.1284380747151778,245.83459762960305
2163,3213,673824.784158359,4537869.65412214,673924.784158359,4537769.65412214,44,44,Göztepe Mahallesi,GOZTEPE,38613,0,0,0,1,0,0,0,0,29.0665331423581,40.9730298107547,0,0,0,176,243,0.0146166810049953,244.7759267421069
2164,3214,673824.784158359,4537769.65412214,673924.784158359,4537669.65412214,45,44,Göztepe Mahallesi,GOZTEPE,38613,0,0,0,0,0,0,0,0,29.0665050399747,40.9721295696903,0,0,0,176,237,0.0,237.0
2165,3215,673824.784158359,4537669.65412214,673924.784158359,4537569.65412214,46,44,Göztepe Mahallesi,GOZTEPE,38613,0,4,0,0,0,0,0,0,29.0664769388637,40.971229328469,0,0,0,176,226,0.0338472496051744,229.82473920538476
2166,3216,673824.784158359,4537569.65412214,673924.784158359,4537469.65412214,47,44,Göztepe Mahallesi,GOZTEPE,38613,0,11,1,0,0,1,0,1,29.066448839025,40.9703290870907,0,0,0,176,225,0.2117424055678708,248.8210206263855
2167,3143,673724.784158359,4537669.65412214,673824.784158359,4537569.65412214,46,43,Göztepe Mahallesi,GOZTEPE,38613,0,14,1,0,0,0,0,1,29.0652891905281,40.9712506208246,0,0,0,176,228,0.1458532350244663,244.62726879278915
2168,3142,673724.784158359,4537769.65412214,673824.784158359,4537669.65412214,45,43,Göztepe Mahallesi,GOZTEPE,38613,0,0,1,0,0,0,0,1,29.0653172755154,40.9721508627173,0,0,0,176,231,0.0889016431724864,241.26813978642213
2169,3141,673724.784158359,4537869.65412214,673824.784158359,4537769.65412214,44,43,Göztepe Mahallesi,GOZTEPE,38613,0,0,0,1,0,0,0,2,29.0653453617744,40.9730511044531,0,0,0,176,243,0.024809560625955,246.01436161605352
2170,3140,673724.784158359,4537969.65412214,673824.784158359,4537869.65412214,43,43,Göztepe Mahallesi,GOZTEPE,38613,0,0,0,1,0,0,0,5,29.0653734493052,40.9739513460319,0,0,0,176,249,0.0312405516533906,252.88944868084712
2171,3139,673724.784158359,4538069.65412214,673824.784158359,4537969.65412214,42,43,Göztepe Mahallesi,GOZTEPE,38613,0,1,0,1,0,0,0,5,29.0654015381077,40.9748515874538,0,0,0,176,249,0.0458177686135981,254.70431219239296
2172,3138,673724.784158359,4538169.65412214,673824.784158359,4538069.65412214,41,43,Göztepe Mahallesi,GOZTEPE,38613,0,1,0,3,0,0,0,7,29.0654296281821,40.9757518287188,0,0,0,176,255,0.063103552052505,263.0457028866944
2173,3137,673724.784158359,4538269.65412214,673824.784158359,4538169.65412214,40,43,Göztepe Mahallesi,GOZTEPE,38613,0,2,0,3,0,0,0,7,29.0654577195284,40.9766520698269,0,0,0,176,247,0.0716306773391029,255.8463886513792
2174,3136,673724.784158359,4538369.65412214,673824.784158359,4538269.65412214,39,43,Göztepe Mahallesi,GOZTEPE,38613,1,4,0,3,0,0,0,5,29.0654858121468,40.977552310778,0,0,0,176,223,0.0955452530099622,233.6532957106108
2175,3135,673724.784158359,4538469.65412214,673824.784158359,4538369.65412214,38,43,Göztepe Mahallesi,GOZTEPE,38613,1,4,0,1,0,0,1,4,29.0655139060371,40.9784525515722,0,0,0,176,222,0.1319079497719095,236.641782424682
2176,3134,673724.784158359,4538569.65412214,673824.784158359,4538469.65412214,37,43,Göztepe Mahallesi,GOZTEPE,38613,1,5,0,1,0,0,1,3,29.0655420011996,40.9793527922095,0,0,0,176,243,0.1336719426840479,259.2411410361118
2177,3133,673724.784158359,4538669.65412214,673824.784158359,4538569.65412214,36,43,Göztepe Mahallesi,GOZTEPE,38613,9,4,0,2,0,0,1,3,29.0655700976343,40.9802530326898,0,0,0,176,244,0.1751689739958752,265.3706148274968
2178,3132,673724.784158359,4538769.65412214,673824.784158359,4538669.65412214,35,43,Göztepe Mahallesi,GOZTEPE,38613,10,6,0,1,0,1,0,3,29.0655981953413,40.9811532730133,0,0,0,176,244,0.1937841342548579,267.6416643790927
2179,3131,673724.784158359,4538869.65412214,673824.784158359,4538769.65412214,34,43,Göztepe Mahallesi,GOZTEPE,38613,9,5,0,1,0,1,0,3,29.0656262943205,40.9820535131797,0,1,0,176,231,0.1883641098821855,252.7560546913924
2180,3286,673924.784158359,4537769.65412214,674024.784158359,4537669.65412214,45,45,Göztepe Mahallesi,GOZTEPE,38613,0,0,0,0,0,0,0,0,29.0676928031616,40.9721082644355,0,0,0,176,240,0.0,240.0
2181,3285,673924.784158359,4537869.65412214,674024.784158359,4537769.65412214,44,45,Göztepe Mahallesi,GOZTEPE,38613,0,0,0,1,0,0,0,0,29.0677209216693,40.9730085048282,0,0,0,176,243,0.0146166810049953,244.7759267421069
2182,3284,673924.784158359,4537969.65412214,674024.784158359,4537869.65412214,43,45,Göztepe Mahallesi,GOZTEPE,38613,0,0,0,1,0,0,0,0,29.0677490414503,40.9739087450639,0,0,0,176,253,0.0146166810049953,254.8490101471319
2183,3283,673924.784158359,4538069.65412214,674024.784158359,4537969.65412214,42,45,Göztepe Mahallesi,GOZTEPE,38613,0,0,0,1,0,0,0,0,29.0677771625044,40.9748089851427,0,0,0,176,265,0.0146166810049953,266.9367102331619
2184,3282,673924.784158359,4538169.65412214,674024.784158359,4538069.65412214,41,45,Göztepe Mahallesi,GOZTEPE,38613,0,1,0,3,0,0,0,3,29.0678052848319,40.9757092250645,0,0,0,176,253,0.0566725610250694,260.16907896967126
2185,3281,673924.784158359,4538269.65412214,674024.784158359,4538169.65412214,40,45,Göztepe Mahallesi,GOZTEPE,38613,0,2,0,3,0,0,0,4,29.0678334084328,40.9766094648293,0,0,0,176,258,0.0672700030013673,266.6778303871764
2186,3280,673924.784158359,4538369.65412214,674024.784158359,4538269.65412214,39,45,Göztepe Mahallesi,GOZTEPE,38613,1,4,0,3,0,0,0,4,29.0678615333072,40.9775097044372,0,0,0,176,187,0.0938536811061382,195.77531918342396
2187,3279,673924.784158359,4538469.65412214,674024.784158359,4538369.65412214,38,45,Göztepe Mahallesi,GOZTEPE,38613,1,5,0,2,0,0,0,2,29.067889659455,40.9784099438881,0,0,0,176,232,0.0868821008522952,242.07832369886623
2188,3278,673924.784158359,4538569.65412214,674024.784158359,4538469.65412214,37,45,Göztepe Mahallesi,GOZTEPE,38613,10,4,0,3,0,0,0,5,29.0679177868764,40.979310183182,0,0,0,176,252,0.1345045454472476,268.9475727263532
2189,3277,673924.784158359,4538669.65412214,674024.784158359,4538569.65412214,36,45,Göztepe Mahallesi,GOZTEPE,38613,10,4,0,3,0,1,0,4,29.0679459155715,40.980210422319,0,0,0,176,252,0.2033949597715875,277.62776493122
2190,3276,673924.784158359,4538769.65412214,674024.784158359,4538669.65412214,35,45,Göztepe Mahallesi,GOZTEPE,38613,10,4,0,3,0,1,0,3,29.0679740455403,40.981110661299,0,0,0,176,198,0.2013246430818875,217.93113966510683
2191,3357,674024.784158359,4537869.65412214,674124.784158359,4537769.65412214,44,46,Göztepe Mahallesi,GOZTEPE,38613,0,0,0,0,0,0,0,0,29.0689086997073,40.9729871866735,0,0,0,176,241,0.0,241.0
2192,3356,674024.784158359,4537969.65412214,674124.784158359,4537869.65412214,43,46,Göztepe Mahallesi,GOZTEPE,38613,0,0,0,1,0,0,0,0,29.0689368356133,40.9738874262371,0,0,0,176,255,0.0146166810049953,256.8636268281369
2193,3355,674024.784158359,4538069.65412214,674124.784158359,4537969.65412214,42,46,Göztepe Mahallesi,GOZTEPE,38613,0,0,0,1,0,0,0,0,29.0689649727932,40.9747876656437,0,0,0,176,264,0.0146166810049953,265.92940189265937
2194,3354,674024.784158359,4538169.65412214,674124.784158359,4538069.65412214,41,46,Göztepe Mahallesi,GOZTEPE,38613,0,0,0,3,0,0,0,0,29.0689931112471,40.9756879048934,0,0,0,176,261,0.0292333620099906,264.81495374230377
2195,3353,674024.784158359,4538269.65412214,674124.784158359,4538169.65412214,40,46,Göztepe Mahallesi,GOZTEPE,38613,0,1,0,4,0,0,0,1,29.0690212509752,40.976588143986,0,0,0,176,255,0.0549470902671482,262.00575400906143
2196,3352,674024.784158359,4538369.65412214,674124.784158359,4538269.65412214,39,46,Göztepe Mahallesi,GOZTEPE,38613,1,2,0,3,0,0,0,2,29.0690493919774,40.9774883829217,0,0,0,176,229,0.0783713546241575,237.973520104466
2197,3351,674024.784158359,4538469.65412214,674124.784158359,4538369.65412214,38,46,Göztepe Mahallesi,GOZTEPE,38613,1,4,0,4,0,0,0,2,29.0690775342539,40.9783886217004,0,0,0,176,235,0.093819782252041,246.02382441461484
2198,3350,674024.784158359,4538569.65412214,674124.784158359,4538469.65412214,37,46,Göztepe Mahallesi,GOZTEPE,38613,10,4,0,4,0,1,0,5,29.0691056778047,40.9792888603221,0,0,0,176,249,0.209792051944926,275.1191104671433
2199,3349,674024.784158359,4538669.65412214,674124.784158359,4538569.65412214,36,46,Göztepe Mahallesi,GOZTEPE,38613,10,4,0,4,0,1,0,3,29.0691338226299,40.9801890987868,0,0,0,176,249,0.2060301633514019,274.6507553372496
2200,3348,674024.784158359,4538769.65412214,674124.784158359,4538669.65412214,35,46,Göztepe Mahallesi,GOZTEPE,38613,10,3,1,3,0,1,0,4,29.0691619687295,40.9810893370945,0,0,0,176,191,0.2811727962318791,217.85200204014447
2201,3427,674124.784158359,4538069.65412214,674224.784158359,4537969.65412214,42,47,Göztepe Mahallesi,GOZTEPE,38613,0,0,0,0,0,0,0,0,29.0701527818079,40.9747663339159,0,0,0,176,256,0.0,256.0
2202,3426,674124.784158359,4538169.65412214,674224.784158359,4538069.65412214,41,47,Göztepe Mahallesi,GOZTEPE,38613,0,0,0,3,0,0,0,0,29.0701809363882,40.975666572493,0,0,0,176,256,0.0292333620099906,259.7418703372788
2203,3425,674124.784158359,4538269.65412214,674224.784158359,4538169.65412214,40,47,Göztepe Mahallesi,GOZTEPE,38613,0,0,0,3,0,0,0,0,29.0702090922434,40.9765668109131,0,0,0,176,256,0.0292333620099906,259.7418703372788
2204,3424,674124.784158359,4538369.65412214,674224.784158359,4538269.65412214,39,47,Göztepe Mahallesi,GOZTEPE,38613,0,0,0,3,0,0,0,0,29.0702372493735,40.9774670491761,0,0,0,176,234,0.0292333620099906,237.4203033551689
2205,3423,674124.784158359,4538469.65412214,674224.784158359,4538369.65412214,38,47,Göztepe Mahallesi,GOZTEPE,38613,1,1,0,4,0,1,0,0,29.0702654077785,40.9783672872822,0,0,0,176,240,0.1349388562142783,256.1926627457134
2206,3422,674124.784158359,4538569.65412214,674224.784158359,4538469.65412214,37,47,Göztepe Mahallesi,GOZTEPE,38613,5,4,0,5,0,1,0,3,29.0702935674586,40.9792675252313,0,0,0,176,243,0.1960225885330951,266.8167445067711
2207,3421,674124.784158359,4538669.65412214,674224.784158359,4538569.65412214,36,47,Göztepe Mahallesi,GOZTEPE,38613,10,4,1,4,0,1,0,4,29.0703217284139,40.9801677630233,0,0,0,176,243,0.2905711321861529,278.3043925606176
2208,3420,674124.784158359,4538769.65412214,674224.784158359,4538669.65412214,35,47,Göztepe Mahallesi,GOZTEPE,38613,10,2,1,3,0,1,0,5,29.0703498906442,40.9810680006584,0,0,0,176,220,0.2768142764620934,250.4495704108303
2209,3493,674224.784158359,4538669.65412214,674324.784158359,4538569.65412214,36,48,Göztepe Mahallesi,GOZTEPE,38613,1,1,1,3,0,1,0,4,29.0715096329226,40.9801464150288,0,0,0,176,247,0.2276362868343861,275.11308142404664
2210,3494,674224.784158359,4538569.65412214,674324.784158359,4538469.65412214,37,48,Göztepe Mahallesi,GOZTEPE,38613,0,1,0,6,0,1,0,2,29.0714814558375,40.9792461779098,0,0,0,176,247,0.1363862941728506,263.843707330347
2211,3495,674224.784158359,4538469.65412214,674324.784158359,4538369.65412214,38,48,Göztepe Mahallesi,GOZTEPE,38613,0,1,0,3,0,1,0,0,29.0714532800281,40.9783459406337,0,0,0,176,249,0.114392565198362,263.2418743671961
2212,3496,674224.784158359,4538369.65412214,674324.784158359,4538269.65412214,39,48,Göztepe Mahallesi,GOZTEPE,38613,0,0,0,3,0,0,0,0,29.0714251054946,40.9774457032006,0,0,0,176,210,0.0292333620099906,213.069503011049
2213,3497,674224.784158359,4538269.65412214,674324.784158359,4538169.65412214,40,48,Göztepe Mahallesi,GOZTEPE,38613,0,0,0,3,0,0,0,0,29.0713969322367,40.9765454656105,0,0,0,176,143,0.0292333620099906,145.09018538371433
2214,3565,674324.784158359,4538669.65412214,674424.784158359,4538569.65412214,36,49,Göztepe Mahallesi,GOZTEPE,38613,0,2,1,4,0,1,0,4,29.0726975361555,40.9801250548031,0,0,0,176,244,0.2250281616440965,271.4534357205798
2215,3566,674324.784158359,4538569.65412214,674424.784158359,4538469.65412214,37,49,Göztepe Mahallesi,GOZTEPE,38613,0,2,0,4,0,1,0,2,29.0726693429404,40.9792248183575,0,0,0,176,244,0.137818090375434,260.81380702580293
2216,3567,674324.784158359,4538469.65412214,674424.784158359,4538369.65412214,38,49,Göztepe Mahallesi,GOZTEPE,38613,0,1,0,3,0,0,0,1,29.0726411510019,40.9783245817549,0,0,0,176,247,0.0502415699976338,253.20483389470775
2217,3637,674424.784158359,4538669.65412214,674524.784158359,4538569.65412214,36,50,Göztepe Mahallesi,GOZTEPE,38613,0,2,0,1,0,1,0,3,29.0738854381118,40.9801036823464,0,0,0,176,243,0.1211649915348358,257.7215464714825
2218,2767,673224.784158359,4539269.65412214,673324.784158359,4539169.65412214,30,38,Merdivenköy Mahallesi,MERDIVENKOY,30620,2,4,2,7,0,1,0,8,29.059798651878,40.9857608042673,0,0,0,176,167,0.3244849567657357,194.0944938899389
2219,2768,673224.784158359,4539169.65412214,673324.784158359,4539069.65412214,31,38,Merdivenköy Mahallesi,MERDIVENKOY,30620,3,5,1,7,0,1,0,6,29.0597706284829,40.9848605613763,0,0,0,176,179,0.284319856402597,204.4466271480324
2220,2769,673224.784158359,4539069.65412214,673324.784158359,4538969.65412214,32,38,Merdivenköy Mahallesi,MERDIVENKOY,30620,3,5,1,3,0,1,0,6,29.0597426063566,40.9839603183285,0,1,0,176,216,0.2697031753976017,245.12794294294096
2221,2837,673324.784158359,4539469.65412214,673424.784158359,4539369.65412214,28,39,Merdivenköy Mahallesi,MERDIVENKOY,30620,0,1,1,6,0,0,0,4,29.0610427475052,40.9875400463084,0,0,0,176,226,0.1530143792133492,243.29062485110848
2222,2838,673324.784158359,4539369.65412214,673424.784158359,4539269.65412214,29,39,Merdivenköy Mahallesi,MERDIVENKOY,30620,0,1,1,6,0,1,0,3,29.0610147054356,40.9866398044009,0,0,0,176,226,0.221526048751813,251.03244350895488
2223,2839,673324.784158359,4539269.65412214,673424.784158359,4539169.65412214,30,39,Merdivenköy Mahallesi,MERDIVENKOY,30620,3,4,2,8,0,1,0,7,29.0609866646358,40.9857395623365,0,0,0,176,226,0.3324504240242149,263.5668979147363
2224,2840,673324.784158359,4539169.65412214,673424.784158359,4539069.65412214,31,39,Merdivenköy Mahallesi,MERDIVENKOY,30620,3,6,1,4,0,2,0,5,29.0609586251056,40.9848393201152,0,1,0,176,214,0.317508169746952,247.97337416292388
2225,2841,673324.784158359,4539069.65412214,673424.784158359,4538969.65412214,32,39,Merdivenköy Mahallesi,MERDIVENKOY,30620,3,6,1,3,0,2,0,7,29.0609305868452,40.983939077737,0,1,0,176,211,0.3154717519113492,244.2822698266473
2226,2907,673424.784158359,4539669.65412214,673524.784158359,4539569.65412214,26,40,Merdivenköy Mahallesi,MERDIVENKOY,30620,0,2,1,1,0,0,0,8,29.0622869114889,40.989319272808,0,1,0,176,228,0.1405774346387709,244.0258275488199
2227,2908,673424.784158359,4539569.65412214,673524.784158359,4539469.65412214,27,40,Merdivenköy Mahallesi,MERDIVENKOY,30620,0,2,1,5,0,0,0,7,29.0622588507417,40.9884190318843,0,0,0,176,226,0.1626515397570792,244.37962399255
2228,2909,673424.784158359,4539469.65412214,673524.784158359,4539369.65412214,28,40,Merdivenköy Mahallesi,MERDIVENKOY,30620,0,1,1,6,0,0,0,6,29.0622307912651,40.9875187908038,0,0,0,176,228,0.1561361547833576,245.7995216453028
2229,2910,673424.784158359,4539369.65412214,673524.784158359,4539269.65412214,29,40,Merdivenköy Mahallesi,MERDIVENKOY,30620,0,0,2,5,0,1,0,3,29.0622027330592,40.9866185495663,0,0,0,176,225,0.2519404316258757,253.34329855791103
2230,2911,673424.784158359,4539269.65412214,673524.784158359,4539169.65412214,30,40,Merdivenköy Mahallesi,MERDIVENKOY,30620,1,4,2,5,0,1,0,3,29.0621746761237,40.985718308172,0,0,0,176,225,0.301628451977452,258.9332008474633
2231,2912,673424.784158359,4539169.65412214,673524.784158359,4539069.65412214,31,40,Merdivenköy Mahallesi,MERDIVENKOY,30620,3,5,0,3,0,2,0,5,29.0621466204588,40.9848180666207,0,1,0,176,214,0.2270901347562594,238.29864441891976
2232,2913,673424.784158359,4539069.65412214,673524.784158359,4538969.65412214,32,40,Merdivenköy Mahallesi,MERDIVENKOY,30620,3,5,0,4,0,2,0,5,29.0621185660642,40.9839178249126,0,1,0,176,222,0.2317956550257739,247.72931770786093
2233,2977,673524.784158359,4539869.65412214,673624.784158359,4539769.65412214,24,41,Merdivenköy Mahallesi,MERDIVENKOY,30620,0,2,0,0,0,0,0,4,29.0635311438372,40.9910984837634,0,2,0,176,220,0.0380366409913767,224.18403050905144
2234,2978,673524.784158359,4539769.65412214,673624.784158359,4539669.65412214,25,41,Merdivenköy Mahallesi,MERDIVENKOY,30620,0,2,0,0,0,0,0,6,29.0635030644093,40.990198243824,0,2,0,176,222,0.041158416561385,226.56858423831372
2235,2979,673524.784158359,4539669.65412214,673624.784158359,4539569.65412214,26,41,Merdivenköy Mahallesi,MERDIVENKOY,30620,0,1,1,1,0,0,0,9,29.0634749862529,40.9892980037278,0,2,0,176,226,0.1330278398822606,241.0321459066955
2236,2980,673524.784158359,4539569.65412214,673624.784158359,4539469.65412214,27,41,Merdivenköy Mahallesi,MERDIVENKOY,30620,0,1,1,2,0,0,0,8,29.063446909368,40.9883977634747,0,1,0,176,228,0.1406005196250986,244.02845923726125
2237,2981,673524.784158359,4539469.65412214,673624.784158359,4539369.65412214,28,41,Merdivenköy Mahallesi,MERDIVENKOY,30620,0,1,2,2,0,0,0,8,29.0634188337545,40.9874975230646,0,1,0,176,225,0.1888427585399721,246.24481033574688
2238,2982,673524.784158359,4539369.65412214,673624.784158359,4539269.65412214,29,41,Merdivenköy Mahallesi,MERDIVENKOY,30620,0,0,2,1,0,1,0,7,29.0633907594122,40.9865972824976,0,0,0,176,225,0.2352045313753905,251.4605097797314
2239,2983,673524.784158359,4539269.65412214,673624.784158359,4539169.65412214,30,41,Merdivenköy Mahallesi,MERDIVENKOY,30620,1,3,2,2,0,1,0,2,29.0633626863413,40.9856970417737,0,0,0,176,225,0.2796498528537857,256.4606084460509
2240,2984,673524.784158359,4539169.65412214,673624.784158359,4539069.65412214,31,41,Merdivenköy Mahallesi,MERDIVENKOY,30620,1,6,1,3,0,2,0,3,29.0633346145415,40.984796800893,0,1,0,176,216,0.2931999901375117,247.66559893485123
2241,2985,673524.784158359,4539069.65412214,673624.784158359,4538969.65412214,32,41,Merdivenköy Mahallesi,MERDIVENKOY,30620,1,6,0,3,0,2,0,3,29.0633065440128,40.9838965598553,0,1,0,176,223,0.2107293379924608,246.49632118615935
2242,3058,673624.784158359,4538969.65412214,673724.784158359,4538869.65412214,33,42,Merdivenköy Mahallesi,MERDIVENKOY,30620,1,4,0,2,0,1,0,3,29.0644664352996,40.9829750420412,0,1,0,176,228,0.1562988799125322,245.81807231002867
2243,3048,673624.784158359,4539969.65412214,673724.784158359,4539869.65412214,23,42,Merdivenköy Mahallesi,MERDIVENKOY,30620,0,0,0,1,0,0,0,1,29.0647473464466,40.9919774402176,0,2,0,176,178,0.0210476720324309,179.87324281088635
2244,3049,673624.784158359,4539869.65412214,673724.784158359,4539769.65412214,24,42,Merdivenköy Mahallesi,MERDIVENKOY,30620,0,0,0,0,0,0,0,4,29.0647192496073,40.9910772011061,0,2,0,176,216,0.0149322987445713,217.6126882644137
2245,3118,673724.784158359,4540169.65412214,673824.784158359,4540069.65412214,21,43,Merdivenköy Mahallesi,MERDIVENKOY,30620,0,0,0,1,0,0,0,1,29.0659916968617,40.9937566210624,0,1,0,176,139,0.0210476720324309,140.46281320625394
2246,3120,673724.784158359,4539969.65412214,673824.784158359,4539869.65412214,23,43,Merdivenköy Mahallesi,MERDIVENKOY,30620,0,0,0,1,0,0,0,0,29.0659354670841,40.991956144653,0,1,0,176,170,0.0146166810049953,171.2424178854246
2247,3121,673724.784158359,4539869.65412214,673824.784158359,4539769.65412214,24,43,Merdivenköy Mahallesi,MERDIVENKOY,30620,0,0,0,2,0,0,0,4,29.0659073541051,40.9910559062129,0,2,0,176,204,0.0380991900224921,207.8861173822942
2248,3119,673724.784158359,4540069.65412214,673824.784158359,4539969.65412214,22,43,Merdivenköy Mahallesi,MERDIVENKOY,30620,0,0,0,1,0,0,0,1,29.0659635813363,40.9928563829362,0,1,0,176,140,0.0210476720324309,141.47333704227017
2249,3189,673824.784158359,4540269.65412214,673924.784158359,4540169.65412214,20,44,Merdivenköy Mahallesi,MERDIVENKOY,30620,0,0,0,1,0,0,0,1,29.0671389266783,40.9945195029501,0,1,0,176,103,0.0210476720324309,104.0839551096702
2250,3192,673824.784158359,4539969.65412214,673924.784158359,4539869.65412214,23,44,Merdivenköy Mahallesi,MERDIVENKOY,30620,0,0,0,1,0,0,0,0,29.0671235864486,40.9919348368522,0,1,0,176,160,0.0146166810049953,161.1693344803996
2251,3191,673824.784158359,4540069.65412214,673924.784158359,4539969.65412214,22,44,Merdivenköy Mahallesi,MERDIVENKOY,30620,0,0,0,1,0,0,0,1,29.0671517168412,40.9928350744636,0,1,0,176,116,0.0210476720324309,117.220764977881
2252,3193,673824.784158359,4539869.65412214,673924.784158359,4539769.65412214,24,44,Merdivenköy Mahallesi,MERDIVENKOY,30620,0,0,0,3,0,0,0,0,29.0670954573298,40.9910345990838,0,2,0,176,201,0.0292333620099906,203.93795288200403
2253,3190,673824.784158359,4540169.65412214,673924.784158359,4540069.65412214,21,44,Merdivenköy Mahallesi,MERDIVENKOY,30620,0,0,0,1,0,0,0,1,29.0671798485078,40.993735311918,0,1,0,176,125,0.0210476720324309,126.31547950202692
2254,3261,673924.784158359,4540269.65412214,674024.784158359,4540169.65412214,20,45,Merdivenköy Mahallesi,MERDIVENKOY,30620,0,0,0,1,0,0,0,1,29.0681994020313,40.9943103089359,1,1,0,176,175,0.0210476720324309,176.8416713028377
2255,3264,673924.784158359,4539969.65412214,674024.784158359,4539869.65412214,23,45,Merdivenköy Mahallesi,MERDIVENKOY,30620,0,0,0,1,0,0,0,0,29.0683117045392,40.991913516815,0,1,0,176,217,0.0146166810049953,218.585909889042
2256,3263,673924.784158359,4540069.65412214,674024.784158359,4539969.65412214,22,45,Merdivenköy Mahallesi,MERDIVENKOY,30620,0,0,0,1,0,0,0,1,29.0683398510722,40.9928137537543,0,1,1,176,143,0.0210476720324309,144.50490855031882
2258,3262,673924.784158359,4540169.65412214,674024.784158359,4540069.65412214,21,45,Merdivenköy Mahallesi,MERDIVENKOY,30620,0,0,0,1,0,0,0,1,29.0683679988799,40.9937139905366,0,1,0,176,175,0.0210476720324309,176.8416713028377
2259,3333,674024.784158359,4540269.65412214,674124.784158359,4540169.65412214,20,46,Merdivenköy Mahallesi,MERDIVENKOY,30620,0,0,0,1,0,0,0,1,29.068988648567,40.994157522042,1,1,0,176,161,0.0210476720324309,162.69433759861067
2260,3334,674024.784158359,4540169.65412214,674124.784158359,4540069.65412214,21,46,Merdivenköy Mahallesi,MERDIVENKOY,30620,0,0,0,1,0,0,0,1,29.069494644578,40.9936060936504,0,1,0,176,161,0.0210476720324309,162.69433759861067
2261,3336,674024.784158359,4539969.65412214,674124.784158359,4539869.65412214,23,46,Merdivenköy Mahallesi,MERDIVENKOY,30620,0,0,0,1,0,0,0,2,29.0694998213552,40.9918921845417,0,1,0,176,213,0.024809560625955,215.64221820666415
2262,3335,674024.784158359,4540069.65412214,674124.784158359,4539969.65412214,22,46,Merdivenköy Mahallesi,MERDIVENKOY,30620,0,0,0,1,0,0,0,1,29.0695279840286,40.9927924208085,0,1,0,176,146,0.0210476720324309,147.53648005836746
2263,3337,674024.784158359,4539869.65412214,674124.784158359,4539769.65412214,24,46,Merdivenköy Mahallesi,MERDIVENKOY,30620,0,0,0,2,0,0,0,2,29.0694716599572,40.990991948118,0,1,0,176,213,0.0333597708988805,216.5528156007308
2264,3406,674124.784158359,4540169.65412214,674224.784158359,4540069.65412214,21,47,Merdivenköy Mahallesi,MERDIVENKOY,30620,0,0,0,1,0,0,0,2,29.0705891748319,40.9933919241471,0,1,0,176,98,0.024809560625955,99.2156684706718
2265,3407,674124.784158359,4540069.65412214,674224.784158359,4539969.65412214,22,47,Merdivenköy Mahallesi,MERDIVENKOY,30620,0,0,0,1,0,0,0,3,29.0707161157096,40.9927710756261,0,1,0,176,98,0.0274786630598665,99.34645448993344
2266,3408,674124.784158359,4539969.65412214,674224.784158359,4539869.65412214,23,47,Merdivenköy Mahallesi,MERDIVENKOY,30620,0,0,0,0,0,0,0,3,29.070687936896,40.9918708400322,0,1,0,176,166,0.0128619820548712,167.0675445105543
2267,3409,674124.784158359,4539869.65412214,674224.784158359,4539769.65412214,24,47,Merdivenköy Mahallesi,MERDIVENKOY,30620,0,0,0,2,0,0,0,3,29.0706597593584,40.9909706042813,0,1,0,176,166,0.036028873332792,168.99039648662176
2268,3478,674224.784158359,4540169.65412214,674324.784158359,4540069.65412214,21,48,Merdivenköy Mahallesi,MERDIVENKOY,30620,0,0,0,0,0,0,0,3,29.0713950738121,40.9932340271369,1,0,0,176,73,0.0128619820548712,73.4694623450028
2269,3202,673824.784158359,4538969.65412214,673924.784158359,4538869.65412214,33,44,Merdivenköy Mahallesi,MERDIVENKOY,30620,9,3,0,1,0,0,0,5,29.0668423525723,40.9829324521049,0,0,0,176,189,0.1130168869609478,199.6800958178096
2270,3057,673624.784158359,4539069.65412214,673724.784158359,4538969.65412214,32,42,Merdivenköy Mahallesi,MERDIVENKOY,30620,1,5,1,2,0,2,0,3,29.0644945206904,40.983875282565,0,1,0,176,226,0.2838916568293146,258.0797572217125
2271,3129,673724.784158359,4539069.65412214,673824.784158359,4538969.65412214,32,43,Merdivenköy Mahallesi,MERDIVENKOY,30620,1,2,1,2,0,1,0,4,29.0656824960962,40.9838539930419,0,1,0,176,207,0.2300969413889141,230.8150334337526
2272,3201,673824.784158359,4539069.65412214,673924.784158359,4538969.65412214,32,44,Merdivenköy Mahallesi,MERDIVENKOY,30620,9,2,1,1,0,0,0,5,29.0668704702295,40.983832691286,0,0,0,176,220,0.189437447432389,240.8381192175628
2273,3056,673624.784158359,4539169.65412214,673724.784158359,4539069.65412214,31,42,Merdivenköy Mahallesi,MERDIVENKOY,30620,1,4,1,3,0,2,0,4,29.0645226073531,40.9847755229319,0,1,0,176,205,0.288194134649246,234.5398988015477
2274,3128,673724.784158359,4539169.65412214,673824.784158359,4539069.65412214,31,43,Merdivenköy Mahallesi,MERDIVENKOY,30620,0,2,1,2,0,0,0,4,29.0657105988928,40.9847542327376,0,0,0,176,176,0.1436741844143484,188.64332822846268
2275,3200,673824.784158359,4539169.65412214,673924.784158359,4539069.65412214,31,44,Merdivenköy Mahallesi,MERDIVENKOY,30620,0,1,1,0,0,0,0,5,29.06689858916,40.9847329303101,0,0,0,176,217,0.1136717397536537,229.3333837632714
2276,3055,673624.784158359,4539269.65412214,673724.784158359,4539169.65412214,30,42,Merdivenköy Mahallesi,MERDIVENKOY,30620,0,1,1,2,0,1,0,5,29.0645506952876,40.9856757631418,0,0,0,176,163,0.2074206172597384,179.90478030666867
2277,3127,673724.784158359,4539269.65412214,673824.784158359,4539169.65412214,30,43,Merdivenköy Mahallesi,MERDIVENKOY,30620,0,1,1,1,0,0,0,6,29.065738702962,40.9856544722763,0,0,0,176,116,0.1297186244248334,123.52368021664034
2278,3199,673824.784158359,4539269.65412214,673924.784158359,4539169.65412214,30,44,Merdivenköy Mahallesi,MERDIVENKOY,30620,0,0,1,1,0,0,0,7,29.0669267093638,40.9856331691772,0,0,0,176,160,0.116380306232353,169.31042449858825
2279,3126,673724.784158359,4539369.65412214,673824.784158359,4539269.65412214,29,43,Merdivenköy Mahallesi,MERDIVENKOY,30620,0,0,1,1,0,0,0,8,29.0657668083039,40.9865547116581,0,1,0,176,116,0.1174730923919655,122.813439358734
2280,3054,673624.784158359,4539369.65412214,673724.784158359,4539269.65412214,29,42,Merdivenköy Mahallesi,MERDIVENKOY,30620,0,0,2,1,0,0,0,6,29.064578784494,40.9865760031949,0,0,0,176,163,0.1633836463794994,176.3157671799292
2281,3198,673824.784158359,4539369.65412214,673924.784158359,4539269.65412214,29,44,Merdivenköy Mahallesi,MERDIVENKOY,30620,0,0,1,1,0,0,0,9,29.066954830841,40.9865334078874,0,0,0,176,160,0.1184506229220531,169.47604983376425
2282,3125,673724.784158359,4539469.65412214,673824.784158359,4539369.65412214,28,43,Merdivenköy Mahallesi,MERDIVENKOY,30620,0,0,1,2,0,0,0,7,29.0657949149184,40.9874549508829,0,1,0,176,160,0.1249305165052785,169.99444132042228
2283,3053,673624.784158359,4539469.65412214,673724.784158359,4539369.65412214,28,42,Merdivenköy Mahallesi,MERDIVENKOY,30620,0,0,2,1,0,0,0,8,29.0646068749725,40.987476243091,0,1,0,176,204,0.1657153313068391,220.9029637932976
2284,3197,673824.784158359,4539469.65412214,673924.784158359,4539369.65412214,28,44,Merdivenköy Mahallesi,MERDIVENKOY,30620,0,0,1,3,0,0,0,9,29.0669829535916,40.9874336464406,0,1,0,176,181,0.1330673039270484,193.0425910053979
2285,3196,673824.784158359,4539569.65412214,673924.784158359,4539469.65412214,27,44,Merdivenköy Mahallesi,MERDIVENKOY,30620,0,0,1,3,0,0,0,6,29.0670110776157,40.9883338848368,0,1,0,176,204,0.1297580884696212,217.23532502390137
2286,3124,673724.784158359,4539569.65412214,673824.784158359,4539469.65412214,27,43,Merdivenköy Mahallesi,MERDIVENKOY,30620,0,0,1,3,0,0,0,7,29.0658230228057,40.9883551899509,0,1,0,176,219,0.1309969872373483,233.34417010248964
2287,3052,673624.784158359,4539569.65412214,673724.784158359,4539469.65412214,27,42,Merdivenköy Mahallesi,MERDIVENKOY,30620,0,1,2,1,0,0,0,6,29.0646349667229,40.9883764828301,0,1,0,176,226,0.1779608633397069,246.1095775573869
2288,3051,673624.784158359,4539669.65412214,673724.784158359,4539569.65412214,26,42,Merdivenköy Mahallesi,MERDIVENKOY,30620,0,1,1,1,0,0,0,6,29.0646630597455,40.9892767224124,0,1,0,176,202,0.1297186244248334,215.10158106690815
2289,3123,673724.784158359,4539669.65412214,673824.784158359,4539569.65412214,26,43,Merdivenköy Mahallesi,MERDIVENKOY,30620,0,0,0,3,0,0,0,6,29.0658511319659,40.9892554288618,0,1,1,176,219,0.0472874363245703,224.17797427754047
2290,3195,673824.784158359,4539669.65412214,673924.784158359,4539569.65412214,26,44,Merdivenköy Mahallesi,MERDIVENKOY,30620,0,0,0,3,0,0,0,4,29.0670392029134,40.9892341230761,0,1,0,176,169,0.0441656607545619,172.73199833376052
2291,3122,673724.784158359,4539769.65412214,673824.784158359,4539669.65412214,25,43,Merdivenköy Mahallesi,MERDIVENKOY,30620,0,0,0,2,0,0,0,6,29.065879242399,40.9901556676158,0,1,0,176,125,0.0412209655925005,127.5763103495313
2293,3194,673824.784158359,4539769.65412214,673924.784158359,4539669.65412214,25,44,Merdivenköy Mahallesi,MERDIVENKOY,30620,0,0,0,2,0,0,0,3,29.0670673294847,40.9901343611584,0,2,0,176,219,0.036028873332792,222.94516162994077
2294,3130,673724.784158359,4538969.65412214,673824.784158359,4538869.65412214,33,43,Merdivenköy Mahallesi,MERDIVENKOY,30620,10,2,0,2,0,1,0,4,29.0656543945722,40.9829537531893,0,1,0,176,225,0.1865855816811487,245.9908779391292
2295,3275,673924.784158359,4538869.65412214,674024.784158359,4538769.65412214,34,45,Merdivenköy Mahallesi,MERDIVENKOY,30620,10,4,1,3,0,1,0,3,29.0680021767829,40.9820109001221,0,0,0,176,189,0.2837952952269384,215.81865539894568
2296,3274,673924.784158359,4538969.65412214,674024.784158359,4538869.65412214,33,45,Merdivenköy Mahallesi,MERDIVENKOY,30620,9,2,1,3,0,0,0,4,29.0680303092993,40.9829111387881,0,0,0,176,225,0.2023625565335604,247.7657876100256
2297,3273,673924.784158359,4539069.65412214,674024.784158359,4538969.65412214,32,45,Merdivenköy Mahallesi,MERDIVENKOY,30620,9,1,0,0,0,0,0,7,29.0680584430896,40.9838113772972,0,0,0,176,228,0.0864920914296565,237.86009842298083
2298,3272,673924.784158359,4539169.65412214,674024.784158359,4539069.65412214,31,45,Merdivenköy Mahallesi,MERDIVENKOY,30620,0,1,1,0,0,0,0,5,29.0680865781539,40.9847116156494,0,0,0,176,226,0.1136717397536537,238.84490659216289
2299,3271,673924.784158359,4539269.65412214,674024.784158359,4539169.65412214,30,45,Merdivenköy Mahallesi,MERDIVENKOY,30620,0,0,1,1,0,0,0,7,29.0681147144922,40.9856118538445,0,0,0,176,213,0.116380306232353,225.3945026137456
2300,3270,673924.784158359,4539369.65412214,674024.784158359,4539269.65412214,29,45,Merdivenköy Mahallesi,MERDIVENKOY,30620,0,0,1,3,0,0,0,7,29.0681428521047,40.9865120918827,0,0,0,176,211,0.1309969872373483,224.82018215354023
2301,3269,673924.784158359,4539469.65412214,674024.784158359,4539369.65412214,28,45,Merdivenköy Mahallesi,MERDIVENKOY,30620,0,0,1,3,0,0,0,7,29.0681709909913,40.9874123297639,0,1,0,176,222,0.1309969872373483,236.54066558334569
2302,3268,673924.784158359,4539569.65412214,674024.784158359,4539469.65412214,27,45,Merdivenköy Mahallesi,MERDIVENKOY,30620,0,0,0,3,0,0,0,7,29.0681991311521,40.9883125674881,0,1,0,176,222,0.0485263350922975,227.38642319524504
2303,3267,673924.784158359,4539669.65412214,674024.784158359,4539569.65412214,26,45,Merdivenköy Mahallesi,MERDIVENKOY,30620,0,0,0,2,0,0,0,4,29.0682272725873,40.9892128050553,0,1,0,176,118,0.0380991900224921,120.24785221132704
2304,3266,673924.784158359,4539769.65412214,674024.784158359,4539669.65412214,25,45,Merdivenköy Mahallesi,MERDIVENKOY,30620,0,0,0,2,0,0,0,0,29.0682554152968,40.9901130424655,0,2,0,176,219,0.0231668912779208,221.5367745949323
2305,3347,674024.784158359,4538869.65412214,674124.784158359,4538769.65412214,34,46,Merdivenköy Mahallesi,MERDIVENKOY,30620,9,1,1,3,0,1,0,4,29.0691901161036,40.9819895752452,0,0,0,176,148,0.2644174174751264,167.56688889315936
2306,3346,674024.784158359,4538969.65412214,674124.784158359,4538869.65412214,33,46,Merdivenköy Mahallesi,MERDIVENKOY,30620,9,1,1,3,0,1,0,4,29.0692182647523,40.982889813239,0,0,0,176,211,0.2644174174751264,238.89603754362585
2307,3345,674024.784158359,4539069.65412214,674124.784158359,4538969.65412214,32,46,Merdivenköy Mahallesi,MERDIVENKOY,30620,9,0,1,2,0,0,0,6,29.0692464146757,40.9837900510757,0,0,0,176,220,0.1763135191246935,239.39448710371627
2308,3344,674024.784158359,4539169.65412214,674124.784158359,4539069.65412214,31,46,Merdivenköy Mahallesi,MERDIVENKOY,30620,0,0,0,0,0,0,0,6,29.0692745658737,40.9846902887555,0,0,0,176,225,0.0180540743145796,227.0310833603902
2309,3343,674024.784158359,4539269.65412214,674124.784158359,4539169.65412214,30,46,Merdivenköy Mahallesi,MERDIVENKOY,30620,0,1,0,0,0,0,0,4,29.0693027183465,40.9855905262783,0,0,0,176,223,0.0295095157047788,226.29031100108284
2310,3342,674024.784158359,4539369.65412214,674124.784158359,4539269.65412214,29,46,Merdivenköy Mahallesi,MERDIVENKOY,30620,0,1,0,1,0,0,0,5,29.0693308720942,40.9864907636441,0,0,0,176,226,0.0458177686135981,231.17740785333655
2311,3341,674024.784158359,4539469.65412214,674124.784158359,4539369.65412214,28,46,Merdivenköy Mahallesi,MERDIVENKOY,30620,0,1,0,2,0,0,0,6,29.0693590271167,40.9873910008528,0,0,0,176,223,0.055798182552708,229.22149735462693
2312,3340,674024.784158359,4539569.65412214,674124.784158359,4539469.65412214,27,46,Merdivenköy Mahallesi,MERDIVENKOY,30620,0,0,0,2,0,0,0,6,29.0693871834142,40.9882912379046,0,0,0,176,207,0.0412209655925005,211.26636993882383
2313,3339,674024.784158359,4539669.65412214,674124.784158359,4539569.65412214,26,46,Merdivenköy Mahallesi,MERDIVENKOY,30620,0,0,0,2,0,0,0,0,29.0694153409868,40.9891914747994,0,1,0,176,77,0.0231668912779208,77.89192531419994
2314,3338,674024.784158359,4539769.65412214,674124.784158359,4539669.65412214,25,46,Merdivenköy Mahallesi,MERDIVENKOY,30620,0,0,0,2,0,0,0,0,29.0694434998344,40.9900917115372,0,0,0,176,172,0.0231668912779208,173.99235264990116
2315,3419,674124.784158359,4538869.65412214,674224.784158359,4538769.65412214,34,47,Merdivenköy Mahallesi,MERDIVENKOY,30620,9,2,1,3,0,1,0,4,29.0703780541498,40.9819682381365,0,0,0,176,232,0.2729445427617242,263.66156696036
2316,3418,674124.784158359,4538969.65412214,674224.784158359,4538869.65412214,33,47,Merdivenköy Mahallesi,MERDIVENKOY,30620,9,0,1,3,0,1,0,4,29.0704062189308,40.9828684754575,0,0,0,176,231,0.2498402005149189,259.8565431594731
2317,3417,674124.784158359,4539069.65412214,674224.784158359,4538969.65412214,32,47,Merdivenköy Mahallesi,MERDIVENKOY,30620,5,0,1,2,0,0,0,5,29.070434384987,40.9837687126215,0,0,0,176,222,0.1632092124333364,240.1162225801004
2318,3416,674124.784158359,4539169.65412214,674224.784158359,4539069.65412214,31,47,Merdivenköy Mahallesi,MERDIVENKOY,30620,0,1,1,0,0,0,0,4,29.0704625523188,40.9846689496286,0,0,0,176,226,0.1119801678498297,238.65375896703077
2319,3415,674124.784158359,4539269.65412214,674224.784158359,4539169.65412214,30,47,Merdivenköy Mahallesi,MERDIVENKOY,30620,0,1,0,0,0,0,0,4,29.070490720926,40.9855691864786,0,0,0,176,219,0.0295095157047788,222.2312919696733
2320,3414,674124.784158359,4539369.65412214,674224.784158359,4539269.65412214,29,47,Merdivenköy Mahallesi,MERDIVENKOY,30620,0,1,0,1,0,0,0,5,29.0705188908088,40.9864694231716,0,0,0,176,219,0.0458177686135981,224.01704566318895
2321,3413,674124.784158359,4539469.65412214,674224.784158359,4539369.65412214,28,47,Merdivenköy Mahallesi,MERDIVENKOY,30620,0,1,0,3,0,0,0,4,29.0705470619672,40.9873696597076,0,0,0,176,148,0.0587428777147695,152.34697295089293
2322,3412,674124.784158359,4539569.65412214,674224.784158359,4539469.65412214,27,47,Merdivenköy Mahallesi,MERDIVENKOY,30620,0,1,0,3,0,0,0,5,29.0705752344013,40.9882698960865,0,0,0,176,172,0.0604344496185935,177.19736266719903
2324,3410,674124.784158359,4539769.65412214,674224.784158359,4539669.65412214,25,47,Merdivenköy Mahallesi,MERDIVENKOY,30620,0,0,0,2,0,0,0,2,29.0706315830968,40.9900703683734,0,0,0,176,79,0.0333597708988805,80.31771095050578
2325,3479,674224.784158359,4540069.65412214,674324.784158359,4539969.65412214,22,48,Merdivenköy Mahallesi,MERDIVENKOY,30620,0,0,0,0,0,0,0,3,29.0718519074051,40.9926877131159,0,0,0,176,26,0.0128619820548712,26.167205766713327
2326,3485,674224.784158359,4539469.65412214,674324.784158359,4539369.65412214,28,48,Merdivenköy Mahallesi,MERDIVENKOY,30620,0,1,0,1,0,0,0,8,29.0717350955419,40.9873483063281,0,0,0,176,195,0.0495796572071222,199.8340165776944
2327,3481,674224.784158359,4539869.65412214,674324.784158359,4539769.65412214,24,48,Merdivenköy Mahallesi,MERDIVENKOY,30620,0,0,0,1,0,0,0,3,29.0718478574837,40.9909492482089,0,0,0,176,16,0.0274786630598665,16.21982930447893
2328,3482,674224.784158359,4539769.65412214,674324.784158359,4539669.65412214,25,48,Merdivenköy Mahallesi,MERDIVENKOY,30620,0,0,0,2,0,0,0,4,29.0718196650834,40.9900490129743,0,0,0,176,4,0.0380991900224921,4.076198380044985
2329,3483,674224.784158359,4539669.65412214,674324.784158359,4539569.65412214,26,48,Merdivenköy Mahallesi,MERDIVENKOY,30620,0,1,0,4,0,0,0,4,29.0717914739597,40.9891487775826,0,0,0,176,2,0.0634483979842839,2.063448397984284
2330,3484,674224.784158359,4539569.65412214,674324.784158359,4539469.65412214,27,48,Merdivenköy Mahallesi,MERDIVENKOY,30620,0,1,0,3,0,0,0,2,29.0717632841126,40.9882485420339,0,0,0,176,122,0.0540034585911578,125.29421097406062
2331,3480,674224.784158359,4539969.65412214,674324.784158359,4539869.65412214,23,48,Merdivenköy Mahallesi,MERDIVENKOY,30620,0,0,0,0,0,0,0,3,29.0718760511607,40.9918494832866,0,0,0,176,16,0.0128619820548712,16.10289585643897
2332,3486,674224.784158359,4539369.65412214,674324.784158359,4539269.65412214,29,48,Merdivenköy Mahallesi,MERDIVENKOY,30620,0,1,0,1,0,0,0,8,29.0717069082477,40.9864480704653,0,0,0,176,216,0.0495796572071222,221.3546029783692
2333,3487,674224.784158359,4539269.65412214,674324.784158359,4539169.65412214,30,48,Merdivenköy Mahallesi,MERDIVENKOY,30620,0,1,0,1,0,0,0,6,29.0716787222299,40.9855478344454,0,0,0,176,217,0.0472479722797825,222.1264049923564
2334,3488,674224.784158359,4539169.65412214,674324.784158359,4539069.65412214,31,48,Merdivenköy Mahallesi,MERDIVENKOY,30620,0,1,1,0,0,0,0,4,29.0716505374883,40.9846475982686,0,0,0,176,220,0.1119801678498297,232.31781846348125
2335,3489,674224.784158359,4539069.65412214,674324.784158359,4538969.65412214,32,48,Merdivenköy Mahallesi,MERDIVENKOY,30620,0,0,1,2,0,0,0,2,29.071622354023,40.9837473619347,0,0,0,176,220,0.1158304230439313,232.74134653483245
2336,3490,674224.784158359,4538969.65412214,674324.784158359,4538869.65412214,33,48,Merdivenköy Mahallesi,MERDIVENKOY,30620,3,1,1,3,0,1,0,3,29.0715941718338,40.9828471254437,0,0,0,176,231,0.2414067408910879,258.88247857292066
2337,3491,674224.784158359,4538869.65412214,674324.784158359,4538769.65412214,34,48,Merdivenköy Mahallesi,MERDIVENKOY,30620,9,1,1,3,0,1,0,4,29.0715659909208,40.9819468887958,0,0,0,176,229,0.2644174174751264,259.275794300902
2338,3492,674224.784158359,4538769.65412214,674324.784158359,4538669.65412214,35,48,Merdivenköy Mahallesi,MERDIVENKOY,30620,9,1,1,3,0,1,0,4,29.0715378112837,40.9810466519908,0,0,0,176,228,0.2644174174751264,258.1435855921644
2339,3551,674324.784158359,4540069.65412214,674424.784158359,4539969.65412214,22,49,Merdivenköy Mahallesi,MERDIVENKOY,30620,0,0,0,0,0,0,0,3,29.0729634902405,40.9924738462138,0,0,0,176,11,0.0128619820548712,11.070740901301791
2340,3557,674324.784158359,4539469.65412214,674424.784158359,4539369.65412214,28,49,Merdivenköy Mahallesi,MERDIVENKOY,30620,0,1,0,2,0,0,0,5,29.0729231278403,40.9873269407144,0,0,0,176,146,0.0543679788865236,149.96886245871622
2341,3553,674324.784158359,4539869.65412214,674424.784158359,4539769.65412214,24,49,Merdivenköy Mahallesi,MERDIVENKOY,30620,0,0,0,1,0,0,0,3,29.0730359543323,40.9909278799009,0,0,0,176,8,0.0274786630598665,8.109914652239466
2342,3554,674324.784158359,4539769.65412214,674424.784158359,4539669.65412214,25,49,Merdivenköy Mahallesi,MERDIVENKOY,30620,0,0,0,2,0,0,0,4,29.0730077457933,40.9900276453398,0,0,0,176,7,0.0380991900224921,7.133347165078723
2343,3555,674324.784158359,4539669.65412214,674424.784158359,4539569.65412214,26,49,Merdivenköy Mahallesi,MERDIVENKOY,30620,0,1,0,2,0,0,0,4,29.0729795385317,40.9891274106218,0,0,0,176,7,0.0526764069826996,7.184367424439448
2344,3556,674324.784158359,4539569.65412214,674424.784158359,4539469.65412214,27,49,Merdivenköy Mahallesi,MERDIVENKOY,30620,0,1,0,2,0,0,0,5,29.0729513325474,40.9882271757466,0,0,0,176,83,0.0543679788865236,85.25627112379073
2345,3552,674324.784158359,4539969.65412214,674424.784158359,4539869.65412214,23,49,Merdivenköy Mahallesi,MERDIVENKOY,30620,0,0,0,1,0,0,0,3,29.0730641641487,40.9918281143048,0,0,0,176,8,0.0274786630598665,8.109914652239466
2346,3558,674324.784158359,4539369.65412214,674424.784158359,4539269.65412214,29,49,Merdivenköy Mahallesi,MERDIVENKOY,30620,0,1,0,1,0,0,0,6,29.0728949244103,40.9864267055252,0,0,0,176,208,0.0472479722797825,212.9137891170974
2347,3559,674324.784158359,4539269.65412214,674424.784158359,4539169.65412214,30,49,Merdivenköy Mahallesi,MERDIVENKOY,30620,0,1,0,1,0,0,0,6,29.0728667222575,40.9855264701789,0,0,0,176,217,0.0472479722797825,222.1264049923564
2348,3560,674324.784158359,4539169.65412214,674424.784158359,4539069.65412214,31,49,Merdivenköy Mahallesi,MERDIVENKOY,30620,0,1,1,0,0,0,0,5,29.0728385213816,40.9846262346755,0,0,0,176,220,0.1136717397536537,232.50389137290188
2349,3561,674324.784158359,4539069.65412214,674424.784158359,4538969.65412214,32,49,Merdivenköy Mahallesi,MERDIVENKOY,30620,0,0,1,1,0,0,0,2,29.0728103217828,40.9837259990152,0,0,0,176,225,0.1072802127710058,237.06902393673815
2350,3562,674324.784158359,4538969.65412214,674424.784158359,4538869.65412214,33,49,Merdivenköy Mahallesi,MERDIVENKOY,30620,0,1,1,2,0,1,0,2,29.0727821234608,40.9828257631977,0,0,0,176,231,0.2009896262323028,254.21430182983096
2351,3563,674324.784158359,4538869.65412214,674424.784158359,4538769.65412214,34,49,Merdivenköy Mahallesi,MERDIVENKOY,30620,0,1,1,3,0,1,0,5,29.0727539264156,40.9819255272232,0,0,0,176,223,0.2134870879918082,246.80381031108664
2352,3564,674324.784158359,4538769.65412214,674424.784158359,4538669.65412214,35,49,Merdivenköy Mahallesi,MERDIVENKOY,30620,0,2,1,4,0,1,0,6,29.0727257306472,40.9810252910917,0,0,0,176,234,0.2281499372141049,260.6935426540503
2353,3623,674424.784158359,4540069.65412214,674524.784158359,4539969.65412214,22,50,Merdivenköy Mahallesi,MERDIVENKOY,30620,0,0,0,0,0,0,0,3,29.0738007097493,40.9923100331713,1,0,0,176,11,0.0128619820548712,11.070740901301791
2354,3624,674424.784158359,4539969.65412214,674524.784158359,4539869.65412214,23,50,Merdivenköy Mahallesi,MERDIVENKOY,30620,0,0,0,1,0,0,0,3,29.0742118289186,40.9917646913159,0,0,0,176,10,0.0274786630598665,10.137393315299333
2355,3629,674424.784158359,4539469.65412214,674524.784158359,4539369.65412214,28,50,Merdivenköy Mahallesi,MERDIVENKOY,30620,0,1,0,3,0,0,0,6,29.0741111588615,40.9873055628666,0,0,0,176,157,0.0618646532847778,161.85637528285503
2356,3626,674424.784158359,4539769.65412214,674524.784158359,4539669.65412214,25,50,Merdivenköy Mahallesi,MERDIVENKOY,30620,4,1,1,2,0,0,0,4,29.0741958252259,40.9900062654701,0,0,0,176,25,0.1719281897684908,27.14910237210614
2357,3627,674424.784158359,4539669.65412214,674524.784158359,4539569.65412214,26,50,Merdivenköy Mahallesi,MERDIVENKOY,30620,0,0,1,2,0,0,0,6,29.0741676018264,40.989106031426,0,0,0,176,38,0.1236916177375513,40.35014073701348
2358,3628,674424.784158359,4539569.65412214,674524.784158359,4539469.65412214,27,50,Merdivenköy Mahallesi,MERDIVENKOY,30620,0,1,0,3,0,0,0,5,29.074139379705,40.9882057972249,0,0,0,176,88,0.0604344496185935,90.65911578321813
2359,3625,674424.784158359,4539869.65412214,674524.784158359,4539769.65412214,24,50,Merdivenköy Mahallesi,MERDIVENKOY,30620,4,1,1,1,0,0,0,3,29.0742240499034,40.9909064993571,0,0,0,176,25,0.1613076628058652,27.01634578507332
2360,3630,674424.784158359,4539369.65412214,674524.784158359,4539269.65412214,29,50,Merdivenköy Mahallesi,MERDIVENKOY,30620,0,1,0,2,0,0,0,7,29.0740829392958,40.9864053283513,0,0,0,176,205,0.0570370813204352,210.8463008353446
2361,3631,674424.784158359,4539269.65412214,674524.784158359,4539169.65412214,30,50,Merdivenköy Mahallesi,MERDIVENKOY,30620,0,1,0,2,0,0,0,7,29.074054721008,40.985505093679,0,0,0,176,223,0.0570370813204352,229.3596345672285
2362,3632,674424.784158359,4539169.65412214,674524.784158359,4539069.65412214,31,50,Merdivenköy Mahallesi,MERDIVENKOY,30620,0,1,0,1,0,0,0,5,29.074026503998,40.9846048588496,0,0,0,176,228,0.0458177686135981,233.22322562195015
2363,3633,674424.784158359,4539069.65412214,674524.784158359,4538969.65412214,32,50,Merdivenköy Mahallesi,MERDIVENKOY,30620,0,0,1,0,0,0,0,4,29.0739982882656,40.983704623863,0,0,0,176,229,0.0974029508896221,240.15263787686175
2364,3634,674424.784158359,4538969.65412214,674524.784158359,4538869.65412214,33,50,Merdivenköy Mahallesi,MERDIVENKOY,30620,0,1,1,1,0,0,0,3,29.0739700738109,40.9828043887195,0,0,0,176,232,0.1245265321651249,246.44507773115447
2365,3635,674424.784158359,4538869.65412214,674524.784158359,4538769.65412214,34,50,Merdivenköy Mahallesi,MERDIVENKOY,30620,0,2,1,3,0,1,0,4,29.0739418606337,40.9819041534189,0,0,0,176,228,0.2203226413745821,253.1167811167024
2366,3636,674424.784158359,4538769.65412214,674524.784158359,4538669.65412214,35,50,Merdivenköy Mahallesi,MERDIVENKOY,30620,0,2,1,3,0,1,0,4,29.073913648734,40.9810039179612,0,0,0,176,235,0.2203226413745821,260.88791036151343
2367,3696,674524.784158359,4539969.65412214,674624.784158359,4539869.65412214,23,51,Merdivenköy Mahallesi,MERDIVENKOY,30620,4,1,1,1,0,0,0,2,29.0753304721093,40.9915580993852,0,0,0,176,50,0.1586385603719537,53.96596400929884
2368,3702,674524.784158359,4539369.65412214,674624.784158359,4539269.65412214,29,51,Merdivenköy Mahallesi,MERDIVENKOY,30620,0,1,0,2,0,0,0,7,29.0752709529035,40.9863839389438,0,0,0,176,219,0.0570370813204352,225.24556040458765
2369,3698,674524.784158359,4539769.65412214,674624.784158359,4539669.65412214,25,51,Merdivenköy Mahallesi,MERDIVENKOY,30620,4,1,1,1,0,0,0,4,29.0753839033804,40.9899848733651,0,0,0,176,142,0.1633779794955653,153.59983654418514
2370,3699,674524.784158359,4539669.65412214,674624.784158359,4539569.65412214,26,51,Merdivenköy Mahallesi,MERDIVENKOY,30620,4,1,1,2,0,0,0,5,29.0753556638431,40.9890846399954,0,0,0,176,130,0.1736197616723148,141.28528450870047
2371,3700,674524.784158359,4539569.65412214,674624.784158359,4539469.65412214,27,51,Merdivenköy Mahallesi,MERDIVENKOY,30620,0,0,1,3,0,0,0,5,29.0753274255846,40.9881844064686,0,0,0,176,208,0.1283278848034368,221.34610001955744
2372,3701,674524.784158359,4539469.65412214,674624.784158359,4539369.65412214,28,51,Merdivenköy Mahallesi,MERDIVENKOY,30620,0,1,0,3,0,0,0,7,29.0752991886048,40.9872841727847,0,0,0,176,217,0.063103552052505,223.8467353976968
2373,3697,674524.784158359,4539869.65412214,674624.784158359,4539769.65412214,24,51,Merdivenköy Mahallesi,MERDIVENKOY,30620,4,1,1,1,0,0,0,3,29.0754121441965,40.9908851065777,0,0,0,176,142,0.1613076628058652,153.45284405921643
2374,3703,674524.784158359,4539269.65412214,674624.784158359,4539169.65412214,30,51,Merdivenköy Mahallesi,MERDIVENKOY,30620,0,1,0,2,0,0,0,7,29.0752427184809,40.9854837049457,0,0,0,176,220,0.0570370813204352,226.27407894524785
2375,3704,674524.784158359,4539169.65412214,674624.784158359,4539069.65412214,31,51,Merdivenköy Mahallesi,MERDIVENKOY,30620,0,0,0,1,0,0,0,7,29.0752144853367,40.9845834707906,0,0,0,176,225,0.0339096540873022,228.81483608482148
2376,3705,674524.784158359,4539069.65412214,674624.784158359,4538969.65412214,32,51,Merdivenköy Mahallesi,MERDIVENKOY,30620,0,0,0,0,0,0,0,5,29.0751862534709,40.9836832364784,0,0,0,176,229,0.0166238706483953,230.90343318924124
2377,3706,674524.784158359,4538969.65412214,674624.784158359,4538869.65412214,33,51,Merdivenköy Mahallesi,MERDIVENKOY,30620,0,0,0,0,0,0,0,4,29.0751580228835,40.9827830020091,0,0,0,176,234,0.0149322987445713,235.7470789531148
2378,3707,674524.784158359,4538869.65412214,674624.784158359,4538769.65412214,34,51,Merdivenköy Mahallesi,MERDIVENKOY,30620,0,2,0,1,0,0,0,3,29.0751297935744,40.9818827673827,0,0,0,176,232,0.0505830053066719,237.86762861557395
2379,3708,674524.784158359,4538769.65412214,674624.784158359,4538669.65412214,35,51,Merdivenköy Mahallesi,MERDIVENKOY,30620,0,2,0,1,0,0,0,3,29.0751015655434,40.9809825325992,0,0,0,176,238,0.0505830053066719,244.019377631494
2380,3768,674624.784158359,4539969.65412214,674724.784158359,4539869.65412214,23,52,Merdivenköy Mahallesi,MERDIVENKOY,30620,4,1,1,1,0,0,0,3,29.0762046339094,40.9913860148015,1,0,0,176,71,0.1613076628058652,76.72642202960822
2381,3769,674624.784158359,4539869.65412214,674724.784158359,4539769.65412214,24,52,Merdivenköy Mahallesi,MERDIVENKOY,30620,4,1,1,1,1,0,0,2,29.0765715709422,40.9908368383936,0,0,0,176,158,0.4809365970546577,195.993991167318
2382,3771,674624.784158359,4539669.65412214,674724.784158359,4539569.65412214,26,52,Merdivenköy Mahallesi,MERDIVENKOY,30620,4,1,1,2,1,0,0,2,29.0765437245811,40.9890632363299,0,0,0,176,161,0.4894868073275832,200.4036879898705
2383,3772,674624.784158359,4539569.65412214,674724.784158359,4539469.65412214,27,52,Merdivenköy Mahallesi,MERDIVENKOY,30620,4,1,1,3,1,0,0,5,29.0765154701856,40.9881630034779,0,0,0,176,220,0.5019842690870887,275.2182695995798
2384,3770,674624.784158359,4539769.65412214,674724.784158359,4539669.65412214,25,52,Merdivenköy Mahallesi,MERDIVENKOY,30620,4,1,1,1,1,0,0,1,29.0765719802561,40.9899634690248,0,0,0,176,158,0.4771747084611336,195.69680196842955
2385,3778,674624.784158359,4538969.65412214,674724.784158359,4538869.65412214,33,52,Merdivenköy Mahallesi,MERDIVENKOY,30620,0,0,0,1,0,0,0,6,29.0763459706778,40.9827616030665,0,0,0,176,172,0.032670755319575,174.80968495748343
2386,3779,674624.784158359,4538869.65412214,674724.784158359,4538769.65412214,34,52,Merdivenköy Mahallesi,MERDIVENKOY,30620,0,2,0,2,0,0,0,4,29.0763177252368,40.9818613691148,0,0,0,176,178,0.0612035322692975,183.44711437196747
2387,3780,674624.784158359,4538769.65412214,674724.784158359,4538669.65412214,35,52,Merdivenköy Mahallesi,MERDIVENKOY,30620,0,3,0,2,0,0,0,4,29.0762894810747,40.9809611350059,0,0,0,176,229,0.0672536239429072,236.7005399414629
2388,3841,674724.784158359,4539869.65412214,674824.784158359,4539769.65412214,24,53,Merdivenköy Mahallesi,MERDIVENKOY,30620,4,1,1,0,1,0,0,1,29.0776916764154,40.9906408942601,0,0,0,176,133,0.4625580274561383,163.7601088258332
2389,3842,674724.784158359,4539769.65412214,674824.784158359,4539669.65412214,25,53,Merdivenköy Mahallesi,MERDIVENKOY,30620,4,1,1,0,1,0,0,1,29.0777600558522,40.9899420524494,0,0,0,176,133,0.4625580274561383,163.7601088258332
2390,3844,674724.784158359,4539569.65412214,674824.784158359,4539469.65412214,27,53,Merdivenköy Mahallesi,MERDIVENKOY,30620,4,1,1,1,1,0,0,2,29.0777035135071,40.9881415882528,0,0,0,176,220,0.4809365970546577,272.9030256760124
2391,3843,674724.784158359,4539669.65412214,674824.784158359,4539569.65412214,26,53,Merdivenköy Mahallesi,MERDIVENKOY,30620,4,1,1,0,1,0,0,1,29.0777317840396,40.9890418204296,0,0,0,176,190,0.4625580274561383,233.94301260833316
2392,3913,674824.784158359,4539869.65412214,674924.784158359,4539769.65412214,24,54,Merdivenköy Mahallesi,MERDIVENKOY,30620,4,1,1,0,1,0,0,1,29.0786071821239,40.9904610146626,1,0,0,176,98,0.4625580274561383,120.66534334535078
2393,3914,674824.784158359,4539769.65412214,674924.784158359,4539669.65412214,25,54,Merdivenköy Mahallesi,MERDIVENKOY,30620,4,1,1,0,1,0,0,1,29.0789304528156,40.9899053627041,0,0,0,176,98,0.4625580274561383,120.66534334535078
2394,2209,672424.784158359,4537469.65412214,672524.784158359,4537369.65412214,48,30,Caddebostan Mahallesi,CADDEBOSTAN,20209,0,2,0,0,0,0,0,2,29.0497925997539,40.9697258070981,0,0,0,185,48,0.033297221867765,48.79913332482637
2395,2210,672424.784158359,4537369.65412214,672524.784158359,4537269.65412214,49,30,Caddebostan Mahallesi,CADDEBOSTAN,20209,0,1,0,0,0,0,0,0,29.0498669015376,40.96900133502,0,0,0,185,17,0.0145772169602075,17.123906344161764
2396,2281,672524.784158359,4537469.65412214,672624.784158359,4537369.65412214,48,31,Caddebostan Mahallesi,CADDEBOSTAN,20209,0,2,1,0,0,0,0,3,29.0509803323166,40.9697046750347,0,0,0,185,85,0.1184369764467275,90.03357149898592
2397,2280,672524.784158359,4537569.65412214,672624.784158359,4537469.65412214,47,31,Caddebostan Mahallesi,CADDEBOSTAN,20209,0,2,1,0,0,0,0,2,29.0510082212892,40.9706049252667,0,0,0,185,130,0.1157678740128159,137.52491181083303
2398,2282,672524.784158359,4537369.65412214,672624.784158359,4537269.65412214,49,31,Caddebostan Mahallesi,CADDEBOSTAN,20209,0,2,1,0,0,0,0,2,29.0509658111269,40.968815511029,0,0,0,185,49,0.1157678740128159,51.83631291331399
2399,2355,672624.784158359,4537269.65412214,672724.784158359,4537169.65412214,50,32,Caddebostan Mahallesi,CADDEBOSTAN,20209,0,1,1,1,0,0,0,2,29.0521207956004,40.9681022617484,0,0,0,185,67,0.1218574297312134,71.08222389599565
2400,2354,672624.784158359,4537369.65412214,672724.784158359,4537269.65412214,49,32,Caddebostan Mahallesi,CADDEBOSTAN,20209,0,2,1,2,0,0,0,2,29.0521401597844,40.968783281022,0,0,0,185,67,0.1389347652907367,71.65431463723968
2401,2353,672624.784158359,4537469.65412214,672724.784158359,4537369.65412214,48,32,Caddebostan Mahallesi,CADDEBOSTAN,20209,0,2,1,2,0,0,0,2,29.0521680636166,40.969683530744,0,0,0,185,103,0.1389347652907367,110.15514041247296
2402,2352,672624.784158359,4537569.65412214,672724.784158359,4537469.65412214,47,32,Caddebostan Mahallesi,CADDEBOSTAN,20209,0,2,1,0,0,0,0,3,29.0521959687122,40.9705837803094,0,0,0,185,112,0.1184369764467275,118.63247068101674
2403,2351,672624.784158359,4537669.65412214,672724.784158359,4537569.65412214,46,32,Caddebostan Mahallesi,CADDEBOSTAN,20209,0,2,1,0,0,0,0,2,29.0522238750713,40.971484029718,0,0,0,185,144,0.1157678740128159,152.33528692892276
2404,2427,672724.784158359,4537269.65412214,672824.784158359,4537169.65412214,50,33,Caddebostan Mahallesi,CADDEBOSTAN,20209,0,1,1,2,0,0,0,3,29.0533484797569,40.96790477608,0,0,0,185,24,0.1330767424380504,25.596920909256607
2405,2426,672724.784158359,4537369.65412214,672824.784158359,4537269.65412214,49,33,Caddebostan Mahallesi,CADDEBOSTAN,20209,0,2,1,2,0,0,0,2,29.0533278736987,40.9687621251714,0,0,0,185,114,0.1389347652907367,121.919281621572
2406,2425,672724.784158359,4537469.65412214,672824.784158359,4537369.65412214,48,33,Caddebostan Mahallesi,CADDEBOSTAN,20209,0,2,1,2,0,0,0,2,29.0533557936531,40.9696623742264,0,0,0,185,129,0.1389347652907367,137.96129236125253
2407,2424,672724.784158359,4537569.65412214,672824.784158359,4537469.65412214,47,33,Caddebostan Mahallesi,CADDEBOSTAN,20209,0,2,1,2,0,0,0,3,29.0533837148716,40.9705626231247,0,0,0,185,133,0.1416038677246483,142.4166572036891
2408,2428,672724.784158359,4537169.65412214,672824.784158359,4537069.65412214,51,33,Caddebostan Mahallesi,CADDEBOSTAN,20209,0,0,1,2,0,0,0,3,29.0537254519467,40.9672661869448,1,0,0,185,63,0.1184995254778429,66.73273505255206
2409,2429,672724.784158359,4537069.65412214,672824.784158359,4536969.65412214,52,33,Caddebostan Mahallesi,CADDEBOSTAN,20209,0,0,0,1,0,0,0,2,29.0536332891505,40.9663181193794,1,0,0,185,103,0.024809560625955,104.27769237223669
2410,2502,672824.784158359,4536969.65412214,672924.784158359,4536869.65412214,53,34,Caddebostan Mahallesi,CADDEBOSTAN,20209,0,0,0,0,0,0,0,1,29.0548710433656,40.9654384073479,1,0,0,185,17,0.0064309910274356,17.054663423733203
2411,2501,672824.784158359,4537069.65412214,672924.784158359,4536969.65412214,52,34,Caddebostan Mahallesi,CADDEBOSTAN,20209,0,0,0,1,0,0,0,2,29.0545637711843,40.9661145901282,0,0,0,185,103,0.024809560625955,104.27769237223669
2412,2500,672824.784158359,4537169.65412214,672924.784158359,4537069.65412214,51,34,Caddebostan Mahallesi,CADDEBOSTAN,20209,0,0,1,2,0,0,0,3,29.0544845181159,40.9669530977964,0,0,0,185,110,0.1184995254778429,116.51747390128136
2413,2499,672824.784158359,4537269.65412214,672924.784158359,4537169.65412214,50,34,Caddebostan Mahallesi,CADDEBOSTAN,20209,0,1,1,2,0,0,0,4,29.0544876515373,40.9678407085497,0,0,0,185,63,0.1351470591277505,67.25713236252415
2414,2498,672824.784158359,4537369.65412214,672924.784158359,4537269.65412214,49,34,Caddebostan Mahallesi,CADDEBOSTAN,20209,0,1,1,2,0,0,0,4,29.0545155863489,40.9687409570941,0,0,0,185,128,0.1351470591277505,136.64941178417604
2415,2497,672824.784158359,4537469.65412214,672924.784158359,4537369.65412214,48,34,Caddebostan Mahallesi,CADDEBOSTAN,20209,0,2,1,2,0,0,0,2,29.0545435224254,40.9696412054817,0,0,0,185,133,0.1389347652907367,142.23916189183402
2416,2496,672824.784158359,4537569.65412214,672924.784158359,4537469.65412214,47,34,Caddebostan Mahallesi,CADDEBOSTAN,20209,0,2,1,3,0,0,0,2,29.0545714597668,40.9705414537125,0,0,0,185,147,0.1450012360228066,157.6575908476763
2417,2495,672824.784158359,4537669.65412214,672924.784158359,4537569.65412214,46,34,Caddebostan Mahallesi,CADDEBOSTAN,20209,0,3,1,3,1,0,0,2,29.0545993983732,40.9714417017866,0,0,0,185,149,0.4733493643791203,184.2645276462445
2418,2494,672824.784158359,4537769.65412214,672924.784158359,4537669.65412214,45,34,Caddebostan Mahallesi,CADDEBOSTAN,20209,0,7,0,4,1,0,0,2,29.0546273382446,40.9723419497039,0,0,0,185,148,0.4101614494637914,178.35194726032057
2419,2570,672924.784158359,4537369.65412214,673024.784158359,4537269.65412214,49,35,Caddebostan Mahallesi,CADDEBOSTAN,20209,0,1,1,2,0,0,0,5,29.0557032977343,40.9687197767902,0,0,0,185,73,0.1368386310315745,77.99461003265247
2420,2569,672924.784158359,4537469.65412214,673024.784158359,4537369.65412214,48,35,Caddebostan Mahallesi,CADDEBOSTAN,20209,0,1,1,3,0,0,0,5,29.0557312499328,40.9696200245099,0,0,0,185,100,0.1429051017636443,107.14525508818222
2421,2568,672924.784158359,4537569.65412214,673024.784158359,4537469.65412214,47,35,Caddebostan Mahallesi,CADDEBOSTAN,20209,0,1,1,4,1,0,0,3,29.055759203397,40.9705202720729,0,0,0,185,145,0.4661467701223388,178.79564083386958
2422,2567,672924.784158359,4537669.65412214,673024.784158359,4537569.65412214,46,35,Caddebostan Mahallesi,CADDEBOSTAN,20209,3,4,0,6,1,0,0,2,29.0557871581269,40.9714205194792,0,0,0,185,145,0.4390539187651613,176.8314091104742
2423,2566,672924.784158359,4537769.65412214,673024.784158359,4537669.65412214,45,35,Caddebostan Mahallesi,CADDEBOSTAN,20209,3,6,0,7,1,0,0,2,29.0558151141226,40.9723207667286,0,0,0,185,145,0.4489459225945935,177.54857938810804
2424,2565,672924.784158359,4537869.65412214,673024.784158359,4537769.65412214,44,35,Caddebostan Mahallesi,CADDEBOSTAN,20209,0,7,0,7,1,0,0,1,29.0558430713841,40.9732210138213,0,0,0,185,143,0.4163107216057482,172.766216594811
2425,2571,672924.784158359,4537269.65412214,673024.784158359,4537169.65412214,50,35,Caddebostan Mahallesi,CADDEBOSTAN,20209,0,0,1,2,0,0,0,4,29.0556753468013,40.9678195289136,0,0,0,185,53,0.120569842167543,56.19510081743989
2426,2572,672924.784158359,4537169.65412214,673024.784158359,4537069.65412214,51,35,Caddebostan Mahallesi,CADDEBOSTAN,20209,0,0,0,2,0,0,0,3,29.0556473971338,40.9669192808803,0,0,0,185,118,0.036028873332792,120.12570352663474
2427,2573,672924.784158359,4537069.65412214,673024.784158359,4536969.65412214,52,35,Caddebostan Mahallesi,CADDEBOSTAN,20209,0,0,0,0,0,0,0,2,29.0556194487318,40.9660190326902,0,0,0,185,127,0.0101928796209596,127.64724785593091
2428,2574,672924.784158359,4536969.65412214,673024.784158359,4536869.65412214,53,35,Caddebostan Mahallesi,CADDEBOSTAN,20209,0,0,0,1,0,0,0,1,29.0556425107715,40.9651519102887,0,0,0,185,9,0.0210476720324309,9.09471452414594
2429,2575,672924.784158359,4536869.65412214,673024.784158359,4536769.65412214,54,35,Caddebostan Mahallesi,CADDEBOSTAN,20209,0,0,0,1,0,0,0,0,29.0559268762373,40.964473480251,1,0,0,185,9,0.0146166810049953,9.065775064522478
2430,2638,673024.784158359,4537769.65412214,673124.784158359,4537669.65412214,45,36,Caddebostan Mahallesi,CADDEBOSTAN,20209,3,4,0,7,1,0,0,2,29.0570028887347,40.9722995715252,0,0,0,185,96,0.4418697504166278,117.20974801999814
2431,2639,673024.784158359,4537669.65412214,673124.784158359,4537569.65412214,46,36,Caddebostan Mahallesi,CADDEBOSTAN,20209,5,2,0,8,1,0,0,2,29.0569749166149,40.971399324944,0,0,0,185,115,0.4428768394682801,140.46541826942612
2432,2640,673024.784158359,4537569.65412214,673124.784158359,4537469.65412214,47,36,Caddebostan Mahallesi,CADDEBOSTAN,20209,3,2,0,5,1,0,0,2,29.0569469457615,40.970499078206,0,0,0,185,84,0.4250603723261889,101.85253563769992
2433,2641,673024.784158359,4537469.65412214,673124.784158359,4537369.65412214,48,36,Caddebostan Mahallesi,CADDEBOSTAN,20209,0,0,1,3,1,0,0,4,29.0569189761746,40.9695988313113,0,0,0,185,0,0.4489343495823168,0.0
2434,2642,673024.784158359,4537369.65412214,673124.784158359,4537269.65412214,49,36,Caddebostan Mahallesi,CADDEBOSTAN,20209,0,0,1,2,0,0,0,4,29.0568910078541,40.9686985842597,0,0,0,185,82,0.120569842167543,86.94336352886926
2435,2643,673024.784158359,4537269.65412214,673124.784158359,4537169.65412214,50,36,Caddebostan Mahallesi,CADDEBOSTAN,20209,0,0,0,2,0,0,0,4,29.0568630407998,40.9677983370513,0,0,0,185,72,0.0380991900224921,73.37157084080972
2436,2644,673024.784158359,4537169.65412214,673124.784158359,4537069.65412214,51,36,Caddebostan Mahallesi,CADDEBOSTAN,20209,0,0,0,3,0,0,0,4,29.0568350750118,40.9668980896862,0,0,0,185,131,0.0441656607545619,133.8928507794238
2437,2645,673024.784158359,4537069.65412214,673124.784158359,4536969.65412214,52,36,Caddebostan Mahallesi,CADDEBOSTAN,20209,0,0,0,1,0,0,0,3,29.0568071104899,40.9659978421642,0,0,0,185,135,0.0274786630598665,136.854809756541
2438,2646,673024.784158359,4536969.65412214,673124.784158359,4536869.65412214,53,36,Caddebostan Mahallesi,CADDEBOSTAN,20209,0,0,0,1,0,0,0,3,29.0567791472342,40.9650975944855,0,0,0,185,107,0.0274786630598665,108.47010847370284
2439,2648,673024.784158359,4536769.65412214,673124.784158359,4536669.65412214,55,36,Caddebostan Mahallesi,CADDEBOSTAN,20209,0,0,0,1,0,0,0,0,29.0565748639945,40.9637303136504,1,0,0,185,9,0.0146166810049953,9.065775064522478
2440,2710,673124.784158359,4537769.65412214,673224.784158359,4537669.65412214,45,37,Caddebostan Mahallesi,CADDEBOSTAN,20209,8,2,0,8,1,0,0,3,29.0581906620804,40.9722783640938,0,0,0,185,116,0.4548121987713575,142.37910752873873
2441,2711,673124.784158359,4537669.65412214,673224.784158359,4537569.65412214,46,37,Caddebostan Mahallesi,CADDEBOSTAN,20209,8,2,0,7,1,0,0,4,29.0581626738364,40.9713781181812,0,0,0,185,122,0.4543987759202019,149.7183253311323
2442,2712,673124.784158359,4537569.65412214,673224.784158359,4537469.65412214,47,37,Caddebostan Mahallesi,CADDEBOSTAN,20209,10,2,0,5,1,1,0,2,29.0581346868596,40.9704778721118,0,0,0,185,66,0.5187608802452365,83.11910904809281
2443,2713,673124.784158359,4537469.65412214,673224.784158359,4537369.65412214,48,37,Caddebostan Mahallesi,CADDEBOSTAN,20209,8,1,0,3,1,0,0,3,29.05810670115,40.9695776258856,0,0,0,185,62,0.4291846529389087,75.30472424110616
2444,2714,673124.784158359,4537369.65412214,673224.784158359,4537269.65412214,49,37,Caddebostan Mahallesi,CADDEBOSTAN,20209,0,0,0,2,0,0,0,3,29.0580787167075,40.9686773795026,0,0,0,185,101,0.036028873332792,102.819458103306
2445,2715,673124.784158359,4537269.65412214,673224.784158359,4537169.65412214,50,37,Caddebostan Mahallesi,CADDEBOSTAN,20209,0,0,0,3,0,0,0,4,29.0580507335321,40.9677771329628,0,0,0,185,146,0.0441656607545619,149.22409323508305
2446,2716,673124.784158359,4537169.65412214,673224.784158359,4537069.65412214,51,37,Caddebostan Mahallesi,CADDEBOSTAN,20209,0,0,0,1,0,0,0,4,29.0580227516236,40.9668768862662,0,0,0,185,147,0.0295489797495666,149.17185001159314
2447,2717,673124.784158359,4537069.65412214,673224.784158359,4536969.65412214,52,37,Caddebostan Mahallesi,CADDEBOSTAN,20209,0,0,0,1,0,0,0,3,29.057994770982,40.9659766394128,0,0,0,185,134,0.0274786630598665,135.84107042501105
2448,2718,673124.784158359,4536969.65412214,673224.784158359,4536869.65412214,53,37,Caddebostan Mahallesi,CADDEBOSTAN,20209,0,0,0,1,0,0,0,3,29.0579667916072,40.9650763924026,0,0,0,185,22,0.0274786630598665,22.30226529365853
2449,2719,673124.784158359,4536869.65412214,673224.784158359,4536769.65412214,54,37,Caddebostan Mahallesi,CADDEBOSTAN,20209,0,0,0,1,0,0,0,1,29.0581360423963,40.9643839417099,0,0,0,185,22,0.0210476720324309,22.23152439235674
2450,2720,673124.784158359,4536769.65412214,673224.784158359,4536669.65412214,55,37,Caddebostan Mahallesi,CADDEBOSTAN,20209,0,0,0,1,0,0,0,0,29.0579683989491,40.9631125582985,1,0,0,185,22,0.0146166810049953,22.160783491054943
2451,2783,673224.784158359,4537669.65412214,673324.784158359,4537569.65412214,46,38,Caddebostan Mahallesi,CADDEBOSTAN,20209,10,8,0,7,1,1,0,4,29.0593504297906,40.9713568991907,0,0,0,185,100,0.5526711123477233,127.63355561738616
2452,2784,673224.784158359,4537569.65412214,673324.784158359,4537469.65412214,47,38,Caddebostan Mahallesi,CADDEBOSTAN,20209,10,9,0,2,1,1,0,5,29.0593224266906,40.9704566537903,0,0,0,185,84,0.5358953145862533,106.50760321262264
2453,2785,673224.784158359,4537469.65412214,673324.784158359,4537369.65412214,48,38,Caddebostan Mahallesi,CADDEBOSTAN,20209,10,9,0,0,0,1,0,4,29.0592944248584,40.9695564082331,0,0,0,185,92,0.1887388147218045,100.681985477203
2454,2786,673224.784158359,4537369.65412214,673324.784158359,4537269.65412214,49,38,Caddebostan Mahallesi,CADDEBOSTAN,20209,6,3,0,0,0,1,0,3,29.059266424294,40.9686561625191,0,0,0,185,146,0.1570690679275475,157.46604195871095
2455,2787,673224.784158359,4537269.65412214,673324.784158359,4537169.65412214,50,38,Caddebostan Mahallesi,CADDEBOSTAN,20209,0,0,0,1,0,0,0,4,29.0592384249974,40.9677559166482,0,0,0,185,148,0.0295489797495666,150.18662450146792
2456,2788,673224.784158359,4537169.65412214,673324.784158359,4537069.65412214,51,38,Caddebostan Mahallesi,CADDEBOSTAN,20209,0,0,0,1,0,0,0,4,29.0592104269685,40.9668556706206,0,0,0,185,148,0.0295489797495666,150.18662450146792
2457,2789,673224.784158359,4537069.65412214,673324.784158359,4536969.65412214,52,38,Caddebostan Mahallesi,CADDEBOSTAN,20209,0,0,0,1,0,0,0,3,29.0591824302072,40.9659554244361,0,0,0,185,134,0.0274786630598665,135.84107042501105
2458,2790,673224.784158359,4536969.65412214,673324.784158359,4536869.65412214,53,38,Caddebostan Mahallesi,CADDEBOSTAN,20209,0,0,0,1,0,0,0,1,29.0591544347134,40.9650551780948,0,0,0,185,80,0.0210476720324309,80.84190688129723
2459,2791,673224.784158359,4536869.65412214,673324.784158359,4536769.65412214,54,38,Caddebostan Mahallesi,CADDEBOSTAN,20209,0,0,0,1,0,0,0,1,29.0591265958837,40.9641550402803,0,0,0,185,22,0.0210476720324309,22.23152439235674
2460,2792,673224.784158359,4536769.65412214,673324.784158359,4536669.65412214,55,38,Caddebostan Mahallesi,CADDEBOSTAN,20209,0,0,0,1,0,0,0,1,29.0591147768607,40.963253192489,0,0,0,185,22,0.0210476720324309,22.23152439235674
2461,2793,673224.784158359,4536669.65412214,673324.784158359,4536569.65412214,56,38,Caddebostan Mahallesi,CADDEBOSTAN,20209,0,0,0,1,0,0,0,0,29.0593674401053,40.9627894939932,1,0,0,185,9,0.0146166810049953,9.065775064522478
2462,2856,673324.784158359,4537569.65412214,673424.784158359,4537469.65412214,47,39,Caddebostan Mahallesi,CADDEBOSTAN,20209,10,16,1,0,1,1,0,5,29.0605101652536,40.9704354232416,0,0,0,185,148,0.6063584415416939,192.87052467408532
2463,2857,673324.784158359,4537469.65412214,673424.784158359,4537369.65412214,48,39,Caddebostan Mahallesi,CADDEBOSTAN,20209,10,14,1,0,0,1,0,5,29.0604821472989,40.9695351783538,0,0,0,185,150,0.2814281640572772,171.10711230429578
2464,2858,673324.784158359,4537369.65412214,673424.784158359,4537269.65412214,49,39,Caddebostan Mahallesi,CADDEBOSTAN,20209,6,14,1,0,0,1,0,2,29.0604541306127,40.9686349333091,0,0,0,185,150,0.2646677755702515,169.85008316776887
2465,2859,673324.784158359,4537269.65412214,673424.784158359,4537169.65412214,50,39,Caddebostan Mahallesi,CADDEBOSTAN,20209,2,6,0,1,0,0,0,3,29.060426115195,40.9677346881076,0,0,0,185,149,0.0935091124585743,155.9664288781638
2466,2860,673324.784158359,4537169.65412214,673424.784158359,4537069.65412214,51,39,Caddebostan Mahallesi,CADDEBOSTAN,20209,0,0,0,1,0,0,0,2,29.0603981010457,40.9668344427492,0,0,0,185,149,0.024809560625955,150.84831226663363
2467,2861,673324.784158359,4537069.65412214,673424.784158359,4536969.65412214,52,39,Caddebostan Mahallesi,CADDEBOSTAN,20209,0,0,0,1,0,0,0,1,29.0603700881648,40.965934197234,0,0,0,185,143,0.0210476720324309,144.50490855031882
2468,2862,673324.784158359,4536969.65412214,673424.784158359,4536869.65412214,53,39,Caddebostan Mahallesi,CADDEBOSTAN,20209,0,0,0,1,0,0,0,1,29.0603420765522,40.965033951562,0,0,0,185,83,0.0210476720324309,83.87347838934588
2469,2863,673324.784158359,4536869.65412214,673424.784158359,4536769.65412214,54,39,Caddebostan Mahallesi,CADDEBOSTAN,20209,0,0,0,1,0,0,0,1,29.0603140662078,40.9641337057331,0,0,0,185,53,0.0210476720324309,53.55776330885942
2470,2864,673324.784158359,4536769.65412214,673424.784158359,4536669.65412214,55,39,Caddebostan Mahallesi,CADDEBOSTAN,20209,0,0,0,1,0,0,0,1,29.0602800381243,40.9632422688477,0,0,0,185,53,0.0210476720324309,53.55776330885942
2471,2865,673324.784158359,4536669.65412214,673424.784158359,4536569.65412214,56,39,Caddebostan Mahallesi,CADDEBOSTAN,20209,0,0,0,1,0,0,0,0,29.0599340969205,40.9627762266775,1,0,0,185,9,0.0146166810049953,9.065775064522478
2472,2926,673424.784158359,4537769.65412214,673524.784158359,4537669.65412214,45,40,Caddebostan Mahallesi,CADDEBOSTAN,20209,10,11,1,2,0,1,0,6,29.0617539745105,40.9722146684312,0,0,0,185,151,0.301332443316623,173.75059947040504
2473,2927,673424.784158359,4537669.65412214,673524.784158359,4537569.65412214,46,40,Caddebostan Mahallesi,CADDEBOSTAN,20209,10,16,1,1,0,1,0,4,29.0617259378946,40.9713144245269,0,0,0,185,151,0.2969855139601612,173.42240630399218
2474,2928,673424.784158359,4537569.65412214,673524.784158359,4537469.65412214,47,40,Caddebostan Mahallesi,CADDEBOSTAN,20209,10,17,1,0,0,1,0,4,29.061697902548,40.9704141804657,0,0,0,185,150,0.2835709017552916,171.2678176316469
2475,2929,673424.784158359,4537469.65412214,673524.784158359,4537369.65412214,48,40,Caddebostan Mahallesi,CADDEBOSTAN,20209,7,17,1,0,0,1,0,4,29.0616698684708,40.9695139362476,0,0,0,185,150,0.2762931508108099,170.7219863108107
2476,2930,673424.784158359,4537369.65412214,673524.784158359,4537269.65412214,49,40,Caddebostan Mahallesi,CADDEBOSTAN,20209,6,17,1,0,0,1,0,2,29.0616418356629,40.9686136918727,0,0,0,185,150,0.26850208517209,170.13765638790676
2477,2931,673424.784158359,4537269.65412214,673524.784158359,4537169.65412214,50,40,Caddebostan Mahallesi,CADDEBOSTAN,20209,2,12,1,0,0,1,0,2,29.0616138041242,40.9677134473408,0,0,0,185,150,0.2422946582292539,168.17209936719405
2478,2932,673424.784158359,4537169.65412214,673524.784158359,4537069.65412214,51,40,Caddebostan Mahallesi,CADDEBOSTAN,20209,0,0,0,1,0,0,0,1,29.0615857738546,40.9668132026522,0,0,0,185,149,0.0210476720324309,150.5680515664161
2479,2933,673424.784158359,4537069.65412214,673524.784158359,4536969.65412214,52,40,Caddebostan Mahallesi,CADDEBOSTAN,20209,0,0,0,1,0,0,0,1,29.0615577448542,40.9659129578067,0,0,0,185,145,0.0210476720324309,146.52595622235123
2480,2934,673424.784158359,4536969.65412214,673524.784158359,4536869.65412214,53,40,Caddebostan Mahallesi,CADDEBOSTAN,20209,0,0,0,1,0,0,0,2,29.0615297171227,40.9650127128043,0,0,0,185,67,0.024809560625955,67.83112028096949
2481,2935,673424.784158359,4536869.65412214,673524.784158359,4536769.65412214,54,40,Caddebostan Mahallesi,CADDEBOSTAN,20209,0,0,0,1,0,0,0,2,29.0615016906602,40.9641124676451,0,0,0,185,37,0.024809560625955,37.45897687158016
2482,2936,673424.784158359,4536769.65412214,673524.784158359,4536669.65412214,55,40,Caddebostan Mahallesi,CADDEBOSTAN,20209,0,0,0,0,0,0,0,1,29.0614743335621,40.963212717501,0,0,0,185,24,0.0064309910274356,24.077171892329225
2483,2937,673424.784158359,4536669.65412214,673524.784158359,4536569.65412214,56,40,Caddebostan Mahallesi,CADDEBOSTAN,20209,0,0,0,0,0,0,0,1,29.0617124262936,40.962566614289,1,0,0,185,24,0.0064309910274356,24.077171892329225
2484,2999,673524.784158359,4537669.65412214,673624.784158359,4537569.65412214,46,41,Caddebostan Mahallesi,CADDEBOSTAN,20209,7,15,1,0,0,1,0,3,29.0629136900428,40.9712931688536,0,0,0,185,157,0.2717458005081217,178.33204533988754
2485,3000,673524.784158359,4537569.65412214,673624.784158359,4537469.65412214,47,41,Caddebostan Mahallesi,CADDEBOSTAN,20209,7,18,1,0,0,1,0,3,29.0628856385731,40.9703929254626,0,0,0,185,155,0.2753598936619936,176.34039175880451
2486,3001,673524.784158359,4537469.65412214,673624.784158359,4537369.65412214,48,41,Caddebostan Mahallesi,CADDEBOSTAN,20209,6,19,1,0,0,1,0,2,29.0628575883735,40.9694926819146,0,0,0,185,149,0.2707178672438612,169.16848110966765
2487,3002,673524.784158359,4537369.65412214,673624.784158359,4537269.65412214,49,41,Caddebostan Mahallesi,CADDEBOSTAN,20209,2,19,1,0,0,1,0,2,29.0628295394439,40.9685924382098,0,0,0,185,149,0.2513542291353315,167.7258900705822
2488,3003,673524.784158359,4537269.65412214,673624.784158359,4537169.65412214,50,41,Caddebostan Mahallesi,CADDEBOSTAN,20209,0,16,1,0,0,0,0,2,29.0628014917842,40.9676921943481,0,0,0,185,148,0.152247364419703,159.266304967058
2489,3004,673524.784158359,4537169.65412214,673624.784158359,4537069.65412214,51,41,Caddebostan Mahallesi,CADDEBOSTAN,20209,0,5,0,0,0,0,0,2,29.0627734453945,40.9667919503296,0,0,0,185,151,0.0478744388279726,154.61452013151194
2490,3005,673524.784158359,4537069.65412214,673624.784158359,4536969.65412214,52,41,Caddebostan Mahallesi,CADDEBOSTAN,20209,0,0,0,0,0,0,0,2,29.0627454002745,40.9658917061541,0,0,0,185,149,0.0101928796209596,149.75936953176148
2491,3006,673524.784158359,4536969.65412214,673624.784158359,4536869.65412214,53,41,Caddebostan Mahallesi,CADDEBOSTAN,20209,4,0,0,0,0,0,0,2,29.0627173564243,40.9649914618218,0,0,0,185,73,0.0469740102616999,74.71455137455204
2492,3007,673524.784158359,4536869.65412214,673624.784158359,4536769.65412214,54,41,Caddebostan Mahallesi,CADDEBOSTAN,20209,4,0,0,0,0,0,0,1,29.0626893138437,40.9640912173326,0,0,0,185,40,0.0432121216681759,40.86424243336352
2493,3008,673524.784158359,4536769.65412214,673624.784158359,4536669.65412214,55,41,Caddebostan Mahallesi,CADDEBOSTAN,20209,4,0,0,0,0,0,0,1,29.0626612725328,40.9631909726865,0,0,0,185,28,0.0432121216681759,28.604969703354463
2494,3009,673524.784158359,4536669.65412214,673624.784158359,4536569.65412214,56,41,Caddebostan Mahallesi,CADDEBOSTAN,20209,4,0,0,0,0,0,0,1,29.0625990278389,40.962430278997,0,0,0,185,28,0.0432121216681759,28.604969703354463
2495,3081,673624.784158359,4536669.65412214,673724.784158359,4536569.65412214,56,42,Caddebostan Mahallesi,CADDEBOSTAN,20209,4,0,0,0,0,0,0,1,29.0635912183133,40.962570748707,1,0,0,185,30,0.0432121216681759,30.64818182502264
2496,3080,673624.784158359,4536769.65412214,673724.784158359,4536669.65412214,55,42,Caddebostan Mahallesi,CADDEBOSTAN,20209,4,0,0,0,0,0,0,1,29.0638471395709,40.9631711374332,0,0,0,185,30,0.0432121216681759,30.64818182502264
2497,3079,673624.784158359,4536869.65412214,673724.784158359,4536769.65412214,54,42,Caddebostan Mahallesi,CADDEBOSTAN,20209,4,0,0,0,0,0,0,1,29.0638769357577,40.9640699547957,0,0,0,185,72,0.0432121216681759,73.55563638005434
2498,3078,673624.784158359,4536969.65412214,673724.784158359,4536869.65412214,53,42,Caddebostan Mahallesi,CADDEBOSTAN,20209,4,0,0,0,0,0,0,1,29.0639049944562,40.9649701986145,0,0,0,185,108,0.0432121216681759,110.3334545700815
2499,3077,673624.784158359,4537069.65412214,673724.784158359,4536969.65412214,52,42,Caddebostan Mahallesi,CADDEBOSTAN,20209,4,2,0,0,0,0,0,1,29.0639330544251,40.9658704422763,0,0,0,185,151,0.0663164639149813,156.00689302558106
2500,3076,673624.784158359,4537169.65412214,673724.784158359,4537069.65412214,51,42,Caddebostan Mahallesi,CADDEBOSTAN,20209,0,7,0,0,0,0,0,2,29.0639611156645,40.9667706857813,0,0,0,185,151,0.0539245305015822,155.07130205286944
2501,3075,673624.784158359,4537269.65412214,673724.784158359,4537169.65412214,50,42,Caddebostan Mahallesi,CADDEBOSTAN,20209,0,14,1,0,0,1,0,2,29.0639891781744,40.9676709291294,0,0,0,185,149,0.2201971098461543,165.40468468353848
2502,3074,673624.784158359,4537369.65412214,673724.784158359,4537269.65412214,49,42,Caddebostan Mahallesi,CADDEBOSTAN,20209,2,19,1,0,0,2,0,2,29.0640172419549,40.9685711723206,0,0,0,185,152,0.2926420443052245,174.24079536719708
2503,3073,673624.784158359,4537469.65412214,673724.784158359,4537369.65412214,48,42,Caddebostan Mahallesi,CADDEBOSTAN,20209,2,20,1,0,0,2,0,2,29.0640453070062,40.9694714153549,0,0,0,185,152,0.2936681248095806,174.31877748552813
2504,3072,673624.784158359,4537569.65412214,673724.784158359,4537469.65412214,47,42,Caddebostan Mahallesi,CADDEBOSTAN,20209,2,19,1,0,0,1,0,3,29.0640733733281,40.9703716582324,0,0,0,185,158,0.2540233315692431,178.06784319397022
2505,3071,673624.784158359,4537669.65412214,673724.784158359,4537569.65412214,46,42,Caddebostan Mahallesi,CADDEBOSTAN,20209,2,16,1,0,0,1,0,3,29.0641014409209,40.9712719009529,0,0,0,185,158,0.2506054806973462,177.79783297509033
2506,3217,673824.784158359,4537469.65412214,673924.784158359,4537369.65412214,48,44,Caddebostan Mahallesi,CADDEBOSTAN,20209,0,11,1,0,0,1,0,1,29.0664207404585,40.9694288455555,0,0,0,185,150,0.2117424055678708,165.88068041759033
2507,3218,673824.784158359,4537369.65412214,673924.784158359,4537269.65412214,49,44,Caddebostan Mahallesi,CADDEBOSTAN,20209,1,11,0,0,0,1,0,1,29.0663926431643,40.9685286038633,0,0,0,185,150,0.1451125241692218,160.88343931269165
2508,3219,673824.784158359,4537269.65412214,673924.784158359,4537169.65412214,50,44,Caddebostan Mahallesi,CADDEBOSTAN,20209,8,7,0,0,0,1,0,2,29.0663645471422,40.9676283620143,0,0,0,185,148,0.1747205719608814,160.92932232510523
2509,3220,673824.784158359,4537169.65412214,673924.784158359,4537069.65412214,51,44,Caddebostan Mahallesi,CADDEBOSTAN,20209,8,6,0,0,0,1,0,2,29.0663364523922,40.9667281200083,0,0,0,185,148,0.171912342863399,160.72151337189152
2510,3221,673824.784158359,4537069.65412214,673924.784158359,4536969.65412214,52,44,Caddebostan Mahallesi,CADDEBOSTAN,20209,12,3,0,0,0,1,0,3,29.0663083589141,40.9658278778453,0,0,0,185,147,0.1712162194394031,159.5843921287961
2511,3222,673824.784158359,4536969.65412214,673924.784158359,4536869.65412214,53,44,Caddebostan Mahallesi,CADDEBOSTAN,20209,12,1,0,0,0,0,0,2,29.066280266708,40.9649276355255,0,0,0,185,139,0.0833879138171201,144.79546001028987
2512,3223,673824.784158359,4536869.65412214,673924.784158359,4536769.65412214,54,44,Caddebostan Mahallesi,CADDEBOSTAN,20209,4,0,0,0,0,0,0,2,29.0662521757737,40.9640273930487,0,0,0,185,103,0.0469740102616999,105.41916152847756
2513,3224,673824.784158359,4536769.65412214,673924.784158359,4536669.65412214,55,44,Caddebostan Mahallesi,CADDEBOSTAN,20209,4,0,0,0,0,0,0,2,29.0662315153554,40.9632602055411,0,0,0,185,103,0.0469740102616999,105.41916152847756
2514,3152,673724.784158359,4536769.65412214,673824.784158359,4536669.65412214,55,43,Caddebostan Mahallesi,CADDEBOSTAN,20209,4,0,0,0,0,0,0,2,29.0650146398523,40.9632368380516,0,0,0,185,26,0.0469740102616999,26.6106621334021
2515,3151,673724.784158359,4536869.65412214,673824.784158359,4536769.65412214,54,43,Caddebostan Mahallesi,CADDEBOSTAN,20209,4,0,0,0,0,0,0,2,29.0650645564012,40.9640486800344,0,0,0,185,105,0.0469740102616999,107.46613553873924
2516,3150,673724.784158359,4536969.65412214,673824.784158359,4536869.65412214,53,43,Caddebostan Mahallesi,CADDEBOSTAN,20209,4,0,0,0,0,0,0,2,29.0650926312177,40.9649489231823,0,0,0,185,131,0.0469740102616999,134.07679767214134
2517,3149,673724.784158359,4537069.65412214,673824.784158359,4536969.65412214,52,43,Caddebostan Mahallesi,CADDEBOSTAN,20209,4,3,0,0,0,0,0,1,29.0651207073052,40.9658491661734,0,0,0,185,150,0.0723665555885909,155.4274916691443
2518,3148,673724.784158359,4537169.65412214,673824.784158359,4537069.65412214,51,43,Caddebostan Mahallesi,CADDEBOSTAN,20209,1,7,0,0,0,1,0,2,29.065148784664,40.9667494090075,0,0,0,185,149,0.140347287476148,159.45587291697302
2519,3147,673724.784158359,4537269.65412214,673824.784158359,4537169.65412214,50,43,Caddebostan Mahallesi,CADDEBOSTAN,20209,0,12,0,0,0,1,0,1,29.065176863294,40.9676496516848,0,0,0,185,152,0.1309550898751114,161.9525868305085
2520,3146,673724.784158359,4537369.65412214,673824.784158359,4537269.65412214,49,43,Caddebostan Mahallesi,CADDEBOSTAN,20209,0,14,1,0,0,1,0,2,29.0652049431953,40.9685498942051,0,0,0,185,151,0.2201971098461543,167.62488179338465
2521,3145,673724.784158359,4537469.65412214,673824.784158359,4537369.65412214,48,43,Caddebostan Mahallesi,CADDEBOSTAN,20209,0,17,1,0,0,1,0,2,29.0652330243681,40.9694501365685,0,0,0,185,151,0.2240314194479927,167.91437216832347
2522,3144,673724.784158359,4537569.65412214,673824.784158359,4537469.65412214,47,43,Caddebostan Mahallesi,CADDEBOSTAN,20209,0,18,1,0,0,1,0,2,29.0652611068123,40.9703503787751,0,0,0,185,163,0.2251684789888765,181.35123103759344
2523,3295,673924.784158359,4536869.65412214,674024.784158359,4536769.65412214,54,45,Caddebostan Mahallesi,CADDEBOSTAN,20209,5,1,0,0,0,0,0,4,29.0674397938744,40.9640060938387,0,0,0,185,83,0.0704573140667483,85.92397853377005
2524,3294,673924.784158359,4536969.65412214,674024.784158359,4536869.65412214,53,45,Caddebostan Mahallesi,CADDEBOSTAN,20209,12,1,0,0,0,0,0,3,29.0674679009265,40.9649063356439,0,0,0,185,126,0.0860570162510316,131.421592023815
2525,3293,673924.784158359,4537069.65412214,674024.784158359,4536969.65412214,52,45,Caddebostan Mahallesi,CADDEBOSTAN,20209,11,2,0,0,0,1,0,4,29.0674960092511,40.9658065772922,0,0,0,185,146,0.1654071963279119,158.07472533193757
2526,3292,673924.784158359,4537169.65412214,674024.784158359,4537069.65412214,51,45,Caddebostan Mahallesi,CADDEBOSTAN,20209,9,5,0,0,0,1,0,4,29.0675241188484,40.9667068187835,0,0,0,185,150,0.1758177455668903,163.18633091751678
2527,3291,673924.784158359,4537269.65412214,674024.784158359,4537169.65412214,50,45,Caddebostan Mahallesi,CADDEBOSTAN,20209,9,6,0,0,0,1,0,4,29.0675522297184,40.9676070601179,0,0,0,185,151,0.1790596081430176,164.51900041479783
2528,3290,673924.784158359,4537369.65412214,674024.784158359,4537269.65412214,49,45,Caddebostan Mahallesi,CADDEBOSTAN,20209,9,8,0,0,0,1,0,3,29.0675803418611,40.9685073012953,0,0,0,185,151,0.182274554163788,164.761728839366
2529,3289,673924.784158359,4537469.65412214,674024.784158359,4537369.65412214,48,45,Caddebostan Mahallesi,CADDEBOSTAN,20209,0,6,0,0,0,1,0,1,29.0676084552768,40.9694075423158,0,0,0,185,152,0.1179363990387397,160.96316632694422
2530,3296,673924.784158359,4536769.65412214,674024.784158359,4536669.65412214,55,45,Caddebostan Mahallesi,CADDEBOSTAN,20209,4,0,0,0,0,0,0,4,29.0674099981705,40.9631546667935,0,0,0,185,33,0.0517134293853116,33.853271584857644
2531,3297,673924.784158359,4536669.65412214,674024.784158359,4536569.65412214,56,45,Caddebostan Mahallesi,CADDEBOSTAN,20209,4,0,0,0,0,0,0,3,29.0673683664379,40.9624090360066,1,0,0,185,33,0.0496431126956115,33.81911135947759
2532,3362,674024.784158359,4537369.65412214,674124.784158359,4537269.65412214,49,46,Caddebostan Mahallesi,CADDEBOSTAN,20209,9,5,0,0,0,1,0,6,29.0687680392851,40.9684859865011,0,0,0,185,148,0.1789395211368986,161.24152456413051
2533,3363,674024.784158359,4537269.65412214,674124.784158359,4537169.65412214,50,46,Caddebostan Mahallesi,CADDEBOSTAN,20209,9,4,0,0,0,1,0,5,29.0687399110217,40.9675857459957,0,0,0,185,148,0.1736750078688758,160.85195058229678
2534,3364,674024.784158359,4537169.65412214,674124.784158359,4537069.65412214,51,46,Caddebostan Mahallesi,CADDEBOSTAN,20209,9,4,0,0,0,1,0,3,29.0687117840318,40.9666855053333,0,0,0,185,147,0.1699131192753517,159.48861426673835
2535,3365,674024.784158359,4537069.65412214,674124.784158359,4536969.65412214,52,46,Caddebostan Mahallesi,CADDEBOSTAN,20209,9,4,0,0,0,0,0,4,29.0686836583154,40.965785264514,0,0,0,185,149,0.1014014497368879,156.55440800539813
2536,3366,674024.784158359,4536969.65412214,674124.784158359,4536869.65412214,53,46,Caddebostan Mahallesi,CADDEBOSTAN,20209,8,2,0,0,0,0,0,6,29.0686555338723,40.9648850235377,0,0,0,185,135,0.0913724717925202,141.16764184599512
2537,3367,674024.784158359,4536869.65412214,674124.784158359,4536769.65412214,54,46,Caddebostan Mahallesi,CADDEBOSTAN,20209,12,2,0,0,0,0,0,4,29.0686274107026,40.9639847824044,0,0,0,185,115,0.0966544582273296,120.55763134807144
2538,3368,674024.784158359,4536769.65412214,674124.784158359,4536669.65412214,55,46,Caddebostan Mahallesi,CADDEBOSTAN,20209,4,0,0,0,0,0,0,3,29.0686111347167,40.9630950577178,0,0,0,185,32,0.0496431126956115,32.794289803129786
2539,3369,674024.784158359,4536669.65412214,674124.784158359,4536569.65412214,56,46,Caddebostan Mahallesi,CADDEBOSTAN,20209,0,0,0,0,0,0,0,3,29.0689335572166,40.9624892812787,1,0,0,185,27,0.0128619820548712,27.173636757740763
2540,3434,674124.784158359,4537369.65412214,674224.784158359,4537269.65412214,49,47,Caddebostan Mahallesi,CADDEBOSTAN,20209,9,2,0,0,0,1,0,5,29.0699557354355,40.9684646594807,0,0,0,185,148,0.1629321005105067,160.05697543777748
2541,3435,674124.784158359,4537269.65412214,674224.784158359,4537169.65412214,50,47,Caddebostan Mahallesi,CADDEBOSTAN,20209,9,3,0,0,0,1,0,5,29.0699275910516,40.9675644196477,0,0,0,185,148,0.1689821921841164,160.50468222162462
2542,3436,674124.784158359,4537169.65412214,674224.784158359,4537069.65412214,51,47,Caddebostan Mahallesi,CADDEBOSTAN,20209,9,3,0,0,0,0,0,4,29.0698994479418,40.9666641796577,0,0,0,185,149,0.0967086340521285,156.20479323688355
2543,3437,674124.784158359,4537069.65412214,674224.784158359,4536969.65412214,52,47,Caddebostan Mahallesi,CADDEBOSTAN,20209,13,3,0,0,0,0,0,5,29.0698713061063,40.9657639395108,0,0,0,185,149,0.1060897410393095,156.90368570742854
2544,3438,674124.784158359,4536969.65412214,674224.784158359,4536869.65412214,53,47,Caddebostan Mahallesi,CADDEBOSTAN,20209,12,2,0,0,0,0,0,7,29.0698431655449,40.9648636992069,0,0,0,185,139,0.1010151325650651,146.02055171327203
2545,3439,674124.784158359,4536869.65412214,674224.784158359,4536769.65412214,54,47,Caddebostan Mahallesi,CADDEBOSTAN,20209,4,1,0,0,0,0,0,6,29.0698150262575,40.9639634587459,0,0,0,185,131,0.0694124219155275,135.54651363546705
2546,3440,674124.784158359,4536769.65412214,674224.784158359,4536669.65412214,55,47,Caddebostan Mahallesi,CADDEBOSTAN,20209,0,0,0,0,0,0,0,4,29.0697868882442,40.9630632181281,0,0,0,185,93,0.0149322987445713,93.69435189162256
2547,3441,674124.784158359,4536669.65412214,674224.784158359,4536569.65412214,56,47,Caddebostan Mahallesi,CADDEBOSTAN,20209,0,0,0,0,0,0,0,3,29.0698063179057,40.9621943806478,0,0,0,185,27,0.0128619820548712,27.173636757740763
2548,3442,674124.784158359,4536569.65412214,674224.784158359,4536469.65412214,57,47,Caddebostan Mahallesi,CADDEBOSTAN,20209,0,0,0,0,0,0,0,2,29.0700880159339,40.9614542036959,1,0,0,185,63,0.0101928796209596,63.32107570806023
2549,3507,674224.784158359,4537269.65412214,674324.784158359,4537169.65412214,50,48,Caddebostan Mahallesi,CADDEBOSTAN,20209,9,3,0,0,0,0,0,5,29.0711152698072,40.967543081074,0,0,0,185,151,0.0984002059559525,158.4292155496744
2550,3508,674224.784158359,4537169.65412214,674324.784158359,4537069.65412214,51,48,Caddebostan Mahallesi,CADDEBOSTAN,20209,13,3,0,0,0,0,0,7,29.0710871105777,40.9666428417568,0,0,0,185,153,0.1087588434732211,161.32005152570142
2551,3509,674224.784158359,4537069.65412214,674324.784158359,4536969.65412214,52,48,Caddebostan Mahallesi,CADDEBOSTAN,20209,13,4,0,0,0,0,0,5,29.0710589526231,40.9657426022826,0,0,0,185,148,0.1107825567240689,156.1979091975811
2552,3510,674224.784158359,4536969.65412214,674324.784158359,4536869.65412214,53,48,Caddebostan Mahallesi,CADDEBOSTAN,20209,13,3,0,0,0,0,0,6,29.0710307959434,40.9648423626514,0,0,0,185,146,0.1075199447054939,153.84895596350106
2553,3511,674224.784158359,4536869.65412214,674324.784158359,4536769.65412214,54,48,Caddebostan Mahallesi,CADDEBOSTAN,20209,4,2,0,0,0,0,0,4,29.0710026405384,40.9639421228632,0,0,0,185,134,0.074817771632117,139.01279069935185
2554,3512,674224.784158359,4536769.65412214,674324.784158359,4536669.65412214,55,48,Caddebostan Mahallesi,CADDEBOSTAN,20209,4,2,0,0,0,0,0,4,29.0709744864082,40.9630418829181,0,0,0,185,130,0.074817771632117,134.8631551560876
2555,3513,674224.784158359,4536669.65412214,674324.784158359,4536569.65412214,56,48,Caddebostan Mahallesi,CADDEBOSTAN,20209,0,0,0,0,0,0,0,3,29.0709463335527,40.9621416428159,0,0,0,185,108,0.0128619820548712,108.69454703096304
2556,3514,674224.784158359,4536569.65412214,674324.784158359,4536469.65412214,57,48,Caddebostan Mahallesi,CADDEBOSTAN,20209,0,0,0,0,0,0,0,2,29.0709235066826,40.9612451327009,0,0,0,185,58,0.0101928796209596,58.29559350900783
2557,3515,674224.784158359,4536469.65412214,674324.784158359,4536369.65412214,58,48,Caddebostan Mahallesi,CADDEBOSTAN,20209,0,0,0,0,0,0,0,3,29.071125925979,40.9604144323976,0,0,0,185,27,0.0128619820548712,27.173636757740763
2558,3579,674324.784158359,4537269.65412214,674424.784158359,4537169.65412214,50,49,Caddebostan Mahallesi,CADDEBOSTAN,20209,5,2,0,0,0,0,0,5,29.0723029472878,40.9675217302746,0,0,0,185,150,0.0806760112571701,156.05070084428775
2559,3580,674324.784158359,4537169.65412214,674424.784158359,4537069.65412214,51,49,Caddebostan Mahallesi,CADDEBOSTAN,20209,12,2,0,1,0,0,0,7,29.0722747719386,40.9666214916305,0,0,0,185,153,0.1156318135700604,161.84583373810963
2560,3581,674324.784158359,4537069.65412214,674424.784158359,4536969.65412214,52,49,Caddebostan Mahallesi,CADDEBOSTAN,20209,12,3,0,1,0,0,0,5,29.0722465978651,40.9657212528295,0,0,0,185,147,0.1190128028097586,155.74744100651728
2561,3582,674324.784158359,4536969.65412214,674424.784158359,4536869.65412214,53,49,Caddebostan Mahallesi,CADDEBOSTAN,20209,4,4,0,1,0,0,0,5,29.0722184250671,40.9648210138714,0,0,0,185,146,0.1018689318993053,153.43643202864928
2562,3583,674324.784158359,4536869.65412214,674424.784158359,4536769.65412214,54,49,Caddebostan Mahallesi,CADDEBOSTAN,20209,4,4,0,1,0,0,0,5,29.0721902535447,40.9639207747564,0,0,0,185,144,0.1018689318993053,151.33456309674995
2563,3584,674324.784158359,4536769.65412214,674424.784158359,4536669.65412214,55,49,Caddebostan Mahallesi,CADDEBOSTAN,20209,4,3,0,0,0,0,0,5,29.0721620832977,40.9630205354843,0,0,0,185,135,0.0825594352095506,140.57276187664468
2564,3585,674324.784158359,4536669.65412214,674424.784158359,4536569.65412214,56,49,Caddebostan Mahallesi,CADDEBOSTAN,20209,4,3,1,0,0,0,0,3,29.072133914326,40.9621202960552,0,0,0,185,131,0.1612681987610774,141.56306701885055
2565,3586,674324.784158359,4536569.65412214,674424.784158359,4536469.65412214,57,49,Caddebostan Mahallesi,CADDEBOSTAN,20209,0,0,1,0,0,0,0,2,29.0721057466297,40.9612200564691,0,0,0,185,123,0.0926635317660105,128.69880720360965
2566,3652,674424.784158359,4537169.65412214,674524.784158359,4537069.65412214,51,50,Caddebostan Mahallesi,CADDEBOSTAN,20209,5,3,0,1,0,0,0,6,29.0734624320239,40.966600129279,0,0,0,185,148,0.1027729876019595,155.60520108254502
2567,3653,674424.784158359,4537069.65412214,674524.784158359,4536969.65412214,52,50,Caddebostan Mahallesi,CADDEBOSTAN,20209,4,3,0,1,0,0,0,4,29.0734342418314,40.9656998911515,0,0,0,185,149,0.095484544310722,156.1135985511488
2568,3654,674424.784158359,4536969.65412214,674524.784158359,4536869.65412214,53,50,Caddebostan Mahallesi,CADDEBOSTAN,20209,4,4,0,1,0,0,0,3,29.0734060529153,40.9647996528669,0,0,0,185,148,0.0981070433057813,155.25992120462783
2569,3655,674424.784158359,4536869.65412214,674524.784158359,4536769.65412214,54,50,Caddebostan Mahallesi,CADDEBOSTAN,20209,9,4,0,1,0,0,0,4,29.0733778652754,40.9638994144254,0,0,0,185,148,0.1160181307418832,156.58534167489935
2570,3656,674424.784158359,4536769.65412214,674524.784158359,4536669.65412214,55,50,Caddebostan Mahallesi,CADDEBOSTAN,20209,12,3,1,1,0,0,0,4,29.0733496789117,40.9629991758268,0,0,0,185,143,0.1997918830509855,157.28511963814546
2571,3657,674424.784158359,4536669.65412214,674524.784158359,4536569.65412214,56,50,Caddebostan Mahallesi,CADDEBOSTAN,20209,12,3,1,0,0,0,0,4,29.0733214938241,40.9620989370711,0,0,0,185,134,0.1851752020459901,146.40673853708134
2572,3725,674524.784158359,4537069.65412214,674624.784158359,4536969.65412214,52,51,Caddebostan Mahallesi,CADDEBOSTAN,20209,4,4,0,1,0,0,0,3,29.0746218845215,40.9656785172486,0,0,0,185,147,0.0981070433057813,154.21086768297494
2573,3726,674524.784158359,4536969.65412214,674624.784158359,4536869.65412214,53,51,Caddebostan Mahallesi,CADDEBOSTAN,20209,9,5,0,1,0,0,0,3,29.0745936794873,40.964778279638,0,0,0,185,148,0.1177821236540216,156.7158771503976
2574,3727,674524.784158359,4536869.65412214,674624.784158359,4536769.65412214,54,51,Caddebostan Mahallesi,CADDEBOSTAN,20209,12,4,0,1,0,0,0,3,29.07456547573,40.9638780418703,0,0,0,185,146,0.1199437299009939,154.75589228277255
2575,3797,674624.784158359,4537069.65412214,674724.784158359,4536969.65412214,52,52,Caddebostan Mahallesi,CADDEBOSTAN,20209,4,3,0,1,0,0,0,2,29.0758095259346,40.9656571311209,0,0,0,185,148,0.0907451251871103,154.71513926384617
2576,3798,674624.784158359,4536969.65412214,674724.784158359,4536869.65412214,53,52,Caddebostan Mahallesi,CADDEBOSTAN,20209,12,4,0,1,0,0,0,2,29.0757813047823,40.9647568941846,0,0,0,185,151,0.1172746274670823,159.8542343737647
2577,3774,674624.784158359,4539369.65412214,674724.784158359,4539269.65412214,29,52,Sahrayıcedit Mahallesi,SAHRAYICEDIT,30112,0,0,0,2,0,0,0,8,29.0764589652327,40.9863625373025,0,0,0,144,230,0.0435526505198402,235.00855480978163
2578,3773,674624.784158359,4539469.65412214,674724.784158359,4539369.65412214,28,52,Sahrayıcedit Mahallesi,SAHRAYICEDIT,30112,0,0,0,2,0,0,0,7,29.0764872170695,40.9872627704688,0,0,0,144,230,0.0424598643602276,234.8828844014262
2579,3775,674624.784158359,4539269.65412214,674724.784158359,4539169.65412214,30,52,Sahrayıcedit Mahallesi,SAHRAYICEDIT,30112,0,0,0,1,0,0,0,7,29.0764307146752,40.9854623039792,0,0,0,144,232,0.0339096540873022,235.93351987412703
2580,3776,674624.784158359,4539169.65412214,674724.784158359,4539069.65412214,31,52,Sahrayıcedit Mahallesi,SAHRAYICEDIT,30112,0,0,0,1,0,0,0,7,29.0764024653969,40.9845620704987,0,0,0,144,171,0.0339096540873022,173.89927542446432
2581,3777,674624.784158359,4539069.65412214,674724.784158359,4538969.65412214,32,52,Sahrayıcedit Mahallesi,SAHRAYICEDIT,30112,0,0,0,0,0,0,0,4,29.0763742173978,40.9836618368612,0,0,0,144,169,0.0149322987445713,170.2617792439163
2582,3927,674824.784158359,4538469.65412214,674924.784158359,4538369.65412214,38,54,Sahrayıcedit Mahallesi,SAHRAYICEDIT,30112,0,8,0,2,0,0,0,6,29.0785804867089,40.9782176039071,0,0,0,144,240,0.0874296500861112,250.49155801033336
2583,3926,674824.784158359,4538569.65412214,674924.784158359,4538469.65412214,37,54,Sahrayıcedit Mahallesi,SAHRAYICEDIT,30112,0,9,0,4,0,0,0,6,29.0786087592923,40.979117837137,0,0,0,144,240,0.1004174231594667,252.050090779136
2584,4001,674924.784158359,4538269.65412214,675024.784158359,4538169.65412214,40,55,Sahrayıcedit Mahallesi,SAHRAYICEDIT,30112,0,9,0,3,0,0,0,6,29.0797117764311,40.9763957060674,0,0,0,144,246,0.0957119028899523,257.7725640554641
2585,4000,674924.784158359,4538369.65412214,675024.784158359,4538269.65412214,39,55,Sahrayıcedit Mahallesi,SAHRAYICEDIT,30112,0,8,0,3,0,0,0,7,29.0797400625815,40.9772959389358,0,0,0,144,229,0.0947350195859083,239.8471597425865
2586,3999,674924.784158359,4538469.65412214,675024.784158359,4538369.65412214,38,55,Sahrayıcedit Mahallesi,SAHRAYICEDIT,30112,0,8,0,2,0,0,0,6,29.0797683500128,40.9781961716471,0,0,0,144,229,0.0874296500861112,239.0106949348597
2587,3998,674924.784158359,4538569.65412214,675024.784158359,4538469.65412214,37,55,Sahrayıcedit Mahallesi,SAHRAYICEDIT,30112,0,9,0,3,0,0,0,4,29.079796638725,40.9790964042013,0,0,0,144,196,0.0925901273199439,205.0738324773545
2588,3925,674824.784158359,4538669.65412214,674924.784158359,4538569.65412214,36,54,Sahrayıcedit Mahallesi,SAHRAYICEDIT,30112,0,8,0,4,0,0,0,6,29.0786370331559,40.9800180702097,0,0,0,144,179,0.0982016410876955,187.78904687734877
2589,3853,674724.784158359,4538669.65412214,674824.784158359,4538569.65412214,36,53,Sahrayıcedit Mahallesi,SAHRAYICEDIT,30112,0,7,0,2,0,0,0,6,29.0774491363135,40.9800394915903,0,0,0,144,196,0.0849526164731231,204.32535641436607
2590,3997,674924.784158359,4538669.65412214,675024.784158359,4538569.65412214,36,55,Sahrayıcedit Mahallesi,SAHRAYICEDIT,30112,0,8,0,3,0,0,0,4,29.0798249287181,40.9799966365983,0,0,0,144,179,0.0903743452481727,187.08850389971147
2591,3924,674824.784158359,4538769.65412214,674924.784158359,4538669.65412214,35,54,Sahrayıcedit Mahallesi,SAHRAYICEDIT,30112,0,5,0,3,0,0,0,5,29.0786653082998,40.9809183031253,0,0,0,144,249,0.0835387918653988,259.4005795872422
2592,3852,674724.784158359,4538769.65412214,674824.784158359,4538669.65412214,35,53,Sahrayıcedit Mahallesi,SAHRAYICEDIT,30112,0,4,0,2,0,0,0,5,29.077477395327,40.9809397251813,0,0,0,144,241,0.0736380115314905,249.87338038954465
2593,3996,674924.784158359,4538769.65412214,675024.784158359,4538669.65412214,35,55,Sahrayıcedit Mahallesi,SAHRAYICEDIT,30112,0,5,0,3,0,0,0,2,29.0798532199922,40.9808968688382,0,0,0,144,252,0.0771078008379632,261.7155829055834
2594,3995,674924.784158359,4538869.65412214,675024.784158359,4538769.65412214,34,55,Sahrayıcedit Mahallesi,SAHRAYICEDIT,30112,0,5,0,2,0,0,0,2,29.0798815125474,40.9817971009209,0,0,0,144,176,0.0710413301058934,182.25163704931865
2595,3851,674724.784158359,4538869.65412214,674824.784158359,4538769.65412214,34,53,Sahrayıcedit Mahallesi,SAHRAYICEDIT,30112,0,3,0,2,0,0,0,3,29.0775056556202,40.9818399586151,0,0,0,144,248,0.0651833072532071,256.0827300993977
2596,3923,674824.784158359,4538869.65412214,674924.784158359,4538769.65412214,34,54,Sahrayıcedit Mahallesi,SAHRAYICEDIT,30112,0,3,0,1,0,0,0,4,29.078693584724,40.9818185358838,0,0,0,144,245,0.0587034136699817,252.1911681745728
2597,3850,674724.784158359,4538969.65412214,674824.784158359,4538869.65412214,33,53,Sahrayıcedit Mahallesi,SAHRAYICEDIT,30112,0,1,0,1,0,0,0,4,29.0775339171931,40.9827401918919,0,0,0,144,241,0.0441261967097741,246.31720670352777
2598,3922,674824.784158359,4538969.65412214,674924.784158359,4538869.65412214,33,54,Sahrayıcedit Mahallesi,SAHRAYICEDIT,30112,0,1,0,1,0,0,0,3,29.0787218624286,40.9827187684852,0,0,0,144,237,0.0420558800200741,241.9836217823788
2599,3994,674924.784158359,4538969.65412214,675024.784158359,4538869.65412214,33,55,Sahrayıcedit Mahallesi,SAHRAYICEDIT,30112,0,4,0,1,0,0,0,4,29.0799098063837,40.9826973328464,0,0,0,144,130,0.063396229354741,134.12075490805816
2600,3849,674724.784158359,4539069.65412214,674824.784158359,4538969.65412214,32,53,Sahrayıcedit Mahallesi,SAHRAYICEDIT,30112,0,0,0,1,0,0,0,5,29.0775621800457,40.9836404250115,0,0,0,144,234,0.0312405516533906,237.65514454344668
2601,3921,674824.784158359,4539069.65412214,674924.784158359,4538969.65412214,32,54,Sahrayıcedit Mahallesi,SAHRAYICEDIT,30112,0,0,0,1,0,0,0,7,29.0787501414137,40.9836190009294,0,0,0,144,240,0.0339096540873022,244.06915849047624
2602,3993,674924.784158359,4539069.65412214,675024.784158359,4538969.65412214,32,55,Sahrayıcedit Mahallesi,SAHRAYICEDIT,30112,0,0,0,1,0,0,0,6,29.0799381015012,40.9835975646148,0,0,0,144,191,0.032670755319575,194.1200571330194
2603,3848,674724.784158359,4539169.65412214,674824.784158359,4539069.65412214,31,53,Sahrayıcedit Mahallesi,SAHRAYICEDIT,30112,0,0,0,1,0,0,0,6,29.0775904441781,40.984540657974,0,0,0,144,221,0.032670755319575,224.61011846281303
2604,3920,674824.784158359,4539169.65412214,674924.784158359,4539069.65412214,31,54,Sahrayıcedit Mahallesi,SAHRAYICEDIT,30112,0,0,0,1,0,0,0,6,29.0787784216793,40.9845192332164,0,0,0,144,230,0.032670755319575,233.75713686175112
2605,3992,674924.784158359,4539169.65412214,675024.784158359,4539069.65412214,31,55,Sahrayıcedit Mahallesi,SAHRAYICEDIT,30112,0,0,0,0,0,0,0,6,29.0799663978999,40.9844977962261,0,0,0,144,191,0.0180540743145796,192.72416409704235
2606,3847,674724.784158359,4539269.65412214,674824.784158359,4539169.65412214,30,53,Sahrayıcedit Mahallesi,SAHRAYICEDIT,30112,0,0,0,1,0,0,0,8,29.0776187095903,40.9854408907794,0,0,0,144,226,0.0350024402469147,229.9552757479014
2607,3919,674824.784158359,4539269.65412214,674924.784158359,4539169.65412214,30,54,Sahrayıcedit Mahallesi,SAHRAYICEDIT,30112,0,0,0,1,0,0,0,6,29.0788067032255,40.9854194653463,0,0,0,144,132,0.032670755319575,134.1562698510919
2608,3991,674924.784158359,4539269.65412214,675024.784158359,4539169.65412214,30,55,Sahrayıcedit Mahallesi,SAHRAYICEDIT,30112,0,0,0,0,0,0,0,7,29.0799946955801,40.9853980276801,0,0,0,144,201,0.0192929730823068,202.93894379477183
2609,4073,675024.784158359,4538269.65412214,675124.784158359,4538169.65412214,40,56,Sahrayıcedit Mahallesi,SAHRAYICEDIT,30112,0,7,1,4,0,0,0,4,29.0808996061989,40.9763742629295,0,0,0,144,252,0.1750734840497499,274.05925899026846
2610,4072,675024.784158359,4538369.65412214,675124.784158359,4538269.65412214,39,56,Sahrayıcedit Mahallesi,SAHRAYICEDIT,30112,0,9,0,5,0,0,0,4,29.0809279084766,40.9772744951219,0,0,0,144,246,0.1011403375928694,258.4402615239229
2611,4071,675024.784158359,4538469.65412214,675124.784158359,4538369.65412214,38,56,Sahrayıcedit Mahallesi,SAHRAYICEDIT,30112,0,8,0,4,0,0,0,4,29.0809562120359,40.9781747271571,0,0,0,144,246,0.0950798655176871,257.6948234586755
2612,4070,675024.784158359,4538569.65412214,675124.784158359,4538469.65412214,37,56,Sahrayıcedit Mahallesi,SAHRAYICEDIT,30112,0,10,0,2,0,0,0,4,29.0809845168767,40.9790749590351,0,0,0,144,194,0.0885280752863699,202.58722330277783
2613,4069,675024.784158359,4538669.65412214,675124.784158359,4538569.65412214,36,56,Sahrayıcedit Mahallesi,SAHRAYICEDIT,30112,0,9,0,3,0,0,0,2,29.0810128229993,40.979975190756,0,0,0,144,226,0.0878507081963323,235.92713002618555
2614,4068,675024.784158359,4538769.65412214,675124.784158359,4538669.65412214,35,56,Sahrayıcedit Mahallesi,SAHRAYICEDIT,30112,0,7,0,3,0,0,0,3,29.0810411304035,40.9808754223197,0,0,0,144,224,0.0858269949454845,233.61262343389427
2615,4067,675024.784158359,4538869.65412214,675124.784158359,4538769.65412214,34,56,Sahrayıcedit Mahallesi,SAHRAYICEDIT,30112,0,6,0,2,0,0,0,3,29.0810694390896,40.9817756537263,0,0,0,144,102,0.0769522951159322,105.92456705091256
2616,4066,675024.784158359,4538969.65412214,675124.784158359,4538869.65412214,33,56,Sahrayıcedit Mahallesi,SAHRAYICEDIT,30112,0,6,0,1,0,0,0,2,29.0810977490575,40.9826758849757,0,0,0,144,107,0.0657329824090952,110.5167145588866
2619,4063,675024.784158359,4539269.65412214,675124.784158359,4539169.65412214,30,56,Sahrayıcedit Mahallesi,SAHRAYICEDIT,30112,0,0,0,0,0,0,0,7,29.0811826866532,40.9853765777808,0,0,0,144,182,0.0192929730823068,183.75566055048992
2620,4144,675124.784158359,4538369.65412214,675224.784158359,4538269.65412214,39,57,Sahrayıcedit Mahallesi,SAHRAYICEDIT,30112,0,7,0,6,0,0,0,4,29.0821157530901,40.9772530390782,0,0,0,144,255,0.0996981609887134,267.71151552606096
2621,4143,675124.784158359,4538469.65412214,675224.784158359,4538369.65412214,38,57,Sahrayıcedit Mahallesi,SAHRAYICEDIT,30112,0,3,0,6,0,0,0,5,29.0821440727773,40.978153270437,0,0,0,144,255,0.0868125159323298,266.06859578137204
2622,4142,675124.784158359,4538569.65412214,675224.784158359,4538469.65412214,37,57,Sahrayıcedit Mahallesi,SAHRAYICEDIT,30112,0,5,0,4,0,0,0,4,29.0821723937468,40.9790535016386,0,0,0,144,205,0.0865527402310893,213.87165587368668
2623,4141,675124.784158359,4538669.65412214,675224.784158359,4538569.65412214,36,57,Sahrayıcedit Mahallesi,SAHRAYICEDIT,30112,0,8,0,2,0,0,0,6,29.0822007159987,40.979953732683,0,0,0,144,248,0.0874296500861112,258.8412766106778
2624,4140,675124.784158359,4538769.65412214,675224.784158359,4538669.65412214,35,57,Sahrayıcedit Mahallesi,SAHRAYICEDIT,30112,0,9,0,3,0,0,0,4,29.0822290395331,40.9808539635702,0,0,0,144,245,0.0925901273199439,256.34229059669315
2625,4139,675124.784158359,4538869.65412214,675224.784158359,4538769.65412214,34,57,Sahrayıcedit Mahallesi,SAHRAYICEDIT,30112,0,9,0,2,0,0,0,3,29.08225736435,40.9817541943002,0,0,0,144,246,0.084453339898174,256.3877608074754
2626,4138,675124.784158359,4538969.65412214,675224.784158359,4538869.65412214,33,57,Sahrayıcedit Mahallesi,SAHRAYICEDIT,30112,0,8,0,0,0,0,0,4,29.0822856904494,40.982654424873,0,0,0,144,230,0.061140983238182,237.03121307239093
2627,4137,675124.784158359,4539069.65412214,675224.784158359,4538969.65412214,32,57,Sahrayıcedit Mahallesi,SAHRAYICEDIT,30112,0,4,0,0,0,0,0,6,29.0823140178316,40.9835546552886,0,0,0,144,163,0.0519013239197541,167.22995789945995
2628,4136,675124.784158359,4539169.65412214,675224.784158359,4539069.65412214,31,57,Sahrayıcedit Mahallesi,SAHRAYICEDIT,30112,0,0,0,0,0,0,0,5,29.0823423464965,40.9844548855471,0,0,0,144,163,0.0166238706483953,164.35484545784422
2629,4135,675124.784158359,4539269.65412214,675224.784158359,4539169.65412214,30,57,Sahrayıcedit Mahallesi,SAHRAYICEDIT,30112,0,0,0,0,0,0,0,5,29.0823706764442,40.9853551156483,0,0,0,144,179,0.0166238706483953,180.48783642303135
2630,3846,674724.784158359,4539369.65412214,674824.784158359,4539269.65412214,29,53,Sahrayıcedit Mahallesi,SAHRAYICEDIT,30112,0,0,0,1,0,0,0,8,29.0776469762826,40.9863411234276,0,0,0,144,227,0.0350024402469147,230.97277696802485
2631,3845,674724.784158359,4539469.65412214,674824.784158359,4539369.65412214,28,53,Sahrayıcedit Mahallesi,SAHRAYICEDIT,30112,0,0,0,1,1,0,0,6,29.0776752442548,40.9872413559188,0,0,0,144,224,0.354968792002279,263.75650470425524
2632,3917,674824.784158359,4539469.65412214,674924.784158359,4539369.65412214,28,54,Sahrayıcedit Mahallesi,SAHRAYICEDIT,30112,0,0,0,1,1,0,0,4,29.0788632701601,40.9872199291348,0,0,0,144,213,0.3518470164322706,250.4717072500368
2633,3916,674824.784158359,4539569.65412214,674924.784158359,4539469.65412214,27,54,Sahrayıcedit Mahallesi,SAHRAYICEDIT,30112,4,1,1,1,1,0,0,1,29.0788915555485,40.9881201607933,0,0,0,144,146,0.4771747084611336,180.83375371766277
2634,3918,674824.784158359,4539369.65412214,674924.784158359,4539269.65412214,29,54,Sahrayıcedit Mahallesi,SAHRAYICEDIT,30112,0,0,0,1,0,0,0,6,29.0788349860524,40.9863196973191,0,0,0,144,218,0.032670755319575,221.5611123298337
2635,3915,674824.784158359,4539669.65412214,674924.784158359,4539569.65412214,26,54,Sahrayıcedit Mahallesi,SAHRAYICEDIT,30112,4,1,1,0,1,0,0,1,29.0789198422178,40.9890203922946,0,0,0,144,209,0.4625580274561383,257.33731386916645
2636,3986,674924.784158359,4539769.65412214,675024.784158359,4539669.65412214,25,55,Sahrayıcedit Mahallesi,SAHRAYICEDIT,30112,4,1,1,0,1,0,0,1,29.0800502153413,40.9897244872418,0,0,0,144,190,0.4625580274561383,233.94301260833316
2637,3987,674924.784158359,4539669.65412214,675024.784158359,4539569.65412214,26,55,Sahrayıcedit Mahallesi,SAHRAYICEDIT,30112,4,1,1,0,1,0,0,1,29.0801078991152,40.9889989519249,0,0,0,144,190,0.4625580274561383,233.94301260833316
2638,3990,674924.784158359,4539369.65412214,675024.784158359,4539269.65412214,29,55,Sahrayıcedit Mahallesi,SAHRAYICEDIT,30112,0,0,0,1,0,0,0,6,29.0800229945416,40.9862982589771,0,0,0,144,224,0.032670755319575,227.6591245957924
2639,3989,674924.784158359,4539469.65412214,675024.784158359,4539369.65412214,28,55,Sahrayıcedit Mahallesi,SAHRAYICEDIT,30112,0,0,0,0,1,0,0,2,29.0800512947845,40.9871984901168,0,0,0,144,190,0.3324909163036637,221.58663704884805
2640,3988,674924.784158359,4539569.65412214,675024.784158359,4539469.65412214,27,55,Sahrayıcedit Mahallesi,SAHRAYICEDIT,30112,0,0,0,0,1,0,0,1,29.080079596309,40.9880987210994,0,0,0,144,190,0.3287290277101396,221.2292576324633
2641,4058,675024.784158359,4539769.65412214,675124.784158359,4539669.65412214,25,56,Sahrayıcedit Mahallesi,SAHRAYICEDIT,30112,0,0,0,0,1,0,0,1,29.0810086878279,40.989535879209,1,0,0,144,190,0.3287290277101396,221.2292576324633
2642,4059,675024.784158359,4539669.65412214,675124.784158359,4539569.65412214,26,56,Sahrayıcedit Mahallesi,SAHRAYICEDIT,30112,0,0,0,0,1,0,0,1,29.0812873257575,40.9889705414509,0,0,0,144,223,0.3287290277101396,259.65328658968053
2643,4060,675024.784158359,4539569.65412214,675124.784158359,4539469.65412214,27,56,Sahrayıcedit Mahallesi,SAHRAYICEDIT,30112,0,0,0,0,1,0,0,1,29.081267635788,40.9880772691713,0,0,0,144,235,0.3287290277101396,273.6256607559414
2644,4061,675024.784158359,4539469.65412214,675124.784158359,4539369.65412214,28,56,Sahrayıcedit Mahallesi,SAHRAYICEDIT,30112,0,0,0,0,1,0,0,4,29.0812393181275,40.987177038865,0,0,0,144,234,0.3372303354272753,273.4559492449912
2645,4062,675024.784158359,4539369.65412214,675124.784158359,4539269.65412214,29,56,Sahrayıcedit Mahallesi,SAHRAYICEDIT,30112,0,0,0,0,0,0,0,4,29.0812110017492,40.9862768084015,0,0,0,144,220,0.0149322987445713,221.64255286190283
2646,4131,675124.784158359,4539669.65412214,675224.784158359,4539569.65412214,26,57,Sahrayıcedit Mahallesi,SAHRAYICEDIT,30112,1,0,0,0,1,0,0,0,29.0824068984523,40.9888081343823,0,0,0,144,97,0.3381388074291058,113.39973216031164
2647,4133,675124.784158359,4539469.65412214,675224.784158359,4539369.65412214,28,57,Sahrayıcedit Mahallesi,SAHRAYICEDIT,30112,1,0,0,0,0,0,0,4,29.0824273401881,40.9871555753793,0,0,0,144,221,0.0307730694909731,224.40042417875256
2648,4134,675124.784158359,4539369.65412214,675224.784158359,4539269.65412214,29,57,Sahrayıcedit Mahallesi,SAHRAYICEDIT,30112,1,0,0,0,0,0,0,5,29.0823990076747,40.9862553455924,0,0,0,144,235,0.0324646413947971,238.81459536388869
2649,4132,675124.784158359,4539569.65412214,675224.784158359,4539469.65412214,27,57,Sahrayıcedit Mahallesi,SAHRAYICEDIT,30112,1,0,0,0,1,0,0,1,29.0824556739846,40.9880558050089,0,0,0,144,191,0.3445697984565414,223.9064157525997
2650,4203,675224.784158359,4539669.65412214,675324.784158359,4539569.65412214,26,58,Sahrayıcedit Mahallesi,SAHRAYICEDIT,30112,1,0,0,0,0,0,0,1,29.0834111221338,40.9886107843131,1,0,0,144,97,0.0222717617738374,98.08018044603112
2651,4204,675224.784158359,4539569.65412214,675324.784158359,4539469.65412214,27,58,Sahrayıcedit Mahallesi,SAHRAYICEDIT,30112,1,0,0,0,0,0,0,1,29.0836414103552,40.9880325807824,0,0,0,144,127,0.0222717617738374,128.41425687263867
2652,4205,675224.784158359,4539469.65412214,675324.784158359,4539369.65412214,28,58,Sahrayıcedit Mahallesi,SAHRAYICEDIT,30112,1,0,0,0,0,0,0,3,29.0836153609658,40.9871340996597,0,0,0,144,196,0.028702752801273,198.8128697745248
2653,4206,675224.784158359,4539369.65412214,675324.784158359,4539269.65412214,29,58,Sahrayıcedit Mahallesi,SAHRAYICEDIT,30112,1,0,0,0,0,0,0,4,29.0835870123172,40.9862338705499,0,0,0,144,240,0.0307730694909731,243.6927683389168
2654,4207,675224.784158359,4539269.65412214,675324.784158359,4539169.65412214,30,58,Sahrayıcedit Mahallesi,SAHRAYICEDIT,30112,1,0,0,0,0,0,0,5,29.0835586649523,40.9853336412828,0,0,0,144,235,0.0324646413947971,238.81459536388869
2655,4208,675224.784158359,4539169.65412214,675324.784158359,4539069.65412214,31,58,Sahrayıcedit Mahallesi,SAHRAYICEDIT,30112,0,0,0,1,0,0,0,5,29.0835303188709,40.9844334118586,0,0,0,144,207,0.0312405516533906,210.2333970961259
2656,4209,675224.784158359,4539069.65412214,675324.784158359,4538969.65412214,32,58,Sahrayıcedit Mahallesi,SAHRAYICEDIT,30112,0,7,0,1,0,0,0,5,29.0835019740731,40.9835331822771,0,0,0,144,207,0.0749722025340132,214.7596229622704
2657,4210,675224.784158359,4538969.65412214,675324.784158359,4538869.65412214,33,58,Sahrayıcedit Mahallesi,SAHRAYICEDIT,30112,0,9,0,1,0,0,0,4,29.0834736305587,40.9826329525384,0,0,0,144,246,0.0779734463149486,255.59073389673867
2658,4211,675224.784158359,4538869.65412214,675324.784158359,4538769.65412214,34,58,Sahrayıcedit Mahallesi,SAHRAYICEDIT,30112,0,9,0,1,0,0,0,2,29.0834452883277,40.9817327226425,0,0,0,144,254,0.0732340271913369,263.3007214532998
2659,4212,675224.784158359,4538769.65412214,675324.784158359,4538669.65412214,35,58,Sahrayıcedit Mahallesi,SAHRAYICEDIT,30112,0,9,0,1,0,0,0,4,29.0834169473801,40.9808324925894,0,0,0,144,245,0.0779734463149486,254.5517471735812
2660,4213,675224.784158359,4538669.65412214,675324.784158359,4538569.65412214,36,58,Sahrayıcedit Mahallesi,SAHRAYICEDIT,30112,0,8,0,3,0,0,0,5,29.0833886077157,40.9799322623791,0,0,0,144,252,0.0920659171519967,263.60030556115163
2661,4214,675224.784158359,4538569.65412214,675324.784158359,4538469.65412214,37,58,Sahrayıcedit Mahallesi,SAHRAYICEDIT,30112,0,7,0,5,0,0,0,6,29.0833602693344,40.9790320320116,0,0,0,144,251,0.0995692974781184,263.49594683350387
2662,4215,675224.784158359,4538469.65412214,675324.784158359,4538369.65412214,38,58,Sahrayıcedit Mahallesi,SAHRAYICEDIT,30112,0,0,0,6,0,0,0,5,29.0833319322364,40.9781318014869,0,0,0,144,259,0.0576580820119148,266.466721620543
2663,4276,675324.784158359,4539569.65412214,675424.784158359,4539469.65412214,27,59,Sahrayıcedit Mahallesi,SAHRAYICEDIT,30112,1,0,0,0,0,0,0,1,29.0847485652313,40.9878829341018,0,0,0,144,137,0.0222717617738374,138.52561568150784
2664,4277,675324.784158359,4539469.65412214,675424.784158359,4539369.65412214,28,59,Sahrayıcedit Mahallesi,SAHRAYICEDIT,30112,1,0,0,0,0,0,0,4,29.0848033804598,40.9871126117064,0,0,0,144,226,0.0307730694909731,229.47735685248
2665,4278,675324.784158359,4539369.65412214,675424.784158359,4539269.65412214,29,59,Sahrayıcedit Mahallesi,SAHRAYICEDIT,30112,1,0,0,0,0,0,0,5,29.0847750156761,40.986212383274,0,0,0,144,246,0.0324646413947971,249.99315089156008
2666,4279,675324.784158359,4539269.65412214,675424.784158359,4539169.65412214,30,59,Sahrayıcedit Mahallesi,SAHRAYICEDIT,30112,1,0,0,1,0,0,0,6,29.0847466521768,40.9853121546843,0,0,0,144,187,0.0485115260659768,191.53582768716885
2667,4280,675324.784158359,4539169.65412214,675424.784158359,4539069.65412214,31,59,Sahrayıcedit Mahallesi,SAHRAYICEDIT,30112,0,0,0,1,0,0,0,5,29.0847182899618,40.9844119259374,0,0,0,144,251,0.0312405516533906,254.9206892325005
2668,4281,675324.784158359,4539069.65412214,675424.784158359,4538969.65412214,32,59,Sahrayıcedit Mahallesi,SAHRAYICEDIT,30112,0,7,0,1,0,0,0,5,29.0846899290311,40.9835116970333,0,0,0,144,251,0.0749722025340132,260.4090114180187
2669,4282,675324.784158359,4538969.65412214,675424.784158359,4538869.65412214,33,59,Sahrayıcedit Mahallesi,SAHRAYICEDIT,30112,0,9,0,1,0,0,0,5,29.0846615693846,40.982611467972,0,0,0,144,245,0.0796650182187726,254.75896473179964
2670,4283,675324.784158359,4538869.65412214,675424.784158359,4538769.65412214,34,59,Sahrayıcedit Mahallesi,SAHRAYICEDIT,30112,0,9,0,1,0,0,0,5,29.0846332110222,40.9817112387534,0,0,0,144,251,0.0796650182187726,260.997959786456
2671,4284,675324.784158359,4538769.65412214,675424.784158359,4538669.65412214,35,59,Sahrayıcedit Mahallesi,SAHRAYICEDIT,30112,0,10,0,1,0,0,0,5,29.0846048539438,40.9808110093776,0,0,0,144,246,0.0816694369172684,256.04534074082403
2672,4285,675324.784158359,4538669.65412214,675424.784158359,4538569.65412214,36,59,Sahrayıcedit Mahallesi,SAHRAYICEDIT,30112,0,11,0,2,0,0,0,5,29.0845764981494,40.9799107798446,0,0,0,144,241,0.0920495380935365,252.0919693402712
2673,4286,675324.784158359,4538569.65412214,675424.784158359,4538469.65412214,37,59,Sahrayıcedit Mahallesi,SAHRAYICEDIT,30112,0,6,0,3,0,0,0,6,29.084548143639,40.9790105501544,0,0,0,144,241,0.0882108581077105,251.6294084019791
2674,4348,675424.784158359,4539569.65412214,675524.784158359,4539469.65412214,27,60,Sahrayıcedit Mahallesi,SAHRAYICEDIT,30112,1,0,0,0,0,0,0,3,29.0857134036661,40.9876677218797,1,0,0,144,118,0.028702752801273,119.69346241527508
2675,4349,675424.784158359,4539469.65412214,675524.784158359,4539369.65412214,28,60,Sahrayıcedit Mahallesi,SAHRAYICEDIT,30112,2,0,0,0,0,0,0,3,29.0859829159733,40.9870844276512,0,0,0,144,179,0.0379690096704388,182.39822636550429
2676,4350,675424.784158359,4539369.65412214,675524.784158359,4539269.65412214,29,60,Sahrayıcedit Mahallesi,SAHRAYICEDIT,30112,2,0,0,0,0,0,0,7,29.0859630177506,40.9861908837646,0,0,0,144,243,0.0444000006978744,248.39460008479176
2677,4351,675424.784158359,4539269.65412214,675524.784158359,4539169.65412214,30,60,Sahrayıcedit Mahallesi,SAHRAYICEDIT,30112,2,0,0,1,0,0,0,8,29.085934638117,40.9852906558528,0,0,0,144,240,0.0601094678624823,247.21313614349788
2678,4352,675424.784158359,4539169.65412214,675524.784158359,4539069.65412214,31,60,Sahrayıcedit Mahallesi,SAHRAYICEDIT,30112,1,0,0,1,0,0,0,7,29.0859062597685,40.9843904277837,0,0,0,144,249,0.049750424833704,255.19392789179616
2679,4353,675424.784158359,4539069.65412214,675524.784158359,4538969.65412214,32,60,Sahrayıcedit Mahallesi,SAHRAYICEDIT,30112,0,5,0,1,0,0,0,5,29.085877882705,40.9834901995573,0,0,0,144,238,0.0689221108604035,246.201731192388
2680,4354,675424.784158359,4538969.65412214,675524.784158359,4538869.65412214,33,60,Sahrayıcedit Mahallesi,SAHRAYICEDIT,30112,0,7,0,1,0,0,0,5,29.0858495069263,40.9825899711737,0,0,0,144,238,0.0749722025340132,246.9216921015476
2681,4355,675424.784158359,4538869.65412214,675524.784158359,4538769.65412214,34,60,Sahrayıcedit Mahallesi,SAHRAYICEDIT,30112,0,9,0,1,0,0,0,5,29.0858211324326,40.9816897426328,0,0,0,144,241,0.0796650182187726,250.59963469536208
2682,4356,675424.784158359,4538769.65412214,675524.784158359,4538669.65412214,35,60,Sahrayıcedit Mahallesi,SAHRAYICEDIT,30112,0,9,0,1,0,0,0,5,29.0857927592236,40.9807895139347,0,0,0,144,241,0.0796650182187726,250.59963469536208
2683,4357,675424.784158359,4538669.65412214,675524.784158359,4538569.65412214,36,60,Sahrayıcedit Mahallesi,SAHRAYICEDIT,30112,0,8,0,0,0,0,0,7,29.0857643872993,40.9798892850794,0,0,0,144,240,0.0655016575759176,247.8601989091101
2684,4358,675424.784158359,4538569.65412214,675524.784158359,4538469.65412214,37,60,Sahrayıcedit Mahallesi,SAHRAYICEDIT,30112,0,6,0,3,0,0,0,6,29.0857360166597,40.9789890560668,0,0,0,144,259,0.0882108581077105,270.4233061249485
2685,4359,675424.784158359,4538469.65412214,675524.784158359,4538369.65412214,38,60,Sahrayıcedit Mahallesi,SAHRAYICEDIT,30112,0,2,0,3,0,0,0,5,29.0857076473046,40.978088826897,0,0,0,144,276,0.0689615749051913,285.5166973369164
2686,4421,675524.784158359,4539469.65412214,675624.784158359,4539369.65412214,28,61,Sahrayıcedit Mahallesi,SAHRAYICEDIT,30112,2,0,0,0,0,0,0,4,29.0870515060473,40.9868929406979,0,0,0,144,152,0.0400393263601389,155.04298880337058
2687,4422,675524.784158359,4539369.65412214,675624.784158359,4539269.65412214,29,61,Sahrayıcedit Mahallesi,SAHRAYICEDIT,30112,2,0,0,0,0,0,0,7,29.08715101854,40.986169372022,0,0,0,144,227,0.0444000006978744,232.0394000792088
2688,4423,675524.784158359,4539269.65412214,675624.784158359,4539169.65412214,30,61,Sahrayıcedit Mahallesi,SAHRAYICEDIT,30112,1,0,0,1,0,0,1,8,29.0871226227722,40.9852691447883,0,0,0,144,240,0.1035141606640831,252.42169927969
2689,4424,675524.784158359,4539169.65412214,675624.784158359,4539069.65412214,31,61,Sahrayıcedit Mahallesi,SAHRAYICEDIT,30112,1,0,0,1,0,0,1,8,29.0870942282902,40.9843689173973,0,0,0,144,249,0.1035141606640831,261.8875130026784
2690,4425,675524.784158359,4539069.65412214,675624.784158359,4538969.65412214,32,61,Sahrayıcedit Mahallesi,SAHRAYICEDIT,30112,1,3,0,1,0,0,0,7,29.0870658350939,40.9834686898491,0,0,0,144,248,0.0789048587541191,257.7842024855108
2691,4426,675524.784158359,4538969.65412214,675624.784158359,4538869.65412214,33,61,Sahrayıcedit Mahallesi,SAHRAYICEDIT,30112,0,4,0,1,0,0,0,4,29.0870374431833,40.9825684621436,0,0,0,144,248,0.063396229354741,255.86113243998787
2692,4427,675524.784158359,4538869.65412214,675624.784158359,4538769.65412214,34,61,Sahrayıcedit Mahallesi,SAHRAYICEDIT,30112,0,8,0,1,0,1,0,6,29.0870090525582,40.9816682342808,0,0,0,144,246,0.1494614260413496,264.383755403086
2693,4428,675524.784158359,4538769.65412214,675624.784158359,4538669.65412214,35,61,Sahrayıcedit Mahallesi,SAHRAYICEDIT,30112,0,8,0,1,0,1,0,5,29.0869806632186,40.9807680062608,0,0,0,144,249,0.1480312223751653,267.4298871857081
2694,4493,675624.784158359,4539469.65412214,675724.784158359,4539369.65412214,28,62,Sahrayıcedit Mahallesi,SAHRAYICEDIT,30112,2,0,0,0,0,0,0,5,29.0878838040693,40.9866678686622,1,0,0,144,227,0.0417308982639629,231.7364569529598
2695,4494,675624.784158359,4539369.65412214,675724.784158359,4539269.65412214,29,62,Sahrayıcedit Mahallesi,SAHRAYICEDIT,30112,2,0,0,0,0,0,1,5,29.0882759300026,40.9860901734564,0,0,0,144,130,0.0944018479347295,136.13612011575742
2696,4499,675624.784158359,4538869.65412214,675724.784158359,4538769.65412214,34,62,Sahrayıcedit Mahallesi,SAHRAYICEDIT,30112,0,8,0,1,0,1,0,4,29.0881969713983,40.9816467136975,0,0,0,144,255,0.1463396504713413,273.65830543509605
2697,4497,675624.784158359,4539069.65412214,675724.784158359,4538969.65412214,32,62,Sahrayıcedit Mahallesi,SAHRAYICEDIT,30112,2,1,0,1,0,0,1,7,29.0882537861972,40.9834471679087,0,1,0,144,262,0.1262648483338439,278.5406951317336
2698,4496,675624.784158359,4539169.65412214,675724.784158359,4539069.65412214,31,62,Sahrayıcedit Mahallesi,SAHRAYICEDIT,30112,2,0,0,1,0,0,1,7,29.0882821955262,40.9843473947785,0,0,0,144,254,0.1116876313736364,268.1843291844518
2699,4495,675624.784158359,4539269.65412214,675724.784158359,4539169.65412214,30,62,Sahrayıcedit Mahallesi,SAHRAYICEDIT,30112,2,0,0,0,0,0,1,7,29.0883106061416,40.9852476214909,0,0,0,144,204,0.097070950368641,213.9012369376014
2700,4498,675624.784158359,4538969.65412214,675724.784158359,4538869.65412214,33,62,Sahrayıcedit Mahallesi,SAHRAYICEDIT,30112,0,5,0,1,0,1,1,6,29.0882253781546,40.9825469408817,0,0,0,144,262,0.1936052504255185,287.3622878057429
2701,4566,675724.784158359,4539369.65412214,675824.784158359,4539269.65412214,29,63,Sahrayıcedit Mahallesi,SAHRAYICEDIT,30112,2,0,0,0,0,0,1,5,29.0891807532246,40.9858384244069,1,0,0,144,113,0.0944018479347295,118.33370440831222
2702,4567,675724.784158359,4539269.65412214,675824.784158359,4539169.65412214,30,63,Sahrayıcedit Mahallesi,SAHRAYICEDIT,30112,2,0,0,0,0,0,1,6,29.0894742637381,40.9852074619651,0,1,0,144,113,0.0958320516009139,118.41451091545164
2703,4570,675724.784158359,4538969.65412214,675824.784158359,4538869.65412214,33,63,Sahrayıcedit Mahallesi,SAHRAYICEDIT,30112,1,3,1,1,0,1,1,5,29.0894133118396,40.9825254073882,0,1,0,144,218,0.2819593443641889,248.73356853569655
2704,4569,675724.784158359,4539069.65412214,675824.784158359,4538969.65412214,32,63,Sahrayıcedit Mahallesi,SAHRAYICEDIT,30112,2,2,1,0,0,0,1,6,29.0894417360141,40.9834256337363,0,1,0,144,218,0.2014070459927701,239.953368013212
2705,4568,675724.784158359,4539169.65412214,675824.784158359,4539069.65412214,31,63,Sahrayıcedit Mahallesi,SAHRAYICEDIT,30112,2,0,0,0,0,0,1,6,29.0894701614757,40.9843258599271,0,1,0,144,254,0.0958320516009139,266.1706705533161
2706,4571,675724.784158359,4538869.65412214,675824.784158359,4538769.65412214,34,63,Sahrayıcedit Mahallesi,SAHRAYICEDIT,30112,0,5,0,0,0,1,0,5,29.0893848889521,40.9816251808828,0,1,0,144,220,0.1248874160835721,233.73761576919296
2707,4639,675824.784158359,4539269.65412214,675924.784158359,4539169.65412214,30,64,Sahrayıcedit Mahallesi,SAHRAYICEDIT,30112,2,0,0,0,0,0,1,5,29.0904153915097,40.984979369166,0,1,0,144,137,0.0944018479347295,143.46652658352895
2708,4640,675824.784158359,4539169.65412214,675924.784158359,4539069.65412214,31,64,Sahrayıcedit Mahallesi,SAHRAYICEDIT,30112,2,0,1,0,0,0,1,4,29.0906499452811,40.9842983498409,0,1,0,144,229,0.1751809281759564,249.058216276147
2709,4643,675824.784158359,4538869.65412214,675924.784158359,4538769.65412214,34,64,Sahrayıcedit Mahallesi,SAHRAYICEDIT,30112,0,2,1,0,0,1,0,5,29.090572805219,40.9816036358368,0,1,0,144,259,0.1927808512684155,283.9651202392598
2710,4642,675824.784158359,4538969.65412214,675924.784158359,4538869.65412214,33,64,Sahrayıcedit Mahallesi,SAHRAYICEDIT,30112,1,2,1,0,0,1,1,3,29.0906012442376,40.9825038616629,0,1,0,144,262,0.2575306830920599,295.73651948505983
2711,4641,675824.784158359,4539069.65412214,675924.784158359,4538969.65412214,32,64,Sahrayıcedit Mahallesi,SAHRAYICEDIT,30112,1,2,1,0,0,1,1,6,29.0906296845439,40.9834040873318,0,1,0,144,262,0.2627227753517683,296.41668357108165
2712,4712,675924.784158359,4539169.65412214,676024.784158359,4539069.65412214,31,65,Sahrayıcedit Mahallesi,SAHRAYICEDIT,30112,1,0,1,0,0,0,1,3,29.0915989069561,40.9840867952051,0,1,0,144,205,0.1638443546170905,221.79404634825175
2713,4713,675924.784158359,4539069.65412214,676024.784158359,4538969.65412214,32,65,Sahrayıcedit Mahallesi,SAHRAYICEDIT,30112,1,2,1,0,0,0,1,4,29.0918145295354,40.9833802761937,0,1,1,144,216,0.189019013553596,236.4140534637884
2714,4715,675924.784158359,4538869.65412214,676024.784158359,4538769.65412214,34,65,Sahrayıcedit Mahallesi,SAHRAYICEDIT,30112,0,2,1,1,0,1,0,3,29.0917607201982,40.9815820785595,0,1,0,144,216,0.2036356436798867,237.9926495174277
2715,4714,675924.784158359,4538969.65412214,676024.784158359,4538869.65412214,33,65,Sahrayıcedit Mahallesi,SAHRAYICEDIT,30112,1,2,1,0,0,1,1,3,29.0917891753478,40.982482303706,0,1,0,144,216,0.2575306830920599,243.81331377394247
2716,4785,676024.784158359,4539069.65412214,676124.784158359,4538969.65412214,32,66,Sahrayıcedit Mahallesi,SAHRAYICEDIT,30112,1,2,1,0,0,0,1,1,29.0927303792577,40.9831922265953,0,1,0,144,132,0.1805177058364603,143.9141685852064
2717,4786,676024.784158359,4538969.65412214,676124.784158359,4538869.65412214,33,66,Sahrayıcedit Mahallesi,SAHRAYICEDIT,30112,0,2,1,0,0,0,0,3,29.0929662213145,40.9824530405349,0,1,0,144,110,0.1184369764467275,116.51403370457
2718,4787,676024.784158359,4538869.65412214,676124.784158359,4538769.65412214,34,66,Sahrayıcedit Mahallesi,SAHRAYICEDIT,30112,0,2,1,1,0,1,0,3,29.092948633889,40.9815605090511,0,1,0,144,110,0.2036356436798867,121.19996040239376
2719,4858,676124.784158359,4538969.65412214,676224.784158359,4538869.65412214,33,67,Sahrayıcedit Mahallesi,SAHRAYICEDIT,30112,0,2,1,0,0,0,0,2,29.0937997623228,40.9822363208623,1,1,0,144,44,0.1157678740128159,46.546893228281945
2720,4859,676124.784158359,4538869.65412214,676224.784158359,4538769.65412214,34,67,Sahrayıcedit Mahallesi,SAHRAYICEDIT,30112,0,2,1,1,0,0,0,2,29.0940796391426,40.9815035293939,0,0,0,144,44,0.1303845550178112,46.868460210391845
2721,169,669624.784158359,4539869.65412214,669724.784158359,4539769.65412214,24,2,Caferağa Mahallesi,CAFERAGA,21350,0,0,0,0,0,0,2,0,29.0167985725743,40.9916560786396,1,0,0,152,25,0.0834814801055364,26.043518501319205
2722,241,669724.784158359,4539869.65412214,669824.784158359,4539769.65412214,24,3,Caferağa Mahallesi,CAFERAGA,21350,3,0,0,0,0,0,6,1,29.0185345618121,40.9915403954742,1,0,0,152,18,0.1859785823279143,19.673807240951227
2723,453,670024.784158359,4540269.65412214,670124.784158359,4540169.65412214,20,6,Rasimpaşa Mahallesi,RASIMPASA,12086,3,1,0,0,0,1,6,4,29.0226111886008,40.995268994898,1,0,0,108,27,0.2796390932334214,30.775127758651188
2724,526,670124.784158359,4540169.65412214,670224.784158359,4540069.65412214,21,7,Rasimpaşa Mahallesi,RASIMPASA,12086,8,1,0,0,0,0,6,7,29.0231722132665,40.9949015846443,1,0,0,108,27,0.2319502950813246,30.13132898359788
2725,527,670124.784158359,4540069.65412214,670224.784158359,4539969.65412214,22,7,Rasimpaşa Mahallesi,RASIMPASA,12086,16,5,0,0,0,1,7,9,29.0235825046333,40.9936693345942,1,1,0,108,24,0.3523882460221665,28.228658952266
2726,616,670224.784158359,4538369.65412214,670324.784158359,4538269.65412214,39,8,Caferağa Mahallesi,CAFERAGA,21350,0,0,0,0,0,0,1,0,29.0236919851748,40.9786727456093,1,1,0,152,29,0.0526709496707666,29.763728770226116
2727,687,670324.784158359,4538469.65412214,670424.784158359,4538369.65412214,38,9,Caferağa Mahallesi,CAFERAGA,21350,0,0,0,0,0,0,1,0,29.0250837349134,40.9791668166642,1,1,0,152,57,0.0526709496707666,58.50112206561685
2728,1188,671024.784158359,4538769.65412214,671124.784158359,4538669.65412214,35,16,Caferağa Mahallesi,CAFERAGA,21350,0,0,0,3,0,0,0,0,29.0333669996564,40.9818083357388,0,0,0,152,36,0.0292333620099906,36.52620051617983
2729,1199,671024.784158359,4537669.65412214,671124.784158359,4537569.65412214,46,16,Fenerbahçe Mahallesi,FENERBAHCE,20571,0,0,0,0,0,0,0,0,29.0335030606721,40.9716945156286,1,0,0,213,10,0.0,10.0
2730,1337,671224.784158359,4538269.65412214,671324.784158359,4538169.65412214,40,18,Fenerbahçe Mahallesi,FENERBAHCE,20571,0,0,0,0,0,0,0,0,29.035976421115,40.9770615478731,1,0,0,213,4,0.0,4.0
2731,1338,671224.784158359,4538169.65412214,671324.784158359,4538069.65412214,41,18,Fenerbahçe Mahallesi,FENERBAHCE,20571,0,0,0,0,0,0,0,0,29.0351959389218,40.9763807868506,1,0,0,213,4,0.0,4.0
2732,1341,671224.784158359,4537869.65412214,671324.784158359,4537769.65412214,44,18,Fenerbahçe Mahallesi,FENERBAHCE,20571,0,0,0,0,0,0,0,0,29.0357628174693,40.9739384003116,1,0,0,213,64,0.0,64.0
2733,1413,671324.784158359,4537869.65412214,671424.784158359,4537769.65412214,44,19,Fenerbahçe Mahallesi,FENERBAHCE,20571,0,0,0,0,0,0,0,1,29.0370273677715,40.9739919800603,1,0,0,213,64,0.0064309910274356,64.20579171287794
2734,1417,671324.784158359,4537469.65412214,671424.784158359,4537369.65412214,48,19,Fenerbahçe Mahallesi,FENERBAHCE,20571,1,0,0,0,0,0,0,1,29.0367427828774,40.9696490269625,1,0,0,213,39,0.0222717617738374,39.43429935458983
2735,1491,671424.784158359,4537269.65412214,671524.784158359,4537169.65412214,50,20,Fenerbahçe Mahallesi,FENERBAHCE,20571,0,0,0,0,0,0,0,2,29.038313382054,40.9683812538394,1,0,0,213,56,0.0101928796209596,56.28540062938687
2736,2283,672524.784158359,4537269.65412214,672624.784158359,4537169.65412214,50,31,Caddebostan Mahallesi,CADDEBOSTAN,20209,0,1,1,0,0,0,0,2,29.0511572962857,40.9680503701926,1,0,0,185,49,0.107240748726218,51.627398343792336
2737,2647,673024.784158359,4536869.65412214,673124.784158359,4536769.65412214,54,36,Caddebostan Mahallesi,CADDEBOSTAN,20209,0,0,0,1,0,0,0,0,29.0564941574686,40.9643320271134,1,0,0,185,9,0.0146166810049953,9.065775064522478
2738,3517,674224.784158359,4536269.65412214,674324.784158359,4536169.65412214,60,48,Suadiye Mahallesi,SUADIYE,25697,0,0,0,0,0,0,0,1,29.0710957649053,40.9586093764834,1,0,0,160,46,0.0064309910274356,46.14791279363102
2739,3807,674624.784158359,4536069.65412214,674724.784158359,4535969.65412214,62,52,Suadiye Mahallesi,SUADIYE,25697,0,0,0,0,0,0,0,2,29.0751692256608,40.9568116316123,1,0,0,160,18,0.0101928796209596,18.09173591658864
2740,3952,674824.784158359,4535969.65412214,674924.784158359,4535869.65412214,63,54,Suadiye Mahallesi,SUADIYE,25697,0,0,0,0,0,0,0,1,29.0782611244962,40.9557444862536,1,0,0,160,17,0.0064309910274356,17.054663423733203
